index,group,id,g1,g11,m,k,error,winner,log_error
1692,Grp. B2 nude (80% C1; 20% C11),460,0.166,0.142,-0.025,-0.01,8686.370697212926,0.0,9.069510489735675
868,Grp. B2 nude (80% C1; 20% C11),460,0.166,0.141,-0.025,-0.01,8704.985180564952,0.0,9.071651149795896
8,Grp. B2 nude (80% C1; 20% C11),460,0.166,0.127,-0.02,-0.01,8749.460075480125,0.0,9.076747271788374
1688,Grp. B2 nude (80% C1; 20% C11),460,0.166,0.142,-0.025,-0.015,8805.163177115384,0.0,9.083093553082877
864,Grp. B2 nude (80% C1; 20% C11),460,0.166,0.141,-0.025,-0.015,8828.586690484135,0.0,9.085750223084588
44,Grp. B2 nude (80% C1; 20% C11),460,0.166,0.127,-0.025,-0.01,8829.33056245789,0.0,9.085834476732801
4,Grp. B2 nude (80% C1; 20% C11),460,0.166,0.127,-0.02,-0.015,8845.601426855115,0.0,9.087675600534943
1792,Grp. B2 nude (80% C1; 20% C11),460,0.166,0.142,-0.03,-0.01,8847.622736161899,0.0,9.087904084535028
936,Grp. B2 nude (80% C1; 20% C11),460,0.166,0.141,-0.03,-0.01,8881.174482000424,0.0,9.091689088726971
48,Grp. B2 nude (80% C1; 20% C11),460,0.166,0.127,-0.025,-0.005,9000.428078688868,0.0,9.105027419485975
1696,Grp. B2 nude (80% C1; 20% C11),460,0.166,0.142,-0.025,-0.005,9009.947457988615,0.0,9.106084519063584
1796,Grp. B2 nude (80% C1; 20% C11),460,0.166,0.142,-0.03,-0.005,9010.330179134304,0.0,9.106126995783805
872,Grp. B2 nude (80% C1; 20% C11),460,0.166,0.141,-0.025,-0.005,9018.82000953164,0.0,9.107068785156683
40,Grp. B2 nude (80% C1; 20% C11),460,0.166,0.127,-0.025,-0.015,9026.649736504123,0.0,9.107936562784422
940,Grp. B2 nude (80% C1; 20% C11),460,0.166,0.141,-0.03,-0.005,9040.369048657903,0.0,9.10945527651953
1788,Grp. B2 nude (80% C1; 20% C11),460,0.166,0.142,-0.03,-0.015,9053.494117729642,0.0,9.110906052537135
932,Grp. B2 nude (80% C1; 20% C11),460,0.166,0.141,-0.03,-0.015,9085.010029202267,0.0,9.114381084759467
12,Grp. B2 nude (80% C1; 20% C11),460,0.166,0.127,-0.02,-0.005,9092.271975513571,0.0,9.115180098241874
9684,Grp. B2 nude (80% C1; 20% C11),460,0.171,0.142,-0.025,-0.025,9104.451411416278,0.0,9.116518738991912
8852,Grp. B2 nude (80% C1; 20% C11),460,0.171,0.141,-0.025,-0.025,9131.837438189812,0.0,9.119522206154164
9680,Grp. B2 nude (80% C1; 20% C11),460,0.171,0.142,-0.025,-0.03,9143.8970493797,0.0,9.120841946594522
8848,Grp. B2 nude (80% C1; 20% C11),460,0.171,0.141,-0.025,-0.03,9167.789508782604,0.0,9.12345147935223
7668,Grp. B2 nude (80% C1; 20% C11),460,0.171,0.127,-0.02,-0.025,9173.479239665712,0.0,9.124071908739493
7664,Grp. B2 nude (80% C1; 20% C11),460,0.171,0.127,-0.02,-0.03,9177.47546905847,0.0,9.124507442423639
76,Grp. B2 nude (80% C1; 20% C11),460,0.166,0.127,-0.03,-0.01,9318.995132300512,0.0,9.139810083444122
1880,Grp. B2 nude (80% C1; 20% C11),460,0.166,0.142,-0.035,-0.01,9336.277229473544,0.0,9.141662868199202
1684,Grp. B2 nude (80% C1; 20% C11),460,0.166,0.142,-0.025,-0.02,9349.850750281055,0.0,9.143115659618545
992,Grp. B2 nude (80% C1; 20% C11),460,0.166,0.141,-0.035,-0.01,9356.99248930669,0.0,9.143879202593823
0,Grp. B2 nude (80% C1; 20% C11),460,0.166,0.127,-0.02,-0.02,9363.010046808202,0.0,9.144522103971337
860,Grp. B2 nude (80% C1; 20% C11),460,0.166,0.141,-0.025,-0.02,9373.50443745606,0.0,9.145642311441526
8012,Grp. B2 nude (80% C1; 20% C11),460,0.171,0.127,-0.025,-0.03,9392.256289591183,0.0,9.147640829769584
8016,Grp. B2 nude (80% C1; 20% C11),460,0.171,0.127,-0.025,-0.025,9408.950338359213,0.0,9.149416678893061
80,Grp. B2 nude (80% C1; 20% C11),460,0.166,0.127,-0.03,-0.005,9426.93555627961,0.0,9.151326355293396
1884,Grp. B2 nude (80% C1; 20% C11),460,0.166,0.142,-0.035,-0.005,9441.485660411958,0.0,9.152868626037653
10060,Grp. B2 nude (80% C1; 20% C11),460,0.171,0.142,-0.03,-0.03,9442.339076754488,0.0,9.152959012000773
10064,Grp. B2 nude (80% C1; 20% C11),460,0.171,0.142,-0.03,-0.025,9449.205005527738,0.0,9.153685890549783
996,Grp. B2 nude (80% C1; 20% C11),460,0.166,0.141,-0.035,-0.005,9461.940246739,0.0,9.155032741093896
9192,Grp. B2 nude (80% C1; 20% C11),460,0.171,0.141,-0.03,-0.03,9484.431694217092,0.0,9.157406964308073
9196,Grp. B2 nude (80% C1; 20% C11),460,0.171,0.141,-0.03,-0.025,9501.555984777213,0.0,9.15921085204815
72,Grp. B2 nude (80% C1; 20% C11),460,0.166,0.127,-0.03,-0.015,9510.853287586096,0.0,9.160188876812585
1876,Grp. B2 nude (80% C1; 20% C11),460,0.166,0.142,-0.035,-0.015,9530.549344746458,0.0,9.162257638716865
1800,Grp. B2 nude (80% C1; 20% C11),460,0.166,0.142,-0.03,0.0,9545.031634578188,0.0,9.163776050410846
52,Grp. B2 nude (80% C1; 20% C11),460,0.166,0.127,-0.025,0.0,9545.079432654416,0.0,9.16378105803768
988,Grp. B2 nude (80% C1; 20% C11),460,0.166,0.141,-0.035,-0.015,9547.257325365976,0.0,9.16400920116637
9688,Grp. B2 nude (80% C1; 20% C11),460,0.171,0.142,-0.025,-0.02,9554.549605596054,0.0,9.164772718524775
944,Grp. B2 nude (80% C1; 20% C11),460,0.166,0.141,-0.03,0.0,9566.12091007709,0.0,9.165983063725186
8856,Grp. B2 nude (80% C1; 20% C11),460,0.171,0.141,-0.025,-0.02,9580.474813812642,0.0,9.167482432765159
36,Grp. B2 nude (80% C1; 20% C11),460,0.166,0.127,-0.025,-0.02,9587.812567855108,0.0,9.168248046745667
104,Grp. B2 nude (80% C1; 20% C11),460,0.166,0.127,-0.035,-0.01,9605.854626539594,0.0,9.17012804849997
1784,Grp. B2 nude (80% C1; 20% C11),460,0.166,0.142,-0.03,-0.02,9624.269768404602,0.0,9.172043288060143
1964,Grp. B2 nude (80% C1; 20% C11),460,0.166,0.142,-0.04,-0.01,9629.146981924136,0.0,9.172549921629352
1048,Grp. B2 nude (80% C1; 20% C11),460,0.166,0.141,-0.04,-0.01,9644.443135672302,0.0,9.174137187610032
7660,Grp. B2 nude (80% C1; 20% C11),460,0.171,0.127,-0.02,-0.035,9644.681061813162,0.0,9.174161857070235
928,Grp. B2 nude (80% C1; 20% C11),460,0.166,0.141,-0.03,-0.02,9647.955476753772,0.0,9.174501304191992
7672,Grp. B2 nude (80% C1; 20% C11),460,0.171,0.127,-0.02,-0.02,9653.203760695156,0.0,9.175045135161538
9676,Grp. B2 nude (80% C1; 20% C11),460,0.171,0.142,-0.025,-0.035,9653.464689351667,0.0,9.175072165061305
8844,Grp. B2 nude (80% C1; 20% C11),460,0.171,0.141,-0.025,-0.035,9669.317899069076,0.0,9.176713048117556
108,Grp. B2 nude (80% C1; 20% C11),460,0.166,0.127,-0.035,-0.005,9705.98143296897,0.0,9.180497617019686
1968,Grp. B2 nude (80% C1; 20% C11),460,0.166,0.142,-0.04,-0.005,9726.78701601058,0.0,9.18263890646549
1052,Grp. B2 nude (80% C1; 20% C11),460,0.166,0.141,-0.04,-0.005,9741.84065727657,0.0,9.18418535796877
100,Grp. B2 nude (80% C1; 20% C11),460,0.166,0.127,-0.035,-0.015,9748.348531268535,0.0,9.184853168236886
1960,Grp. B2 nude (80% C1; 20% C11),460,0.166,0.142,-0.04,-0.015,9774.107728873234,0.0,9.187492099753523
876,Grp. B2 nude (80% C1; 20% C11),460,0.166,0.141,-0.025,0.0,9785.790491519523,0.0,9.188686662619231
1044,Grp. B2 nude (80% C1; 20% C11),460,0.166,0.141,-0.04,-0.015,9786.651229253604,0.0,9.188774616666755
8008,Grp. B2 nude (80% C1; 20% C11),460,0.171,0.127,-0.025,-0.035,9789.325692441049,0.0,9.18904785597581
1700,Grp. B2 nude (80% C1; 20% C11),460,0.166,0.142,-0.025,0.0,9791.94214234084,0.0,9.189315096068478
84,Grp. B2 nude (80% C1; 20% C11),460,0.166,0.127,-0.03,0.0,9836.072921362937,0.0,9.193811817029925
8020,Grp. B2 nude (80% C1; 20% C11),460,0.171,0.127,-0.025,-0.02,9845.837430301885,0.0,9.194804048938881
1888,Grp. B2 nude (80% C1; 20% C11),460,0.166,0.142,-0.035,0.0,9846.859578070456,0.0,9.194907858769405
10056,Grp. B2 nude (80% C1; 20% C11),460,0.171,0.142,-0.03,-0.035,9853.251748954106,0.0,9.195556806483644
1000,Grp. B2 nude (80% C1; 20% C11),460,0.166,0.141,-0.035,0.0,9862.596710674276,0.0,9.196504771004584
10068,Grp. B2 nude (80% C1; 20% C11),460,0.171,0.142,-0.03,-0.02,9878.288123961263,0.0,9.198094508923946
9188,Grp. B2 nude (80% C1; 20% C11),460,0.171,0.141,-0.03,-0.035,9878.378306842187,0.0,9.198103638286051
16,Grp. B2 nude (80% C1; 20% C11),460,0.166,0.127,-0.02,0.0,9891.48899244915,0.0,9.199429968638245
132,Grp. B2 nude (80% C1; 20% C11),460,0.166,0.127,-0.04,-0.01,9906.255591163192,0.0,9.200921714467173
2040,Grp. B2 nude (80% C1; 20% C11),460,0.166,0.142,-0.045,-0.01,9908.921118233951,0.0,9.201190753408982
1100,Grp. B2 nude (80% C1; 20% C11),460,0.166,0.141,-0.045,-0.01,9913.579851589398,0.0,9.201660798379425
9200,Grp. B2 nude (80% C1; 20% C11),460,0.171,0.141,-0.03,-0.02,9934.63916725196,0.0,9.20378283497577
156,Grp. B2 nude (80% C1; 20% C11),460,0.166,0.127,-0.045,-0.01,9972.583258573455,0.0,9.207594932561301
2112,Grp. B2 nude (80% C1; 20% C11),460,0.166,0.142,-0.05,-0.01,9976.468717221318,0.0,9.207984470741032
1148,Grp. B2 nude (80% C1; 20% C11),460,0.166,0.141,-0.05,-0.01,9980.345575636484,0.0,9.208372995523298
136,Grp. B2 nude (80% C1; 20% C11),460,0.166,0.127,-0.04,-0.005,9998.473753318423,0.0,9.210187735659694
2044,Grp. B2 nude (80% C1; 20% C11),460,0.166,0.142,-0.045,-0.005,10000.715729737158,0.0,9.210411942388676
68,Grp. B2 nude (80% C1; 20% C11),460,0.166,0.127,-0.03,-0.02,10001.11604128726,0.0,9.210451969877631
1104,Grp. B2 nude (80% C1; 20% C11),460,0.166,0.141,-0.045,-0.005,10006.073844607656,0.0,9.210947572053664
128,Grp. B2 nude (80% C1; 20% C11),460,0.166,0.127,-0.04,-0.015,10017.158162290052,0.0,9.21205471787416
2036,Grp. B2 nude (80% C1; 20% C11),460,0.166,0.142,-0.045,-0.015,10020.467766119024,0.0,9.212385056794638
1096,Grp. B2 nude (80% C1; 20% C11),460,0.166,0.141,-0.045,-0.015,10021.829399139193,0.0,9.212520932738503
1872,Grp. B2 nude (80% C1; 20% C11),460,0.166,0.142,-0.035,-0.02,10024.191272708882,0.0,9.212756577869202
984,Grp. B2 nude (80% C1; 20% C11),460,0.166,0.141,-0.035,-0.02,10032.281684141815,0.0,9.213563341041286
152,Grp. B2 nude (80% C1; 20% C11),460,0.166,0.127,-0.045,-0.015,10041.911354790444,0.0,9.214522749110005
2108,Grp. B2 nude (80% C1; 20% C11),460,0.166,0.142,-0.05,-0.015,10046.465610434676,0.0,9.21497617107935
1144,Grp. B2 nude (80% C1; 20% C11),460,0.166,0.141,-0.05,-0.015,10047.973595426058,0.0,9.215126260860783
112,Grp. B2 nude (80% C1; 20% C11),460,0.166,0.127,-0.035,0.0,10049.378600933342,0.0,9.21526608082272
8324,Grp. B2 nude (80% C1; 20% C11),460,0.171,0.127,-0.03,-0.03,10054.988927855034,0.0,9.215824201048019
2180,Grp. B2 nude (80% C1; 20% C11),460,0.166,0.142,-0.055,-0.01,10057.715079924932,0.0,9.216095288623865
180,Grp. B2 nude (80% C1; 20% C11),460,0.166,0.127,-0.05,-0.01,10058.6746903261,0.0,9.21619069445094
1192,Grp. B2 nude (80% C1; 20% C11),460,0.166,0.141,-0.055,-0.01,10059.198672976596,0.0,9.216242785707422
1972,Grp. B2 nude (80% C1; 20% C11),460,0.166,0.142,-0.04,0.0,10067.309203525194,0.0,9.217048740822674
160,Grp. B2 nude (80% C1; 20% C11),460,0.166,0.127,-0.045,-0.005,10073.20859300929,0.0,9.21763456385984
2581,Grp. B2 nude (80% C1; 20% C11),462,0.166,0.142,-0.055,0.49,319.522043704708,0.0,5.766826265818519
2673,Grp. B2 nude (80% C1; 20% C11),462,0.166,0.142,-0.06,0.53,320.21730252302,0.0,5.7689998357142445
633,Grp. B2 nude (80% C1; 20% C11),462,0.166,0.127,-0.055,0.525,321.46525918701366,0.0,5.772889479322645
2769,Grp. B2 nude (80% C1; 20% C11),462,0.166,0.142,-0.065,0.57,322.1261564084044,0.0,5.774943258902925
577,Grp. B2 nude (80% C1; 20% C11),462,0.166,0.127,-0.05,0.485,322.31867154885634,0.0,5.775540719345858
1597,Grp. B2 nude (80% C1; 20% C11),462,0.166,0.141,-0.055,0.495,322.391474071212,0.0,5.775766565094244
2853,Grp. B2 nude (80% C1; 20% C11),462,0.166,0.142,-0.07,0.61,324.1262540525668,0.0,5.781133112891272
1665,Grp. B2 nude (80% C1; 20% C11),462,0.166,0.141,-0.06,0.53,324.4679510857318,0.0,5.782186767278161
1741,Grp. B2 nude (80% C1; 20% C11),462,0.166,0.141,-0.065,0.57,324.5926865410014,0.0,5.7825711241458375
685,Grp. B2 nude (80% C1; 20% C11),462,0.166,0.127,-0.06,0.565,324.74186475192965,0.0,5.78303060443456
1669,Grp. B2 nude (80% C1; 20% C11),462,0.166,0.141,-0.06,0.535,324.934856283036,0.0,5.783624720032471
1593,Grp. B2 nude (80% C1; 20% C11),462,0.166,0.141,-0.055,0.49,325.0615355317181,0.0,5.784014504504758
629,Grp. B2 nude (80% C1; 20% C11),462,0.166,0.127,-0.055,0.52,325.22085535701865,0.0,5.7845045064815
737,Grp. B2 nude (80% C1; 20% C11),462,0.166,0.127,-0.065,0.605,325.76374578883303,0.0,5.786172412471028
681,Grp. B2 nude (80% C1; 20% C11),462,0.166,0.127,-0.06,0.56,325.98228688311804,0.0,5.786843045176162
1805,Grp. B2 nude (80% C1; 20% C11),462,0.166,0.141,-0.07,0.61,326.2981379731497,0.0,5.787811497095557
2481,Grp. B2 nude (80% C1; 20% C11),462,0.166,0.142,-0.05,0.45,326.55121087932014,0.0,5.7885867844395404
1745,Grp. B2 nude (80% C1; 20% C11),462,0.166,0.141,-0.065,0.575,326.83884473040285,0.0,5.7894672198462125
2945,Grp. B2 nude (80% C1; 20% C11),462,0.166,0.142,-0.075,0.65,326.9622593633348,0.0,5.789844749445429
733,Grp. B2 nude (80% C1; 20% C11),462,0.166,0.127,-0.065,0.6,327.17703205355326,0.0,5.790501406829426
1521,Grp. B2 nude (80% C1; 20% C11),462,0.166,0.141,-0.05,0.455,327.92850419406795,0.0,5.792795609606051
1877,Grp. B2 nude (80% C1; 20% C11),462,0.166,0.141,-0.075,0.65,328.1884418963706,0.0,5.793587961388614
781,Grp. B2 nude (80% C1; 20% C11),462,0.166,0.127,-0.07,0.64,329.050994464592,0.0,5.796212737126985
785,Grp. B2 nude (80% C1; 20% C11),462,0.166,0.127,-0.07,0.645,329.07436125527965,0.0,5.796283747278758
573,Grp. B2 nude (80% C1; 20% C11),462,0.166,0.127,-0.05,0.48,329.0845456569918,0.0,5.7963146954330895
1809,Grp. B2 nude (80% C1; 20% C11),462,0.166,0.141,-0.07,0.615,329.59604347797097,0.0,5.797867793952258
3033,Grp. B2 nude (80% C1; 20% C11),462,0.166,0.142,-0.08,0.69,330.1557070725672,0.0,5.799564382793059
1949,Grp. B2 nude (80% C1; 20% C11),462,0.166,0.141,-0.08,0.69,330.4471512805164,0.0,5.800446741151557
521,Grp. B2 nude (80% C1; 20% C11),462,0.166,0.127,-0.045,0.445,330.90976262545547,0.0,5.801845717742446
833,Grp. B2 nude (80% C1; 20% C11),462,0.166,0.127,-0.075,0.68,331.4458277112984,0.0,5.803464380619933
837,Grp. B2 nude (80% C1; 20% C11),462,0.166,0.127,-0.075,0.685,331.83134794740243,0.0,5.804626851736582
1881,Grp. B2 nude (80% C1; 20% C11),462,0.166,0.141,-0.075,0.655,332.120878033245,0.0,5.805498993113222
2585,Grp. B2 nude (80% C1; 20% C11),462,0.166,0.142,-0.055,0.495,333.14467122134755,0.0,5.808576843747342
2849,Grp. B2 nude (80% C1; 20% C11),462,0.166,0.142,-0.07,0.605,333.15241146625607,0.0,5.808600077362226
885,Grp. B2 nude (80% C1; 20% C11),462,0.166,0.127,-0.08,0.72,333.2594629802992,0.0,5.808921354695566
1517,Grp. B2 nude (80% C1; 20% C11),462,0.166,0.141,-0.05,0.45,333.3069879946212,0.0,5.80906395117438
3117,Grp. B2 nude (80% C1; 20% C11),462,0.166,0.142,-0.085,0.73,334.00139532494,0.0,5.811145170587555
2765,Grp. B2 nude (80% C1; 20% C11),462,0.166,0.142,-0.065,0.565,334.1067593724269,0.0,5.811460580742692
2013,Grp. B2 nude (80% C1; 20% C11),462,0.166,0.141,-0.085,0.73,334.1635854409261,0.0,5.811630649844447
2941,Grp. B2 nude (80% C1; 20% C11),462,0.166,0.142,-0.075,0.645,334.99077840865226,0.0,5.814103004307836
889,Grp. B2 nude (80% C1; 20% C11),462,0.166,0.127,-0.08,0.725,335.1647191653651,0.0,5.814622109981814
2773,Grp. B2 nude (80% C1; 20% C11),462,0.166,0.142,-0.065,0.575,335.2537078178334,0.0,5.814887581959938
2677,Grp. B2 nude (80% C1; 20% C11),462,0.166,0.142,-0.06,0.535,336.32825682064424,0.0,5.818087637876775
1953,Grp. B2 nude (80% C1; 20% C11),462,0.166,0.141,-0.08,0.695,336.3628292278805,0.0,5.818190426238279
3029,Grp. B2 nude (80% C1; 20% C11),462,0.166,0.142,-0.08,0.685,336.80383980741965,0.0,5.8195006831565665
933,Grp. B2 nude (80% C1; 20% C11),462,0.166,0.127,-0.085,0.76,337.5587670486317,0.0,5.821739619743196
2081,Grp. B2 nude (80% C1; 20% C11),462,0.166,0.141,-0.09,0.77,337.9997588656286,0.0,5.823045182067465
2857,Grp. B2 nude (80% C1; 20% C11),462,0.166,0.142,-0.07,0.615,338.2075004974837,0.0,5.823659613916618
2669,Grp. B2 nude (80% C1; 20% C11),462,0.166,0.142,-0.06,0.525,338.7823627268985,0.0,5.825357903355825
3201,Grp. B2 nude (80% C1; 20% C11),462,0.166,0.142,-0.09,0.77,339.0492161734642,0.0,5.826145277295485
3113,Grp. B2 nude (80% C1; 20% C11),462,0.166,0.142,-0.085,0.725,339.1196726266804,0.0,5.826353061682629
2017,Grp. B2 nude (80% C1; 20% C11),462,0.166,0.141,-0.085,0.735,339.3730253172153,0.0,5.827099872084798
937,Grp. B2 nude (80% C1; 20% C11),462,0.166,0.127,-0.085,0.765,340.14275362670384,0.0,5.829365393100099
2949,Grp. B2 nude (80% C1; 20% C11),462,0.166,0.142,-0.075,0.655,340.4134417907713,0.0,5.830160884141587
3197,Grp. B2 nude (80% C1; 20% C11),462,0.166,0.142,-0.09,0.765,340.56662370248256,0.0,5.830610770774271
2485,Grp. B2 nude (80% C1; 20% C11),462,0.166,0.142,-0.05,0.455,341.3944720176857,0.0,5.83303861813108
981,Grp. B2 nude (80% C1; 20% C11),462,0.166,0.127,-0.09,0.8,342.31126577514664,0.0,5.835720456987384
2577,Grp. B2 nude (80% C1; 20% C11),462,0.166,0.142,-0.055,0.485,342.43777636382623,0.0,5.836089966347263
2149,Grp. B2 nude (80% C1; 20% C11),462,0.166,0.141,-0.095,0.81,342.80052365682064,0.0,5.837148714309449
517,Grp. B2 nude (80% C1; 20% C11),462,0.166,0.127,-0.045,0.44,343.2714308547406,0.0,5.838521477818508
1441,Grp. B2 nude (80% C1; 20% C11),462,0.166,0.141,-0.045,0.415,343.4770156033424,0.0,5.839120197060768
2377,Grp. B2 nude (80% C1; 20% C11),462,0.166,0.142,-0.045,0.41,343.5413390325329,0.0,5.839307450949821
3289,Grp. B2 nude (80% C1; 20% C11),462,0.166,0.142,-0.095,0.81,343.9779784156116,0.0,5.840577639090585
985,Grp. B2 nude (80% C1; 20% C11),462,0.166,0.127,-0.09,0.805,344.0882745411984,0.0,5.840898236492528
3285,Grp. B2 nude (80% C1; 20% C11),462,0.166,0.142,-0.095,0.805,344.51560240542614,0.0,5.842139379429389
2085,Grp. B2 nude (80% C1; 20% C11),462,0.166,0.141,-0.09,0.775,344.96137566493627,0.0,5.843432456169589
1873,Grp. B2 nude (80% C1; 20% C11),462,0.166,0.141,-0.075,0.645,344.96342731925125,0.0,5.843438403641852
3037,Grp. B2 nude (80% C1; 20% C11),462,0.166,0.142,-0.08,0.695,345.04230927739223,0.0,5.843667045098875
1945,Grp. B2 nude (80% C1; 20% C11),462,0.166,0.141,-0.08,0.685,345.94020005461385,0.0,5.8462659279084175
1033,Grp. B2 nude (80% C1; 20% C11),462,0.166,0.127,-0.095,0.84,346.9101415934844,0.0,5.8490657884676125
2077,Grp. B2 nude (80% C1; 20% C11),462,0.166,0.141,-0.09,0.765,346.99967908736687,0.0,5.849323855126163
2009,Grp. B2 nude (80% C1; 20% C11),462,0.166,0.141,-0.085,0.725,347.3856555315909,0.0,5.850435562026448
3121,Grp. B2 nude (80% C1; 20% C11),462,0.166,0.142,-0.085,0.735,347.42117120763214,0.0,5.850537793825864
1801,Grp. B2 nude (80% C1; 20% C11),462,0.166,0.141,-0.07,0.605,347.75209427184444,0.0,5.8514898531343595
2213,Grp. B2 nude (80% C1; 20% C11),462,0.166,0.141,-0.1,0.85,348.2141656800789,0.0,5.85281770910301
741,Grp. B2 nude (80% C1; 20% C11),462,0.166,0.127,-0.065,0.61,348.4679354444804,0.0,5.853546218634733
881,Grp. B2 nude (80% C1; 20% C11),462,0.166,0.127,-0.08,0.715,348.7903565070132,0.0,5.854471044023646
829,Grp. B2 nude (80% C1; 20% C11),462,0.166,0.127,-0.075,0.675,348.80861745917576,0.0,5.854523397747915
3369,Grp. B2 nude (80% C1; 20% C11),462,0.166,0.142,-0.1,0.85,348.9153937155141,0.0,5.854829467928851
2153,Grp. B2 nude (80% C1; 20% C11),462,0.166,0.141,-0.095,0.815,349.1656080399081,0.0,5.855546331256975
1037,Grp. B2 nude (80% C1; 20% C11),462,0.166,0.127,-0.095,0.845,349.49497679952816,0.0,5.85648918903704
3205,Grp. B2 nude (80% C1; 20% C11),462,0.166,0.142,-0.09,0.775,349.619213697355,0.0,5.856844601359729
3365,Grp. B2 nude (80% C1; 20% C11),462,0.166,0.142,-0.1,0.845,349.74479226862337,0.0,5.85720372356661
465,Grp. B2 nude (80% C1; 20% C11),462,0.166,0.127,-0.04,0.405,349.93992361775065,0.0,5.857761492944034
2145,Grp. B2 nude (80% C1; 20% C11),462,0.166,0.141,-0.095,0.805,350.2577628993276,0.0,5.858669348852522
789,Grp. B2 nude (80% C1; 20% C11),462,0.166,0.127,-0.07,0.65,350.37166364245417,0.0,5.858994487191893
1737,Grp. B2 nude (80% C1; 20% C11),462,0.166,0.141,-0.065,0.565,350.37378450554,0.0,5.85900054035454
777,Grp. B2 nude (80% C1; 20% C11),462,0.166,0.127,-0.07,0.635,350.3878757144645,0.0,5.859040757192093
977,Grp. B2 nude (80% C1; 20% C11),462,0.166,0.127,-0.09,0.795,350.8803751088564,0.0,5.860445353720695
929,Grp. B2 nude (80% C1; 20% C11),462,0.166,0.127,-0.085,0.755,351.6128138492074,0.0,5.862530609541729
637,Grp. B2 nude (80% C1; 20% C11),462,0.166,0.127,-0.055,0.53,352.1117813029292,0.0,5.863948685706113
1081,Grp. B2 nude (80% C1; 20% C11),462,0.166,0.127,-0.1,0.88,352.1585897610417,0.0,5.864081613229702
729,Grp. B2 nude (80% C1; 20% C11),462,0.166,0.127,-0.065,0.595,352.9472779398431,0.0,5.866318691500771
689,Grp. B2 nude (80% C1; 20% C11),462,0.166,0.127,-0.06,0.57,353.0790501930666,0.0,5.86669197008686
1437,Grp. B2 nude (80% C1; 20% C11),462,0.166,0.141,-0.045,0.41,353.52664008947403,0.0,5.867958843429169
2277,Grp. B2 nude (80% C1; 20% C11),462,0.166,0.141,-0.105,0.89,353.68325259624766,0.0,5.868401745913858
1661,Grp. B2 nude (80% C1; 20% C11),462,0.166,0.141,-0.06,0.525,353.89014340181245,0.0,5.868986535598239
581,Grp. B2 nude (80% C1; 20% C11),462,0.166,0.127,-0.05,0.49,354.1938159180459,0.0,5.869844265902263
841,Grp. B2 nude (80% C1; 20% C11),462,0.166,0.127,-0.075,0.69,354.5208284763062,0.0,5.870767098763287
893,Grp. B2 nude (80% C1; 20% C11),462,0.166,0.127,-0.08,0.73,354.88873798432525,0.0,5.871804326222282
2726,Grp. B2 nude (80% C1; 20% C11),463,0.166,0.142,-0.09,0.175,1231.9840090995583,0.0,7.116381164382247
466,Grp. B2 nude (80% C1; 20% C11),463,0.166,0.127,-0.085,0.175,1232.012522439995,0.0,7.116404308359987
1606,Grp. B2 nude (80% C1; 20% C11),463,0.166,0.141,-0.09,0.175,1232.7075956345266,0.0,7.11696832632524
442,Grp. B2 nude (80% C1; 20% C11),463,0.166,0.127,-0.08,0.165,1234.6453081921893,0.0,7.118539007967923
2666,Grp. B2 nude (80% C1; 20% C11),463,0.166,0.142,-0.085,0.165,1235.3974238317885,0.0,7.119147997968859
1650,Grp. B2 nude (80% C1; 20% C11),463,0.166,0.141,-0.095,0.185,1235.657582759262,0.0,7.1193585630333684
586,Grp. B2 nude (80% C1; 20% C11),463,0.166,0.127,-0.11,0.22,1235.658347806825,0.0,7.119359182175223
1854,Grp. B2 nude (80% C1; 20% C11),463,0.166,0.141,-0.12,0.23,1235.6735066083306,0.0,7.119371449893521
706,Grp. B2 nude (80% C1; 20% C11),463,0.166,0.127,-0.135,0.265,1235.735859046123,0.0,7.119421908905833
3298,Grp. B2 nude (80% C1; 20% C11),463,0.166,0.142,-0.14,0.265,1235.7736271330657,0.0,7.119452471674989
2050,Grp. B2 nude (80% C1; 20% C11),463,0.166,0.141,-0.145,0.275,1235.7910849099003,0.0,7.119466598577473
3018,Grp. B2 nude (80% C1; 20% C11),463,0.166,0.142,-0.115,0.22,1235.7995114568776,0.0,7.119473417301407
2790,Grp. B2 nude (80% C1; 20% C11),463,0.166,0.142,-0.095,0.185,1235.8658647604564,0.0,7.119527108471929
822,Grp. B2 nude (80% C1; 20% C11),463,0.166,0.127,-0.16,0.31,1235.8823783273117,0.0,7.119540470323729
3078,Grp. B2 nude (80% C1; 20% C11),463,0.166,0.142,-0.12,0.23,1235.8831342065646,0.0,7.119541081934539
3574,Grp. B2 nude (80% C1; 20% C11),463,0.166,0.142,-0.165,0.31,1235.8966473361008,0.0,7.119552015861289
2246,Grp. B2 nude (80% C1; 20% C11),463,0.166,0.141,-0.17,0.32,1235.9232687687168,0.0,7.119573555806365
3354,Grp. B2 nude (80% C1; 20% C11),463,0.166,0.142,-0.145,0.275,1235.9269411516896,0.0,7.119576527170049
2206,Grp. B2 nude (80% C1; 20% C11),463,0.166,0.141,-0.165,0.31,1235.9983850139156,0.0,7.119634331393737
3178,Grp. B2 nude (80% C1; 20% C11),463,0.166,0.141,-0.53,0.965,1236.024776304372,0.0,7.119655683370426
1358,Grp. B2 nude (80% C1; 20% C11),463,0.166,0.127,-0.375,0.695,1236.0247769778794,0.0,7.119655683915323
1458,Grp. B2 nude (80% C1; 20% C11),463,0.166,0.127,-0.445,0.82,1236.0247929843351,0.0,7.119655696865271
4366,Grp. B2 nude (80% C1; 20% C11),463,0.166,0.142,-0.24,0.445,1236.024867305806,0.0,7.119655756994703
4802,Grp. B2 nude (80% C1; 20% C11),463,0.166,0.142,-0.545,0.99,1236.024900980659,0.0,7.119655784239181
2798,Grp. B2 nude (80% C1; 20% C11),463,0.166,0.141,-0.265,0.49,1236.0249211582077,0.0,7.11965580056373
2942,Grp. B2 nude (80% C1; 20% C11),463,0.166,0.141,-0.365,0.67,1236.024924408772,0.0,7.119655803193583
4702,Grp. B2 nude (80% C1; 20% C11),463,0.166,0.142,-0.475,0.865,1236.024929873161,0.0,7.119655807614521
4602,Grp. B2 nude (80% C1; 20% C11),463,0.166,0.142,-0.405,0.74,1236.024931838263,0.0,7.119655809204377
3050,Grp. B2 nude (80% C1; 20% C11),463,0.166,0.141,-0.44,0.805,1236.024936323095,0.0,7.119655812832808
1574,Grp. B2 nude (80% C1; 20% C11),463,0.166,0.127,-0.525,0.965,1236.0250817998792,0.0,7.11965593053009
1530,Grp. B2 nude (80% C1; 20% C11),463,0.166,0.127,-0.495,0.91,1236.0252312721148,0.0,7.119656051459859
4574,Grp. B2 nude (80% C1; 20% C11),463,0.166,0.142,-0.385,0.705,1236.0253961065268,0.0,7.119656184818302
3070,Grp. B2 nude (80% C1; 20% C11),463,0.166,0.141,-0.455,0.83,1236.0255376671537,0.0,7.119656299347194
4538,Grp. B2 nude (80% C1; 20% C11),463,0.166,0.142,-0.36,0.66,1236.0256405949265,0.0,7.119656382620367
4646,Grp. B2 nude (80% C1; 20% C11),463,0.166,0.142,-0.435,0.795,1236.025670395405,0.0,7.119656406730286
1330,Grp. B2 nude (80% C1; 20% C11),463,0.166,0.127,-0.355,0.66,1236.0262151800766,0.0,7.119656847485333
1366,Grp. B2 nude (80% C1; 20% C11),463,0.166,0.127,-0.38,0.705,1236.026301595536,0.0,7.119656917399268
1494,Grp. B2 nude (80% C1; 20% C11),463,0.166,0.127,-0.47,0.865,1236.0263544668478,0.0,7.119656960174498
4710,Grp. B2 nude (80% C1; 20% C11),463,0.166,0.142,-0.48,0.875,1236.0267764418863,0.0,7.119657301570913
1294,Grp. B2 nude (80% C1; 20% C11),463,0.166,0.127,-0.33,0.615,1236.0268642170008,0.0,7.119657372584838
3086,Grp. B2 nude (80% C1; 20% C11),463,0.166,0.141,-0.465,0.85,1236.026890216229,0.0,7.119657393619354
1394,Grp. B2 nude (80% C1; 20% C11),463,0.166,0.127,-0.4,0.74,1236.0270332225305,0.0,7.1196575093177215
3078,Grp. B2 nude (80% C1; 20% C11),463,0.166,0.141,-0.46,0.84,1236.0273754908665,0.0,7.119657786227756
1258,Grp. B2 nude (80% C1; 20% C11),463,0.166,0.127,-0.305,0.57,1236.0275650177668,0.0,7.119657939563265
1466,Grp. B2 nude (80% C1; 20% C11),463,0.166,0.127,-0.45,0.83,1236.0277731728795,0.0,7.11965810796978
1558,Grp. B2 nude (80% C1; 20% C11),463,0.166,0.127,-0.515,0.945,1236.0279293621825,0.0,7.1196582343336825
1594,Grp. B2 nude (80% C1; 20% C11),463,0.166,0.127,-0.54,0.99,1236.028205856261,0.0,7.119658458029313
4782,Grp. B2 nude (80% C1; 20% C11),463,0.166,0.142,-0.53,0.965,1236.0292571972186,0.0,7.119659308609021
2970,Grp. B2 nude (80% C1; 20% C11),463,0.166,0.141,-0.385,0.705,1236.029813716887,0.0,7.119659758856894
4738,Grp. B2 nude (80% C1; 20% C11),463,0.166,0.142,-0.5,0.91,1236.0299617194196,0.0,7.119659878597147
2934,Grp. B2 nude (80% C1; 20% C11),463,0.166,0.141,-0.36,0.66,1236.0301191093197,0.0,7.119660005932159
1474,Grp. B2 nude (80% C1; 20% C11),463,0.166,0.127,-0.455,0.84,1236.0306137914945,0.0,7.119660406150624
2998,Grp. B2 nude (80% C1; 20% C11),463,0.166,0.141,-0.405,0.74,1236.030995329692,0.0,7.119660714830792
3198,Grp. B2 nude (80% C1; 20% C11),463,0.166,0.141,-0.545,0.99,1236.0312447575252,0.0,7.119660916628166
4746,Grp. B2 nude (80% C1; 20% C11),463,0.166,0.142,-0.505,0.92,1236.0321736160872,0.0,7.1196616681125775
4430,Grp. B2 nude (80% C1; 20% C11),463,0.166,0.142,-0.285,0.525,1236.033678027493,0.0,7.119662885241486
4530,Grp. B2 nude (80% C1; 20% C11),463,0.166,0.142,-0.355,0.65,1236.0339109705196,0.0,7.119663073701565
1502,Grp. B2 nude (80% C1; 20% C11),463,0.166,0.127,-0.475,0.875,1236.034461208492,0.0,7.119663518865606
2906,Grp. B2 nude (80% C1; 20% C11),463,0.166,0.141,-0.34,0.625,1236.034663636794,0.0,7.119663682637969
4674,Grp. B2 nude (80% C1; 20% C11),463,0.166,0.142,-0.455,0.83,1236.0368305446625,0.0,7.119665435748972
2834,Grp. B2 nude (80% C1; 20% C11),463,0.166,0.141,-0.29,0.535,1236.037475389771,0.0,7.119665957452634
4546,Grp. B2 nude (80% C1; 20% C11),463,0.166,0.142,-0.365,0.67,1236.037704091334,0.0,7.119666142480634
3042,Grp. B2 nude (80% C1; 20% C11),463,0.166,0.141,-0.435,0.795,1236.038048585769,0.0,7.119666421189273
4502,Grp. B2 nude (80% C1; 20% C11),463,0.166,0.142,-0.335,0.615,1236.0383696352485,0.0,7.119666680930014
3850,Grp. B2 nude (80% C1; 20% C11),463,0.166,0.142,-0.19,0.355,1236.038694658482,0.0,7.119666943885598
2870,Grp. B2 nude (80% C1; 20% C11),463,0.166,0.141,-0.315,0.58,1236.0387332346372,0.0,7.119666975095101
3106,Grp. B2 nude (80% C1; 20% C11),463,0.166,0.141,-0.48,0.875,1236.0397389904865,0.0,7.119667788787596
4690,Grp. B2 nude (80% C1; 20% C11),463,0.166,0.142,-0.465,0.85,1236.0405986583824,0.0,7.11966848428918
4682,Grp. B2 nude (80% C1; 20% C11),463,0.166,0.142,-0.46,0.84,1236.0421863780891,0.0,7.1196697688090325
1538,Grp. B2 nude (80% C1; 20% C11),463,0.166,0.127,-0.5,0.92,1236.043770611402,0.0,7.119671050506628
2638,Grp. B2 nude (80% C1; 20% C11),463,0.166,0.141,-0.22,0.41,1236.0442346234308,0.0,7.1196714259075256
4402,Grp. B2 nude (80% C1; 20% C11),463,0.166,0.142,-0.265,0.49,1236.0475120951835,0.0,7.119674077485289
4394,Grp. B2 nude (80% C1; 20% C11),463,0.166,0.142,-0.26,0.48,1236.0476805996068,0.0,7.119674213810479
1158,Grp. B2 nude (80% C1; 20% C11),463,0.166,0.127,-0.235,0.445,1236.049474442431,0.0,7.119675665082587
4638,Grp. B2 nude (80% C1; 20% C11),463,0.166,0.142,-0.43,0.785,1236.0498879839283,0.0,7.119675999649639
1230,Grp. B2 nude (80% C1; 20% C11),463,0.166,0.127,-0.285,0.535,1236.0501283849453,0.0,7.119676194140974
3142,Grp. B2 nude (80% C1; 20% C11),463,0.166,0.141,-0.505,0.92,1236.050271930084,0.0,7.119676310273101
1266,Grp. B2 nude (80% C1; 20% C11),463,0.166,0.127,-0.31,0.58,1236.0502981731024,0.0,7.1196763315044524
2762,Grp. B2 nude (80% C1; 20% C11),463,0.166,0.141,-0.24,0.445,1236.0509520801954,0.0,7.11967686053383
938,Grp. B2 nude (80% C1; 20% C11),463,0.166,0.127,-0.185,0.355,1236.051140910945,0.0,7.119677013303209
1322,Grp. B2 nude (80% C1; 20% C11),463,0.166,0.127,-0.35,0.65,1236.0513633358896,0.0,7.119677193251204
2878,Grp. B2 nude (80% C1; 20% C11),463,0.166,0.141,-0.32,0.59,1236.0545865943277,0.0,7.1196798009537074
1222,Grp. B2 nude (80% C1; 20% C11),463,0.166,0.127,-0.28,0.525,1236.055749502492,0.0,7.119680741775925
4494,Grp. B2 nude (80% C1; 20% C11),463,0.166,0.142,-0.33,0.605,1236.0579182863355,0.0,7.11968249637473
1602,Grp. B2 nude (80% C1; 20% C11),463,0.166,0.127,-0.545,1.0,1236.0645339183263,0.0,7.1196878485626724
3150,Grp. B2 nude (80% C1; 20% C11),463,0.166,0.141,-0.51,0.93,1236.0647289520252,0.0,7.119688006348677
1146,Grp. B2 nude (80% C1; 20% C11),463,0.166,0.127,-0.23,0.435,1236.0650361377564,0.0,7.119688254867776
1402,Grp. B2 nude (80% C1; 20% C11),463,0.166,0.127,-0.405,0.75,1236.065582582442,0.0,7.119688696951767
4466,Grp. B2 nude (80% C1; 20% C11),463,0.166,0.142,-0.31,0.57,1236.0666173363825,0.0,7.119689534086562
3122,Grp. B2 nude (80% C1; 20% C11),463,0.166,0.141,-0.49,0.895,1236.0673618375267,0.0,7.119690136401121
1430,Grp. B2 nude (80% C1; 20% C11),463,0.166,0.127,-0.425,0.785,1236.072026412824,0.0,7.119693910116568
1546,Grp. B2 nude (80% C1; 20% C11),463,0.166,0.127,-0.505,0.93,1236.074330122699,0.0,7.119695773849164
2826,Grp. B2 nude (80% C1; 20% C11),463,0.166,0.141,-0.285,0.525,1236.0746268062544,0.0,7.119696013869941
1518,Grp. B2 nude (80% C1; 20% C11),463,0.166,0.127,-0.485,0.895,1236.0773578004582,0.0,7.1196982232763375
4474,Grp. B2 nude (80% C1; 20% C11),463,0.166,0.142,-0.315,0.58,1236.0801333232127,0.0,7.119700468701852
4774,Grp. B2 nude (80% C1; 20% C11),463,0.166,0.142,-0.525,0.955,1236.081855205556,0.0,7.119701861719261
1186,Grp. B2 nude (80% C1; 20% C11),463,0.166,0.127,-0.255,0.48,1236.081951681716,0.0,7.119701939769235
4438,Grp. B2 nude (80% C1; 20% C11),463,0.166,0.142,-0.29,0.535,1236.0822238352591,0.0,7.119702159943563
2010,Grp. B2 nude (80% C1; 20% C11),463,0.166,0.141,-0.14,0.265,1236.083299030641,0.0,7.119703029784495
3034,Grp. B2 nude (80% C1; 20% C11),463,0.166,0.141,-0.43,0.785,1236.084654609307,0.0,7.119704126456479
7847,Grp. B2 nude (80% C1; 20% C11),465,0.171,0.127,-0.02,0.195,477.83823857656176,0.0,6.169272262197103
199,Grp. B2 nude (80% C1; 20% C11),465,0.166,0.127,-0.02,0.225,505.30109510771433,0.0,6.225154479538171
7851,Grp. B2 nude (80% C1; 20% C11),465,0.171,0.127,-0.02,0.2,518.6450553021639,0.0,6.251219748046916
967,Grp. B2 nude (80% C1; 20% C11),465,0.166,0.141,-0.02,0.2,524.676423410551,0.0,6.262781736217435
1751,Grp. B2 nude (80% C1; 20% C11),465,0.166,0.142,-0.02,0.2,545.3758887814378,0.0,6.301475261112742
203,Grp. B2 nude (80% C1; 20% C11),465,0.166,0.127,-0.02,0.23,589.8292275677447,0.0,6.379833050202102
971,Grp. B2 nude (80% C1; 20% C11),465,0.166,0.141,-0.02,0.205,597.5225226063751,0.0,6.39279197783394
9871,Grp. B2 nude (80% C1; 20% C11),465,0.171,0.142,-0.025,0.205,606.777732274196,0.0,6.408162549823762
9039,Grp. B2 nude (80% C1; 20% C11),465,0.171,0.141,-0.025,0.205,625.3735868247029,0.0,6.438349210081175
195,Grp. B2 nude (80% C1; 20% C11),465,0.166,0.127,-0.02,0.22,627.5311772833056,0.0,6.441793354685319
1747,Grp. B2 nude (80% C1; 20% C11),465,0.166,0.142,-0.02,0.195,651.3650914441672,0.0,6.479070301360338
1887,Grp. B2 nude (80% C1; 20% C11),465,0.166,0.142,-0.025,0.23,674.1318025535355,0.0,6.513425644544413
7855,Grp. B2 nude (80% C1; 20% C11),465,0.171,0.127,-0.02,0.205,678.7461804233033,0.0,6.520247243863329
9867,Grp. B2 nude (80% C1; 20% C11),465,0.171,0.142,-0.025,0.2,689.1115466858173,0.0,6.535403154405942
9043,Grp. B2 nude (80% C1; 20% C11),465,0.171,0.141,-0.025,0.21,691.2108448989056,0.0,6.538444907324667
1067,Grp. B2 nude (80% C1; 20% C11),465,0.166,0.141,-0.025,0.235,691.8364503982656,0.0,6.53934958432907
1891,Grp. B2 nude (80% C1; 20% C11),465,0.166,0.142,-0.025,0.235,697.0279081512477,0.0,6.546825450348093
8635,Grp. B2 nude (80% C1; 20% C11),465,0.171,0.141,-0.02,0.18,706.5482013348056,0.0,6.5603914253242985
1755,Grp. B2 nude (80% C1; 20% C11),465,0.166,0.142,-0.02,0.205,714.3518887127115,0.0,6.571375682267512
963,Grp. B2 nude (80% C1; 20% C11),465,0.166,0.141,-0.02,0.195,722.457300684813,0.0,6.5826583188419665
9427,Grp. B2 nude (80% C1; 20% C11),465,0.171,0.142,-0.02,0.175,738.8753501201046,0.0,6.605129233000087
1063,Grp. B2 nude (80% C1; 20% C11),465,0.166,0.141,-0.025,0.23,739.6396391964498,0.0,6.606163093528989
9875,Grp. B2 nude (80% C1; 20% C11),465,0.171,0.142,-0.025,0.21,745.4802729666964,0.0,6.61402867237473
8631,Grp. B2 nude (80% C1; 20% C11),465,0.171,0.141,-0.02,0.175,748.3397353883296,0.0,6.617857066556278
9035,Grp. B2 nude (80% C1; 20% C11),465,0.171,0.141,-0.025,0.2,774.2664797122148,0.0,6.651916103369727
9431,Grp. B2 nude (80% C1; 20% C11),465,0.171,0.142,-0.02,0.18,787.7564499554189,0.0,6.669188968424136
7843,Grp. B2 nude (80% C1; 20% C11),465,0.171,0.127,-0.02,0.19,800.8016774336468,0.0,6.685613322696178
131,Grp. B2 nude (80% C1; 20% C11),465,0.166,0.127,-0.015,0.195,815.76783905695,0.0,6.704129803523566
191,Grp. B2 nude (80% C1; 20% C11),465,0.166,0.127,-0.02,0.215,828.6281463079982,0.0,6.719771497577123
1071,Grp. B2 nude (80% C1; 20% C11),465,0.166,0.141,-0.025,0.24,831.1419365375648,0.0,6.722800582361364
1883,Grp. B2 nude (80% C1; 20% C11),465,0.166,0.142,-0.025,0.225,843.7854172907677,0.0,6.737898217354087
8223,Grp. B2 nude (80% C1; 20% C11),465,0.171,0.127,-0.025,0.23,874.5684240217785,0.0,6.7737305349904435
127,Grp. B2 nude (80% C1; 20% C11),465,0.166,0.127,-0.015,0.19,878.081153564968,0.0,6.777739019392162
207,Grp. B2 nude (80% C1; 20% C11),465,0.166,0.127,-0.02,0.235,882.7387234028195,0.0,6.783029260331909
9407,Grp. B2 nude (80% C1; 20% C11),465,0.171,0.141,-0.03,0.235,907.7548566783252,0.0,6.810974360517891
8219,Grp. B2 nude (80% C1; 20% C11),465,0.171,0.127,-0.025,0.225,909.6311884611448,0.0,6.8130392299544225
1895,Grp. B2 nude (80% C1; 20% C11),465,0.166,0.142,-0.025,0.24,909.8608088679208,0.0,6.813291630523738
975,Grp. B2 nude (80% C1; 20% C11),465,0.166,0.141,-0.02,0.21,938.7573024113344,0.0,6.844556981915024
8559,Grp. B2 nude (80% C1; 20% C11),465,0.171,0.127,-0.03,0.26,963.6939415755978,0.0,6.870773756208445
9411,Grp. B2 nude (80% C1; 20% C11),465,0.171,0.141,-0.03,0.24,963.8909825013434,0.0,6.870978199523985
8639,Grp. B2 nude (80% C1; 20% C11),465,0.171,0.141,-0.02,0.185,963.970911263731,0.0,6.8710611191176465
9047,Grp. B2 nude (80% C1; 20% C11),465,0.171,0.141,-0.025,0.215,974.1442373576856,0.0,6.881559380314871
1059,Grp. B2 nude (80% C1; 20% C11),465,0.166,0.141,-0.025,0.225,977.1288545253368,0.0,6.884618531294476
10275,Grp. B2 nude (80% C1; 20% C11),465,0.171,0.142,-0.03,0.235,989.129461830276,0.0,6.8968252248053465
9863,Grp. B2 nude (80% C1; 20% C11),465,0.171,0.142,-0.025,0.195,990.3070345362688,0.0,6.898015030941661
10635,Grp. B2 nude (80% C1; 20% C11),465,0.171,0.142,-0.035,0.265,991.5966997570122,0.0,6.89931647195563
9423,Grp. B2 nude (80% C1; 20% C11),465,0.171,0.142,-0.02,0.17,997.4320276051184,0.0,6.905184003690435
9739,Grp. B2 nude (80% C1; 20% C11),465,0.171,0.141,-0.035,0.265,997.6878402506468,0.0,6.90544044206394
8555,Grp. B2 nude (80% C1; 20% C11),465,0.171,0.127,-0.03,0.255,1011.5417481870358,0.0,6.919230929297382
10271,Grp. B2 nude (80% C1; 20% C11),465,0.171,0.142,-0.03,0.23,1015.734541149818,0.0,6.923367315603432
10279,Grp. B2 nude (80% C1; 20% C11),465,0.171,0.142,-0.03,0.24,1016.5593047432104,0.0,6.924178973465151
8227,Grp. B2 nude (80% C1; 20% C11),465,0.171,0.127,-0.025,0.235,1019.782799040602,0.0,6.9273449414858685
1743,Grp. B2 nude (80% C1; 20% C11),465,0.166,0.142,-0.02,0.19,1032.3980595553965,0.0,6.939639588295421
7419,Grp. B2 nude (80% C1; 20% C11),465,0.171,0.127,-0.015,0.17,1034.8665537046013,0.0,6.942027763768073
9743,Grp. B2 nude (80% C1; 20% C11),465,0.171,0.141,-0.035,0.27,1035.4462409953337,0.0,6.942587763500834
10631,Grp. B2 nude (80% C1; 20% C11),465,0.171,0.142,-0.035,0.26,1036.7959535842017,0.0,6.943890422797379
8563,Grp. B2 nude (80% C1; 20% C11),465,0.171,0.127,-0.03,0.265,1052.1207310660425,0.0,6.958563150083606
135,Grp. B2 nude (80% C1; 20% C11),465,0.166,0.127,-0.015,0.2,1053.2001428068236,0.0,6.959588563215407
8859,Grp. B2 nude (80% C1; 20% C11),465,0.171,0.127,-0.035,0.29,1068.8051337495222,0.0,6.974296606054455
10639,Grp. B2 nude (80% C1; 20% C11),465,0.171,0.142,-0.035,0.27,1073.1649562931736,0.0,6.978367464545703
7859,Grp. B2 nude (80% C1; 20% C11),465,0.171,0.127,-0.02,0.21,1074.7504140503092,0.0,6.979843740628989
9403,Grp. B2 nude (80% C1; 20% C11),465,0.171,0.141,-0.03,0.23,1077.4497426868472,0.0,6.9823521783721
7423,Grp. B2 nude (80% C1; 20% C11),465,0.171,0.127,-0.015,0.175,1081.0187453736437,0.0,6.985659158260037
263,Grp. B2 nude (80% C1; 20% C11),465,0.166,0.127,-0.025,0.26,1084.6451650002275,0.0,6.989008175620192
9735,Grp. B2 nude (80% C1; 20% C11),465,0.171,0.141,-0.035,0.26,1085.1762614497309,0.0,6.989497705729569
8627,Grp. B2 nude (80% C1; 20% C11),465,0.171,0.141,-0.02,0.17,1095.6742954608742,0.0,6.999125247668135
10979,Grp. B2 nude (80% C1; 20% C11),465,0.171,0.142,-0.04,0.295,1101.7220327119717,0.0,7.0046297189769176
9879,Grp. B2 nude (80% C1; 20% C11),465,0.171,0.142,-0.025,0.215,1103.591343461579,0.0,7.006324998402961
10055,Grp. B2 nude (80% C1; 20% C11),465,0.171,0.141,-0.04,0.295,1107.9560810918445,0.0,7.010272228517872
8855,Grp. B2 nude (80% C1; 20% C11),465,0.171,0.127,-0.035,0.285,1111.4804693049844,0.0,7.013448161774374
1163,Grp. B2 nude (80% C1; 20% C11),465,0.166,0.141,-0.03,0.27,1113.5749574092958,0.0,7.015330801368691
2015,Grp. B2 nude (80% C1; 20% C11),465,0.166,0.142,-0.03,0.265,1118.1733053851535,0.0,7.019451655462971
8215,Grp. B2 nude (80% C1; 20% C11),465,0.171,0.127,-0.025,0.22,1119.589948927726,0.0,7.020717780223122
2019,Grp. B2 nude (80% C1; 20% C11),465,0.166,0.142,-0.03,0.27,1126.740083669341,0.0,7.027083860706062
8863,Grp. B2 nude (80% C1; 20% C11),465,0.171,0.127,-0.035,0.295,1132.3933274091958,0.0,7.032088660787671
10059,Grp. B2 nude (80% C1; 20% C11),465,0.171,0.141,-0.04,0.3,1137.1460908295635,0.0,7.036276973473412
9031,Grp. B2 nude (80% C1; 20% C11),465,0.171,0.141,-0.025,0.195,1139.80138755418,0.0,7.038609304766521
10975,Grp. B2 nude (80% C1; 20% C11),465,0.171,0.142,-0.04,0.29,1140.4981833511506,0.0,7.0392204488701715
9435,Grp. B2 nude (80% C1; 20% C11),465,0.171,0.142,-0.02,0.185,1148.8193557053085,0.0,7.046490046781296
259,Grp. B2 nude (80% C1; 20% C11),465,0.166,0.127,-0.025,0.255,1154.2473478427462,0.0,7.051203763652378
1759,Grp. B2 nude (80% C1; 20% C11),465,0.166,0.142,-0.02,0.21,1156.2438840797072,0.0,7.052931999368068
1159,Grp. B2 nude (80% C1; 20% C11),465,0.166,0.141,-0.03,0.265,1158.539452305862,0.0,7.054915397937265
1075,Grp. B2 nude (80% C1; 20% C11),465,0.166,0.141,-0.025,0.245,1159.6924096605835,0.0,7.055910084852495
10983,Grp. B2 nude (80% C1; 20% C11),465,0.171,0.142,-0.04,0.3,1164.8586241928815,0.0,7.060355006011839
267,Grp. B2 nude (80% C1; 20% C11),465,0.166,0.127,-0.025,0.265,1169.5267321916442,0.0,7.064354443558333
10051,Grp. B2 nude (80% C1; 20% C11),465,0.171,0.141,-0.04,0.29,1182.1393781195952,0.0,7.075081108205217
9415,Grp. B2 nude (80% C1; 20% C11),465,0.171,0.141,-0.03,0.245,1183.0418842205604,0.0,7.075844268440872
9147,Grp. B2 nude (80% C1; 20% C11),465,0.171,0.127,-0.04,0.32,1187.74919895384,0.0,7.0798153656436
959,Grp. B2 nude (80% C1; 20% C11),465,0.166,0.141,-0.02,0.19,1189.3606370998623,0.0,7.081171161971077
10343,Grp. B2 nude (80% C1; 20% C11),465,0.171,0.141,-0.045,0.325,1194.1733054795802,0.0,7.085209430387568
8551,Grp. B2 nude (80% C1; 20% C11),465,0.171,0.127,-0.03,0.25,1197.043242863445,0.0,7.0876098309400675
1879,Grp. B2 nude (80% C1; 20% C11),465,0.166,0.142,-0.025,0.22,1199.4543706151587,0.0,7.089622041218689
9747,Grp. B2 nude (80% C1; 20% C11),465,0.171,0.141,-0.035,0.275,1202.0281355336483,0.0,7.091765522087138
1167,Grp. B2 nude (80% C1; 20% C11),465,0.166,0.141,-0.03,0.275,1203.9851556033695,0.0,7.093392296559679
10627,Grp. B2 nude (80% C1; 20% C11),465,0.171,0.142,-0.035,0.255,1210.2972977029178,0.0,7.098621308992266
10347,Grp. B2 nude (80% C1; 20% C11),465,0.171,0.141,-0.045,0.33,1210.719487453814,0.0,7.098970079606137
10267,Grp. B2 nude (80% C1; 20% C11),465,0.171,0.142,-0.03,0.225,1210.7575072032623,0.0,7.099001481721074
9411,Grp. B2 nude (80% C1; 20% C11),465,0.171,0.127,-0.045,0.35,1212.2923706374036,0.0,7.100268367436854
323,Grp. B2 nude (80% C1; 20% C11),465,0.166,0.127,-0.03,0.295,1217.9365452943214,0.0,7.104913349453216
11295,Grp. B2 nude (80% C1; 20% C11),465,0.171,0.142,-0.045,0.325,1221.070733868972,0.0,7.107483403529383
14100,Grp. B3 nude (50% C1; 50% C11),466,0.166,0.142,-0.05,0.05,1740.880864952542,0.0,7.462146508335796
13125,Grp. B3 nude (50% C1; 50% C11),466,0.166,0.141,-0.05,0.05,1743.697804583088,0.0,7.463763312266102
13424,Grp. B3 nude (50% C1; 50% C11),466,0.166,0.141,-0.055,0.055,1770.551255647449,0.0,7.479046220947915
14419,Grp. B3 nude (50% C1; 50% C11),466,0.166,0.142,-0.055,0.055,1777.5558924676643,0.0,7.482994605609283
13703,Grp. B3 nude (50% C1; 50% C11),466,0.166,0.141,-0.06,0.06,1788.9896609920463,0.0,7.489406304281313
13781,Grp. B3 nude (50% C1; 50% C11),466,0.166,0.142,-0.045,0.045,1790.917415806934,0.0,7.490483290337021
15257,Grp. B3 nude (50% C1; 50% C11),466,0.166,0.142,-0.07,0.065,1795.1602217081995,0.0,7.49284955694351
12821,Grp. B3 nude (50% C1; 50% C11),466,0.166,0.141,-0.045,0.045,1796.4657157604702,0.0,7.493576522464137
14708,Grp. B3 nude (50% C1; 50% C11),466,0.166,0.142,-0.06,0.06,1801.4066214958784,0.0,7.496323095092792
12698,Grp. B3 nude (50% C1; 50% C11),466,0.166,0.127,-0.06,0.065,1802.0403487649776,0.0,7.496674829019148
12434,Grp. B3 nude (50% C1; 50% C11),466,0.166,0.127,-0.055,0.06,1805.0868240216748,0.0,7.498363971561186
14222,Grp. B3 nude (50% C1; 50% C11),466,0.166,0.141,-0.07,0.065,1806.179151705416,0.0,7.498968927122142
14984,Grp. B3 nude (50% C1; 50% C11),466,0.166,0.142,-0.065,0.06,1809.559056595072,0.0,7.500838479440039
12954,Grp. B3 nude (50% C1; 50% C11),466,0.166,0.127,-0.065,0.07,1812.2055761766965,0.0,7.502299932803807
12150,Grp. B3 nude (50% C1; 50% C11),466,0.166,0.127,-0.05,0.055,1826.2251932770027,0.0,7.510006379551437
13969,Grp. B3 nude (50% C1; 50% C11),466,0.166,0.141,-0.065,0.065,1829.328977012938,0.0,7.511704499364297
13964,Grp. B3 nude (50% C1; 50% C11),466,0.166,0.141,-0.065,0.06,1829.3641111584816,0.0,7.511723705208952
14703,Grp. B3 nude (50% C1; 50% C11),466,0.166,0.142,-0.06,0.055,1844.4676349133135,0.0,7.519945970075146
14989,Grp. B3 nude (50% C1; 50% C11),466,0.166,0.142,-0.065,0.065,1848.6037307649212,0.0,7.522185892985582
11866,Grp. B3 nude (50% C1; 50% C11),466,0.166,0.127,-0.045,0.05,1865.0620734187316,0.0,7.531049614858478
15512,Grp. B3 nude (50% C1; 50% C11),466,0.166,0.142,-0.075,0.07,1873.1239577542829,0.0,7.535362881649969
14227,Grp. B3 nude (50% C1; 50% C11),466,0.166,0.141,-0.07,0.07,1874.9137075158128,0.0,7.536317914687203
13698,Grp. B3 nude (50% C1; 50% C11),466,0.166,0.141,-0.06,0.055,1874.9568903103484,0.0,7.536340946305714
14467,Grp. B3 nude (50% C1; 50% C11),466,0.166,0.141,-0.075,0.07,1876.8748210730812,0.0,7.537363343405232
14712,Grp. B3 nude (50% C1; 50% C11),466,0.166,0.141,-0.08,0.075,1877.78401048574,0.0,7.537847642763026
15767,Grp. B3 nude (50% C1; 50% C11),466,0.166,0.142,-0.08,0.075,1880.059026224386,0.0,7.5390584522589865
14946,Grp. B3 nude (50% C1; 50% C11),466,0.166,0.141,-0.085,0.08,1889.8575026123167,0.0,7.54425670976809
14414,Grp. B3 nude (50% C1; 50% C11),466,0.166,0.142,-0.055,0.05,1892.057676344752,0.0,7.545420233473165
13662,Grp. B3 nude (50% C1; 50% C11),466,0.166,0.127,-0.08,0.08,1893.5084852570255,0.0,7.54618672858717
16725,Grp. B3 nude (50% C1; 50% C11),466,0.166,0.142,-0.1,0.09,1894.609908323749,0.0,7.546768243198555
11871,Grp. B3 nude (50% C1; 50% C11),466,0.166,0.127,-0.045,0.055,1895.7118719455325,0.0,7.5473497049934695
15630,Grp. B3 nude (50% C1; 50% C11),466,0.166,0.141,-0.1,0.09,1896.6952809404847,0.0,7.54786832495032
16011,Grp. B3 nude (50% C1; 50% C11),466,0.166,0.142,-0.085,0.08,1897.024805706722,0.0,7.548042046131398
13881,Grp. B3 nude (50% C1; 50% C11),466,0.166,0.127,-0.085,0.085,1897.3991131509945,0.0,7.54823933955643
15851,Grp. B3 nude (50% C1; 50% C11),466,0.166,0.141,-0.105,0.095,1897.4423159858163,0.0,7.548262108800221
16495,Grp. B3 nude (50% C1; 50% C11),466,0.166,0.142,-0.095,0.085,1898.8434707494232,0.0,7.549000280216148
16951,Grp. B3 nude (50% C1; 50% C11),466,0.166,0.142,-0.105,0.095,1899.020516095535,0.0,7.549093514385067
15262,Grp. B3 nude (50% C1; 50% C11),466,0.166,0.142,-0.07,0.07,1899.551555019568,0.0,7.549373113622649
14108,Grp. B3 nude (50% C1; 50% C11),466,0.166,0.127,-0.09,0.09,1902.611292194567,0.0,7.550982585893274
17852,Grp. B3 nude (50% C1; 50% C11),466,0.166,0.142,-0.125,0.11,1903.3419494969412,0.0,7.551366540852755
14966,Grp. B3 nude (50% C1; 50% C11),466,0.166,0.127,-0.11,0.105,1903.8494253951196,0.0,7.551633128923179
16722,Grp. B3 nude (50% C1; 50% C11),466,0.166,0.141,-0.125,0.11,1904.4109957402973,0.0,7.551928051164385
15410,Grp. B3 nude (50% C1; 50% C11),466,0.166,0.141,-0.095,0.085,1905.1056541902328,0.0,7.552292747540051
16929,Grp. B3 nude (50% C1; 50% C11),466,0.166,0.141,-0.13,0.115,1905.37020015742,0.0,7.552431599472316
17626,Grp. B3 nude (50% C1; 50% C11),466,0.166,0.142,-0.12,0.105,1905.4209534211943,0.0,7.552458236074392
16071,Grp. B3 nude (50% C1; 50% C11),466,0.166,0.141,-0.11,0.1,1905.4664653756704,0.0,7.552482121300837
16248,Grp. B3 nude (50% C1; 50% C11),466,0.166,0.142,-0.09,0.08,1905.812229123287,0.0,7.552663563686074
14751,Grp. B3 nude (50% C1; 50% C11),466,0.166,0.127,-0.105,0.1,1906.126929076158,0.0,7.552828676475405
18069,Grp. B3 nude (50% C1; 50% C11),466,0.166,0.142,-0.13,0.115,1906.839503195755,0.0,7.553202440126646
15176,Grp. B3 nude (50% C1; 50% C11),466,0.166,0.127,-0.115,0.11,1907.685932599804,0.0,7.553646232903592
16501,Grp. B3 nude (50% C1; 50% C11),466,0.166,0.141,-0.12,0.105,1909.2941733801156,0.0,7.55448891001001
13427,Grp. B3 nude (50% C1; 50% C11),466,0.166,0.127,-0.075,0.075,1909.346301286693,0.0,7.554516211824321
17181,Grp. B3 nude (50% C1; 50% C11),466,0.166,0.142,-0.11,0.1,1909.991259260814,0.0,7.554853944726966
13197,Grp. B3 nude (50% C1; 50% C11),466,0.166,0.127,-0.07,0.075,1910.0921827367447,0.0,7.554906783089
15178,Grp. B3 nude (50% C1; 50% C11),466,0.166,0.141,-0.09,0.085,1910.158222989116,0.0,7.55494135687101
12949,Grp. B3 nude (50% C1; 50% C11),466,0.166,0.127,-0.065,0.065,1910.4531509334408,0.0,7.555095744698532
17401,Grp. B3 nude (50% C1; 50% C11),466,0.166,0.142,-0.115,0.1,1914.5854111929068,0.0,7.5572563827155985
14335,Grp. B3 nude (50% C1; 50% C11),466,0.166,0.127,-0.095,0.095,1914.92091067132,0.0,7.557431600851344
12155,Grp. B3 nude (50% C1; 50% C11),466,0.166,0.127,-0.05,0.06,1915.783726527705,0.0,7.557882074564507
14540,Grp. B3 nude (50% C1; 50% C11),466,0.166,0.127,-0.1,0.095,1916.1464916358389,0.0,7.558071412620559
18935,Grp. B3 nude (50% C1; 50% C11),466,0.166,0.142,-0.15,0.13,1916.1576163099596,0.0,7.558077218357164
15386,Grp. B3 nude (50% C1; 50% C11),466,0.166,0.127,-0.12,0.115,1916.210166223663,0.0,7.558104642611145
15592,Grp. B3 nude (50% C1; 50% C11),466,0.166,0.127,-0.125,0.115,1916.3316704563488,0.0,7.558168049215902
16000,Grp. B3 nude (50% C1; 50% C11),466,0.166,0.127,-0.135,0.125,1916.55263459892,0.0,7.558283348361521
17770,Grp. B3 nude (50% C1; 50% C11),466,0.166,0.141,-0.15,0.13,1916.6075731617452,0.0,7.558312013254117
15173,Grp. B3 nude (50% C1; 50% C11),466,0.166,0.141,-0.09,0.08,1916.97624599964,0.0,7.558504351732378
17977,Grp. B3 nude (50% C1; 50% C11),466,0.166,0.141,-0.155,0.135,1917.491492296201,0.0,7.558773096358661
18723,Grp. B3 nude (50% C1; 50% C11),466,0.166,0.142,-0.145,0.125,1917.6496364199,0.0,7.558855567443026
15794,Grp. B3 nude (50% C1; 50% C11),466,0.166,0.127,-0.13,0.12,1918.1679209088372,0.0,7.559125801615713
16291,Grp. B3 nude (50% C1; 50% C11),466,0.166,0.141,-0.115,0.105,1918.49157050258,0.0,7.5592945158814615
20005,Grp. B3 nude (50% C1; 50% C11),466,0.166,0.142,-0.175,0.15,1918.620432405404,0.0,7.559361681970319
17019,Grp. B3 nude (50% C1; 50% C11),466,0.166,0.127,-0.16,0.145,1918.6398457524945,0.0,7.559371800307718
18810,Grp. B3 nude (50% C1; 50% C11),466,0.166,0.141,-0.175,0.15,1918.7757139244595,0.0,7.559442612639565
19147,Grp. B3 nude (50% C1; 50% C11),466,0.166,0.142,-0.155,0.135,1918.8274779186652,0.0,7.559469589891574
19793,Grp. B3 nude (50% C1; 50% C11),466,0.166,0.142,-0.17,0.145,1919.266599689989,0.0,7.559698412721009
16211,Grp. B3 nude (50% C1; 50% C11),466,0.166,0.127,-0.14,0.13,1919.332006236199,0.0,7.559732491067266
16812,Grp. B3 nude (50% C1; 50% C11),466,0.166,0.127,-0.155,0.14,1919.410049113714,0.0,7.559773151719324
17140,Grp. B3 nude (50% C1; 50% C11),466,0.166,0.141,-0.135,0.12,1919.5045914736,0.0,7.559822406453412
19017,Grp. B3 nude (50% C1; 50% C11),466,0.166,0.141,-0.18,0.155,1919.898513192887,0.0,7.560027605912771
17563,Grp. B3 nude (50% C1; 50% C11),466,0.166,0.141,-0.145,0.125,1920.1017357566852,0.0,7.560133450991319
18024,Grp. B3 nude (50% C1; 50% C11),466,0.166,0.127,-0.185,0.165,1920.2453816650984,0.0,7.560208259806298
17822,Grp. B3 nude (50% C1; 50% C11),466,0.166,0.127,-0.18,0.16,1920.545432857156,0.0,7.5603645042919565
18603,Grp. B3 nude (50% C1; 50% C11),466,0.166,0.141,-0.17,0.145,1920.8135924129003,0.0,7.560504121315211
20217,Grp. B3 nude (50% C1; 50% C11),466,0.166,0.142,-0.18,0.155,1921.016562110337,0.0,7.5606097843401034
17221,Grp. B3 nude (50% C1; 50% C11),466,0.166,0.127,-0.165,0.15,1921.0370571052151,0.0,7.560620453110979
16253,Grp. B3 nude (50% C1; 50% C11),466,0.166,0.142,-0.09,0.085,1921.2582537595235,0.0,7.560735590879764
16286,Grp. B3 nude (50% C1; 50% C11),466,0.166,0.141,-0.115,0.1,1921.5909893995808,0.0,7.560908762201268
18194,Grp. B3 nude (50% C1; 50% C11),466,0.166,0.141,-0.16,0.14,1921.9843310144424,0.0,7.561113437059151
18285,Grp. B3 nude (50% C1; 50% C11),466,0.166,0.142,-0.135,0.12,1923.257264578487,0.0,7.561775519572771
19581,Grp. B3 nude (50% C1; 50% C11),466,0.166,0.142,-0.165,0.14,1923.3846847219693,0.0,7.5618417696398215
20636,Grp. B3 nude (50% C1; 50% C11),466,0.166,0.142,-0.19,0.16,1923.423928501997,0.0,7.561862172931992
17620,Grp. B3 nude (50% C1; 50% C11),466,0.166,0.127,-0.175,0.155,1923.5972252881236,0.0,7.56195226694464
19224,Grp. B3 nude (50% C1; 50% C11),466,0.166,0.141,-0.185,0.16,1923.6518178329447,0.0,7.561980646986697
19850,Grp. B3 nude (50% C1; 50% C11),466,0.166,0.141,-0.2,0.17,1923.8403590801163,0.0,7.5620786543320815
21070,Grp. B3 nude (50% C1; 50% C11),466,0.166,0.142,-0.2,0.17,1923.9344784659895,0.0,7.562127575794415
18506,Grp. B3 nude (50% C1; 50% C11),466,0.166,0.142,-0.14,0.12,1924.0767613889573,0.0,7.562201527201604
16610,Grp. B3 nude (50% C1; 50% C11),466,0.166,0.127,-0.15,0.135,1924.1344158892985,0.0,7.562231491513691
20853,Grp. B3 nude (50% C1; 50% C11),466,0.166,0.142,-0.195,0.165,1924.2861040740245,0.0,7.562310322911672
20756,Grp. B3 nude (50% C1; 50% C11),466,0.166,0.141,-0.225,0.19,1924.2893094843296,0.0,7.562311988676253
21870,Grp. B3 nude (50% C1; 50% C11),466,0.166,0.142,-0.22,0.185,1924.4067290188448,0.0,7.5623730065032655
16437,Grp. B3 nude (50% C1; 50% C11),467,0.166,0.127,-0.14,0.355,4510.629654378276,0.0,8.41419203569593
18949,Grp. B3 nude (50% C1; 50% C11),467,0.166,0.142,-0.145,0.35,4510.965259960692,0.0,8.414266436195122
17789,Grp. B3 nude (50% C1; 50% C11),467,0.166,0.141,-0.145,0.35,4511.564958036262,0.0,8.414399369654355
20054,Grp. B3 nude (50% C1; 50% C11),467,0.166,0.142,-0.17,0.405,4512.058996054983,0.0,8.414508868459208
18652,Grp. B3 nude (50% C1; 50% C11),467,0.166,0.141,-0.165,0.395,4512.140909359507,0.0,8.41452702260149
17275,Grp. B3 nude (50% C1; 50% C11),467,0.166,0.127,-0.16,0.4,4512.192564716188,0.0,8.414538470617419
19505,Grp. B3 nude (50% C1; 50% C11),467,0.166,0.141,-0.185,0.44,4512.200141322521,0.0,8.414540149756743
19153,Grp. B3 nude (50% C1; 50% C11),467,0.166,0.127,-0.205,0.5,4512.203523595425,0.0,8.414540899340434
20927,Grp. B3 nude (50% C1; 50% C11),467,0.166,0.142,-0.19,0.45,4512.246231438121,0.0,8.414550364259371
20580,Grp. B3 nude (50% C1; 50% C11),467,0.166,0.141,-0.21,0.495,4512.254236848316,0.0,8.414552138409691
18315,Grp. B3 nude (50% C1; 50% C11),467,0.166,0.127,-0.185,0.455,4512.272691892133,0.0,8.414556228384482
21149,Grp. B3 nude (50% C1; 50% C11),467,0.166,0.142,-0.195,0.46,4512.290615949643,0.0,8.414560200666996
22020,Grp. B3 nude (50% C1; 50% C11),467,0.166,0.142,-0.215,0.505,4512.297368771459,0.0,8.414561697205524
18108,Grp. B3 nude (50% C1; 50% C11),467,0.166,0.127,-0.18,0.445,4512.455266092759,0.0,8.414596689260755
19717,Grp. B3 nude (50% C1; 50% C11),467,0.166,0.141,-0.19,0.45,4512.483347865549,0.0,8.414602912410626
17577,Grp. B3 nude (50% C1; 50% C11),467,0.166,0.141,-0.14,0.34,4512.715697526152,0.0,8.414654401504547
21209,Grp. B3 nude (50% C1; 50% C11),467,0.166,0.141,-0.23,0.54,4512.77519045064,0.0,8.414667584815069
22557,Grp. B3 nude (50% C1; 50% C11),467,0.166,0.142,-0.235,0.55,4512.85038505098,0.0,8.41468424728344
19862,Grp. B3 nude (50% C1; 50% C11),467,0.166,0.127,-0.225,0.545,4512.88339174796,0.0,8.414691561192269
19969,Grp. B3 nude (50% C1; 50% C11),467,0.166,0.127,-0.23,0.555,4512.958189722296,0.0,8.414708135375111
19166,Grp. B3 nude (50% C1; 50% C11),467,0.166,0.142,-0.15,0.36,4513.020850575999,0.0,8.414722019930664
17482,Grp. B3 nude (50% C1; 50% C11),467,0.166,0.127,-0.165,0.41,4513.029288288172,0.0,8.414723889566229
21297,Grp. B3 nude (50% C1; 50% C11),467,0.166,0.141,-0.235,0.55,4513.05035961824,0.0,8.414728558554515
21815,Grp. B3 nude (50% C1; 50% C11),467,0.166,0.142,-0.21,0.495,4513.094033573881,0.0,8.414738235766341
18946,Grp. B3 nude (50% C1; 50% C11),467,0.166,0.127,-0.2,0.49,4513.150982833888,0.0,8.41475085436021
20368,Grp. B3 nude (50% C1; 50% C11),467,0.166,0.141,-0.205,0.485,4513.156716008243,0.0,8.414752124685696
19360,Grp. B3 nude (50% C1; 50% C11),467,0.166,0.127,-0.21,0.51,4513.284324439474,0.0,8.4147803990478
19837,Grp. B3 nude (50% C1; 50% C11),467,0.166,0.142,-0.165,0.395,4513.364613823326,0.0,8.414798188458775
18440,Grp. B3 nude (50% C1; 50% C11),467,0.166,0.141,-0.16,0.385,4513.402791342103,0.0,8.414806647194238
22614,Grp. B3 nude (50% C1; 50% C11),467,0.166,0.142,-0.24,0.56,4513.468029211378,0.0,8.414821101343538
20134,Grp. B3 nude (50% C1; 50% C11),467,0.166,0.127,-0.25,0.6,4513.473952116347,0.0,8.414822413616283
16221,Grp. B3 nude (50% C1; 50% C11),467,0.166,0.127,-0.135,0.345,4513.535140563883,0.0,8.414835970365125
21414,Grp. B3 nude (50% C1; 50% C11),467,0.166,0.141,-0.255,0.595,4513.542247443456,0.0,8.41483754493445
20271,Grp. B3 nude (50% C1; 50% C11),467,0.166,0.142,-0.175,0.415,4513.577570424779,0.0,8.41484537090376
22719,Grp. B3 nude (50% C1; 50% C11),467,0.166,0.142,-0.26,0.605,4513.678332645788,0.0,8.414867694901682
21394,Grp. B3 nude (50% C1; 50% C11),467,0.166,0.141,-0.25,0.585,4513.733439491714,0.0,8.41487990368252
20780,Grp. B3 nude (50% C1; 50% C11),467,0.166,0.141,-0.215,0.505,4513.864127424633,0.0,8.414908856664077
22201,Grp. B3 nude (50% C1; 50% C11),467,0.166,0.142,-0.22,0.515,4513.967517584734,0.0,8.414931761424416
18864,Grp. B3 nude (50% C1; 50% C11),467,0.166,0.141,-0.17,0.405,4514.017053774225,0.0,8.414942735344253
22694,Grp. B3 nude (50% C1; 50% C11),467,0.166,0.142,-0.255,0.595,4514.14602195276,0.0,8.414971305536763
19293,Grp. B3 nude (50% C1; 50% C11),467,0.166,0.141,-0.18,0.43,4514.279456798335,0.0,8.415000864366462
20119,Grp. B3 nude (50% C1; 50% C11),467,0.166,0.127,-0.245,0.59,4514.388140412751,0.0,8.415024939594229
21499,Grp. B3 nude (50% C1; 50% C11),467,0.166,0.141,-0.275,0.64,4514.388314773677,0.0,8.415024978217609
21434,Grp. B3 nude (50% C1; 50% C11),467,0.166,0.141,-0.26,0.605,4514.40214759525,0.0,8.415028042375898
20149,Grp. B3 nude (50% C1; 50% C11),467,0.166,0.127,-0.255,0.61,4514.535383840135,0.0,8.415057555537205
20214,Grp. B3 nude (50% C1; 50% C11),467,0.166,0.127,-0.275,0.655,4514.580581126105,0.0,8.415067566990407
22744,Grp. B3 nude (50% C1; 50% C11),467,0.166,0.142,-0.265,0.615,4514.600125490198,0.0,8.415071896146003
18522,Grp. B3 nude (50% C1; 50% C11),467,0.166,0.127,-0.19,0.465,4514.605428395387,0.0,8.41507307075769
22824,Grp. B3 nude (50% C1; 50% C11),467,0.166,0.142,-0.28,0.65,4514.6555064319455,0.0,8.415084163146519
20199,Grp. B3 nude (50% C1; 50% C11),467,0.166,0.127,-0.27,0.645,4514.667432024296,0.0,8.415086804671787
21097,Grp. B3 nude (50% C1; 50% C11),467,0.166,0.141,-0.225,0.53,4514.675712850752,0.0,8.4150886388753
21519,Grp. B3 nude (50% C1; 50% C11),467,0.166,0.141,-0.28,0.65,4514.817367016444,0.0,8.415120014759738
22464,Grp. B3 nude (50% C1; 50% C11),467,0.166,0.142,-0.23,0.54,4514.834796877515,0.0,8.415123875342795
17063,Grp. B3 nude (50% C1; 50% C11),467,0.166,0.127,-0.155,0.39,4514.870151215442,0.0,8.415131706016805
20052,Grp. B3 nude (50% C1; 50% C11),467,0.166,0.127,-0.235,0.565,4514.875606966696,0.0,8.415132914412123
20710,Grp. B3 nude (50% C1; 50% C11),467,0.166,0.142,-0.185,0.44,4514.923348821202,0.0,8.415143488701704
21371,Grp. B3 nude (50% C1; 50% C11),467,0.166,0.142,-0.2,0.47,4514.979163703473,0.0,8.415155850935337
22849,Grp. B3 nude (50% C1; 50% C11),467,0.166,0.142,-0.285,0.66,4514.995496469993,0.0,8.415159468391007
19934,Grp. B3 nude (50% C1; 50% C11),467,0.166,0.141,-0.195,0.46,4515.01540476198,0.0,8.415163877752681
22639,Grp. B3 nude (50% C1; 50% C11),467,0.166,0.142,-0.245,0.57,4515.062725066558,0.0,8.415174358349613
21349,Grp. B3 nude (50% C1; 50% C11),467,0.166,0.141,-0.24,0.56,4515.074966153687,0.0,8.415177069512511
19731,Grp. B3 nude (50% C1; 50% C11),467,0.166,0.127,-0.22,0.535,4515.18477644746,0.0,8.415201390029729
16644,Grp. B3 nude (50% C1; 50% C11),467,0.166,0.127,-0.145,0.365,4515.283478143958,0.0,8.415223249737048
22799,Grp. B3 nude (50% C1; 50% C11),467,0.166,0.142,-0.275,0.64,4515.305426853003,0.0,8.415228110706643
21604,Grp. B3 nude (50% C1; 50% C11),467,0.166,0.141,-0.3,0.695,4515.316190064489,0.0,8.415230494421063
20279,Grp. B3 nude (50% C1; 50% C11),467,0.166,0.127,-0.295,0.7,4515.336616112981,0.0,8.415235018135778
20184,Grp. B3 nude (50% C1; 50% C11),467,0.166,0.127,-0.265,0.635,4515.3834455110655,0.0,8.415245389268483
21374,Grp. B3 nude (50% C1; 50% C11),467,0.166,0.141,-0.245,0.575,4515.403893913607,0.0,8.415249917866438
21584,Grp. B3 nude (50% C1; 50% C11),467,0.166,0.141,-0.295,0.685,4515.45913890985,0.0,8.415262152576684
22954,Grp. B3 nude (50% C1; 50% C11),467,0.166,0.142,-0.305,0.705,4515.521585023638,0.0,8.415275981886191
20229,Grp. B3 nude (50% C1; 50% C11),467,0.166,0.127,-0.28,0.665,4515.608577499484,0.0,8.415295246911562
21598,Grp. B3 nude (50% C1; 50% C11),467,0.166,0.142,-0.205,0.485,4515.632637983703,0.0,8.415300575190065
21479,Grp. B3 nude (50% C1; 50% C11),467,0.166,0.141,-0.27,0.63,4515.6967172459845,0.0,8.41531476562865
20264,Grp. B3 nude (50% C1; 50% C11),467,0.166,0.127,-0.29,0.69,4515.723313756823,0.0,8.415320655402518
19555,Grp. B3 nude (50% C1; 50% C11),467,0.166,0.127,-0.215,0.52,4515.732753615775,0.0,8.415322745842616
20294,Grp. B3 nude (50% C1; 50% C11),467,0.166,0.127,-0.3,0.71,4515.842918579734,0.0,8.415347141356303
22929,Grp. B3 nude (50% C1; 50% C11),467,0.166,0.142,-0.3,0.695,4515.916609303098,0.0,8.415363459488587
21624,Grp. B3 nude (50% C1; 50% C11),467,0.166,0.141,-0.305,0.705,4516.025972570791,0.0,8.415387676486581
21539,Grp. B3 nude (50% C1; 50% C11),467,0.166,0.141,-0.285,0.66,4516.117068123009,0.0,8.415407847901452
22979,Grp. B3 nude (50% C1; 50% C11),467,0.166,0.142,-0.31,0.715,4516.124516682365,0.0,8.41540949722832
21454,Grp. B3 nude (50% C1; 50% C11),467,0.166,0.141,-0.265,0.615,4516.231128037725,0.0,8.415433103773402
17901,Grp. B3 nude (50% C1; 50% C11),467,0.166,0.127,-0.175,0.435,4516.292753809598,0.0,8.415446749078452
20359,Grp. B3 nude (50% C1; 50% C11),467,0.166,0.127,-0.32,0.755,4516.368238308951,0.0,8.415463462757716
21689,Grp. B3 nude (50% C1; 50% C11),467,0.166,0.141,-0.32,0.74,4516.368650261356,0.0,8.415463553970913
21709,Grp. B3 nude (50% C1; 50% C11),467,0.166,0.141,-0.325,0.75,4516.372272281573,0.0,8.415464355946801
22669,Grp. B3 nude (50% C1; 50% C11),467,0.166,0.142,-0.25,0.585,4516.408242913047,0.0,8.415472320411656
23059,Grp. B3 nude (50% C1; 50% C11),467,0.166,0.142,-0.325,0.75,4516.430877145492,0.0,8.415477331955012
22874,Grp. B3 nude (50% C1; 50% C11),467,0.166,0.142,-0.29,0.67,4516.468025108755,0.0,8.415485556991884
20344,Grp. B3 nude (50% C1; 50% C11),467,0.166,0.127,-0.315,0.745,4516.491050075397,0.0,8.41549065498169
20164,Grp. B3 nude (50% C1; 50% C11),467,0.166,0.127,-0.26,0.62,4516.536162961891,0.0,8.415500643413127
20156,Grp. B3 nude (50% C1; 50% C11),467,0.166,0.141,-0.2,0.475,4516.597152562664,0.0,8.41551414694477
20956,Grp. B3 nude (50% C1; 50% C11),467,0.166,0.141,-0.22,0.515,4516.603936046562,0.0,8.41551564884511
17689,Grp. B3 nude (50% C1; 50% C11),467,0.166,0.127,-0.17,0.42,4516.669872953837,0.0,8.415530247518564
22769,Grp. B3 nude (50% C1; 50% C11),467,0.166,0.142,-0.27,0.625,4516.729240480693,0.0,8.415543391524738
23084,Grp. B3 nude (50% C1; 50% C11),467,0.166,0.142,-0.33,0.76,4516.743868981319,0.0,8.41554663025705
18734,Grp. B3 nude (50% C1; 50% C11),467,0.166,0.127,-0.195,0.48,4516.773110520781,0.0,8.415553104267012
20104,Grp. B3 nude (50% C1; 50% C11),467,0.166,0.127,-0.24,0.58,4516.793926814556,0.0,8.41555771292131
21564,Grp. B3 nude (50% C1; 50% C11),467,0.166,0.141,-0.29,0.675,4516.870239177193,0.0,8.415574608028596
20504,Grp. B3 nude (50% C1; 50% C11),467,0.166,0.127,-0.365,0.855,4516.874598248188,0.0,8.415575573092603
20649,Grp. B3 nude (50% C1; 50% C11),467,0.166,0.127,-0.41,0.955,4516.8749833638,0.0,8.415575658354124
16585,Grp. B3 nude (50% C1; 50% C11),468,0.166,0.127,-0.145,0.305,1042.4307855232423,0.0,6.949310558685397
18890,Grp. B3 nude (50% C1; 50% C11),468,0.166,0.142,-0.145,0.29,1042.5825216818782,0.0,6.94945610802878
16378,Grp. B3 nude (50% C1; 50% C11),468,0.166,0.127,-0.14,0.295,1042.7562776656978,0.0,6.949622753356893
18154,Grp. B3 nude (50% C1; 50% C11),468,0.166,0.141,-0.155,0.31,1042.791275675428,0.0,6.94965631577524
17942,Grp. B3 nude (50% C1; 50% C11),468,0.166,0.141,-0.15,0.3,1042.9359605605944,0.0,6.949795053844997
19107,Grp. B3 nude (50% C1; 50% C11),468,0.166,0.142,-0.15,0.3,1043.003528523525,0.0,6.949859838047327
16643,Grp. B3 nude (50% C1; 50% C11),468,0.166,0.141,-0.12,0.245,1043.8816782418648,0.0,6.950701427002315
16869,Grp. B3 nude (50% C1; 50% C11),468,0.166,0.141,-0.125,0.255,1044.1807198264007,0.0,6.950987856743932
15103,Grp. B3 nude (50% C1; 50% C11),468,0.166,0.127,-0.11,0.24,1044.4241482867906,0.0,6.9512209582416915
16792,Grp. B3 nude (50% C1; 50% C11),468,0.166,0.127,-0.15,0.315,1044.5177221072586,0.0,6.951310547925212
17538,Grp. B3 nude (50% C1; 50% C11),468,0.166,0.142,-0.115,0.235,1044.519566020526,0.0,6.951312313248673
17827,Grp. B3 nude (50% C1; 50% C11),468,0.166,0.127,-0.175,0.36,1044.55657800126,0.0,6.951347747075098
20202,Grp. B3 nude (50% C1; 50% C11),468,0.166,0.142,-0.175,0.345,1044.6875839604977,0.0,6.951473156983422
20419,Grp. B3 nude (50% C1; 50% C11),468,0.166,0.142,-0.18,0.355,1044.7169231364169,0.0,6.951501240751617
18668,Grp. B3 nude (50% C1; 50% C11),468,0.166,0.142,-0.14,0.28,1044.9261462130903,0.0,6.951701488421127
19431,Grp. B3 nude (50% C1; 50% C11),468,0.166,0.141,-0.185,0.365,1044.995574491334,0.0,6.951767929453422
15318,Grp. B3 nude (50% C1; 50% C11),468,0.166,0.127,-0.115,0.25,1045.0161368477338,0.0,6.95178760623924
17620,Grp. B3 nude (50% C1; 50% C11),468,0.166,0.127,-0.17,0.35,1045.119196034728,0.0,6.951886221085328
18376,Grp. B3 nude (50% C1; 50% C11),468,0.166,0.141,-0.16,0.32,1045.160520189528,0.0,6.9519257604393045
17730,Grp. B3 nude (50% C1; 50% C11),468,0.166,0.141,-0.145,0.29,1045.269912445243,0.0,6.952030420469227
19219,Grp. B3 nude (50% C1; 50% C11),468,0.166,0.141,-0.18,0.355,1045.285031410447,0.0,6.9520448845379645
16162,Grp. B3 nude (50% C1; 50% C11),468,0.166,0.127,-0.135,0.285,1045.386200991131,0.0,6.952141666451061
17768,Grp. B3 nude (50% C1; 50% C11),468,0.166,0.142,-0.12,0.245,1045.4865587777094,0.0,6.952237662523692
19324,Grp. B3 nude (50% C1; 50% C11),468,0.166,0.142,-0.155,0.31,1045.5584905935125,0.0,6.952306462395654
18034,Grp. B3 nude (50% C1; 50% C11),468,0.166,0.127,-0.18,0.37,1045.569229150535,0.0,6.9523167329849835
19643,Grp. B3 nude (50% C1; 50% C11),468,0.166,0.141,-0.19,0.375,1046.084162499544,0.0,6.952809102668668
20636,Grp. B3 nude (50% C1; 50% C11),468,0.166,0.142,-0.185,0.365,1046.5558976590266,0.0,6.9532599543716955
19985,Grp. B3 nude (50% C1; 50% C11),468,0.166,0.142,-0.17,0.335,1046.6662362488096,0.0,6.953365379006853
21731,Grp. B3 nude (50% C1; 50% C11),468,0.166,0.142,-0.21,0.41,1046.7652433245037,0.0,6.953459967319615
19069,Grp. B3 nude (50% C1; 50% C11),468,0.166,0.127,-0.205,0.415,1046.7964038502048,0.0,6.953489735275811
21514,Grp. B3 nude (50% C1; 50% C11),468,0.166,0.142,-0.205,0.4,1047.1416403734715,0.0,6.953819483834845
20696,Grp. B3 nude (50% C1; 50% C11),468,0.166,0.141,-0.215,0.42,1047.1464025988505,0.0,6.953824031657572
17081,Grp. B3 nude (50% C1; 50% C11),468,0.166,0.141,-0.13,0.265,1047.2387136424911,0.0,6.953912182631321
18862,Grp. B3 nude (50% C1; 50% C11),468,0.166,0.127,-0.2,0.405,1047.2950190399044,0.0,6.953965946766553
19276,Grp. B3 nude (50% C1; 50% C11),468,0.166,0.127,-0.21,0.425,1047.3294829846386,0.0,6.953998853805217
16423,Grp. B3 nude (50% C1; 50% C11),468,0.166,0.141,-0.115,0.235,1047.3299996485007,0.0,6.9539993471205905
17413,Grp. B3 nude (50% C1; 50% C11),468,0.166,0.127,-0.165,0.34,1047.441735221642,0.0,6.95410602754919
19007,Grp. B3 nude (50% C1; 50% C11),468,0.166,0.141,-0.175,0.345,1047.4904344187075,0.0,6.954152519934748
20496,Grp. B3 nude (50% C1; 50% C11),468,0.166,0.141,-0.21,0.41,1047.5875606738985,0.0,6.954245238444978
21936,Grp. B3 nude (50% C1; 50% C11),468,0.166,0.142,-0.215,0.42,1047.626466661071,0.0,6.9542823764047945
17308,Grp. B3 nude (50% C1; 50% C11),468,0.166,0.142,-0.11,0.225,1047.632020251652,0.0,6.954287677507848
20872,Grp. B3 nude (50% C1; 50% C11),468,0.166,0.141,-0.22,0.43,1047.8696735280134,0.0,6.9545144998273765
14883,Grp. B3 nude (50% C1; 50% C11),468,0.166,0.127,-0.105,0.23,1047.8977141165278,0.0,6.954541259083849
18241,Grp. B3 nude (50% C1; 50% C11),468,0.166,0.127,-0.185,0.38,1048.1341047017745,0.0,6.954766819196178
15533,Grp. B3 nude (50% C1; 50% C11),468,0.166,0.127,-0.12,0.26,1048.323571041649,0.0,6.954947568221148
21292,Grp. B3 nude (50% C1; 50% C11),468,0.166,0.142,-0.2,0.39,1048.4263400651444,0.0,6.9550455951942585
16999,Grp. B3 nude (50% C1; 50% C11),468,0.166,0.127,-0.155,0.325,1049.0163013077006,0.0,6.95560814813037
18588,Grp. B3 nude (50% C1; 50% C11),468,0.166,0.141,-0.165,0.33,1049.0209685650702,0.0,6.955612597295727
19860,Grp. B3 nude (50% C1; 50% C11),468,0.166,0.141,-0.195,0.385,1049.0562041538867,0.0,6.955646185754033
19958,Grp. B3 nude (50% C1; 50% C11),468,0.166,0.127,-0.235,0.47,1049.1129423788475,0.0,6.955700269310708
22520,Grp. B3 nude (50% C1; 50% C11),468,0.166,0.142,-0.24,0.465,1049.1169622474026,0.0,6.95570410098668
20284,Grp. B3 nude (50% C1; 50% C11),468,0.166,0.141,-0.205,0.4,1049.1588200634185,0.0,6.955743998331323
20853,Grp. B3 nude (50% C1; 50% C11),468,0.166,0.142,-0.19,0.375,1049.1874169567116,0.0,6.955771254932537
19471,Grp. B3 nude (50% C1; 50% C11),468,0.166,0.127,-0.215,0.435,1049.3108641059164,0.0,6.955888907780253
20005,Grp. B3 nude (50% C1; 50% C11),468,0.166,0.127,-0.24,0.48,1049.4114115296934,0.0,6.955984725530911
21275,Grp. B3 nude (50% C1; 50% C11),468,0.166,0.141,-0.245,0.475,1049.4156949542016,0.0,6.955988807262555
18650,Grp. B3 nude (50% C1; 50% C11),468,0.166,0.127,-0.195,0.395,1049.486140575562,0.0,6.9560559334331975
22463,Grp. B3 nude (50% C1; 50% C11),468,0.166,0.142,-0.235,0.455,1049.5746928972935,0.0,6.956140306711354
19875,Grp. B3 nude (50% C1; 50% C11),468,0.166,0.127,-0.23,0.46,1049.5876924528245,0.0,6.95615269218055
22545,Grp. B3 nude (50% C1; 50% C11),468,0.166,0.142,-0.245,0.475,1049.6794720075338,0.0,6.95624013179407
21008,Grp. B3 nude (50% C1; 50% C11),468,0.166,0.141,-0.225,0.44,1049.698271406993,0.0,6.956258041290842
17999,Grp. B3 nude (50% C1; 50% C11),468,0.166,0.142,-0.125,0.255,1049.8304755622216,0.0,6.9563839782713135
21295,Grp. B3 nude (50% C1; 50% C11),468,0.166,0.141,-0.25,0.485,1049.8765731889223,0.0,6.95642788689822
21255,Grp. B3 nude (50% C1; 50% C11),468,0.166,0.141,-0.24,0.465,1049.9977940967929,0.0,6.956543342289165
22117,Grp. B3 nude (50% C1; 50% C11),468,0.166,0.142,-0.22,0.43,1050.095867926014,0.0,6.956636741770404
18437,Grp. B3 nude (50% C1; 50% C11),468,0.166,0.142,-0.135,0.27,1050.3391518768435,0.0,6.956868392785192
20020,Grp. B3 nude (50% C1; 50% C11),468,0.166,0.127,-0.245,0.49,1050.3914815263838,0.0,6.956918213213113
22370,Grp. B3 nude (50% C1; 50% C11),468,0.166,0.142,-0.23,0.445,1050.49407108718,0.0,6.95701587637306
14667,Grp. B3 nude (50% C1; 50% C11),468,0.166,0.127,-0.1,0.22,1050.8996894312245,0.0,6.95740192334503
19551,Grp. B3 nude (50% C1; 50% C11),468,0.166,0.142,-0.16,0.32,1051.0248144672166,0.0,6.957520980938114
19768,Grp. B3 nude (50% C1; 50% C11),468,0.166,0.142,-0.165,0.325,1051.0420024720845,0.0,6.957537334371534
22570,Grp. B3 nude (50% C1; 50% C11),468,0.166,0.142,-0.25,0.485,1051.272351786679,0.0,6.957756473164979
17073,Grp. B3 nude (50% C1; 50% C11),468,0.166,0.142,-0.105,0.215,1051.3297513187504,0.0,6.957811071733106
22665,Grp. B3 nude (50% C1; 50% C11),468,0.166,0.142,-0.27,0.52,1051.3734021267617,0.0,6.957852590487616
19768,Grp. B3 nude (50% C1; 50% C11),468,0.166,0.127,-0.225,0.45,1051.4160727375122,0.0,6.957893175254913
21203,Grp. B3 nude (50% C1; 50% C11),468,0.166,0.141,-0.235,0.455,1051.4249831178918,0.0,6.957901649866302
21315,Grp. B3 nude (50% C1; 50% C11),468,0.166,0.141,-0.255,0.495,1051.43245213885,0.0,6.957908753553725
20075,Grp. B3 nude (50% C1; 50% C11),468,0.166,0.127,-0.265,0.525,1051.5444688589257,0.0,6.958015285127194
15951,Grp. B3 nude (50% C1; 50% C11),468,0.166,0.127,-0.13,0.275,1051.6081791781012,0.0,6.95807587066696
21070,Grp. B3 nude (50% C1; 50% C11),468,0.166,0.142,-0.195,0.38,1051.6815497401135,0.0,6.958145638099409
20090,Grp. B3 nude (50% C1; 50% C11),468,0.166,0.127,-0.27,0.535,1051.6829417131055,0.0,6.958146961667433
22640,Grp. B3 nude (50% C1; 50% C11),468,0.166,0.142,-0.265,0.51,1051.708132328332,0.0,6.958170914051314
17518,Grp. B3 nude (50% C1; 50% C11),468,0.166,0.141,-0.14,0.28,1051.789495218073,0.0,6.958248273672466
22690,Grp. B3 nude (50% C1; 50% C11),468,0.166,0.142,-0.275,0.53,1051.869915069795,0.0,6.95832473077514
18795,Grp. B3 nude (50% C1; 50% C11),468,0.166,0.141,-0.17,0.335,1051.870585560118,0.0,6.958325368201973
21390,Grp. B3 nude (50% C1; 50% C11),468,0.166,0.141,-0.275,0.53,1051.8728196504603,0.0,6.958327492121018
17206,Grp. B3 nude (50% C1; 50% C11),468,0.166,0.127,-0.16,0.33,1051.885541985822,0.0,6.958339586984758
21120,Grp. B3 nude (50% C1; 50% C11),468,0.166,0.141,-0.23,0.45,1052.018628090743,0.0,6.958466100451475
20060,Grp. B3 nude (50% C1; 50% C11),468,0.166,0.127,-0.26,0.515,1052.0588494522228,0.0,6.95850433227698
21410,Grp. B3 nude (50% C1; 50% C11),468,0.166,0.141,-0.28,0.54,1052.093999246444,0.0,6.9585377422017825
19642,Grp. B3 nude (50% C1; 50% C11),468,0.166,0.127,-0.22,0.445,1052.1185008459947,0.0,6.958561030343594
21370,Grp. B3 nude (50% C1; 50% C11),468,0.166,0.141,-0.27,0.52,1052.1384317903928,0.0,6.958579973794928
18448,Grp. B3 nude (50% C1; 50% C11),468,0.166,0.127,-0.19,0.39,1052.3830854820137,0.0,6.958812476708977
20105,Grp. B3 nude (50% C1; 50% C11),468,0.166,0.127,-0.275,0.545,1052.3894243867446,0.0,6.9588185000722635
22715,Grp. B3 nude (50% C1; 50% C11),468,0.166,0.142,-0.28,0.54,1052.7643920260348,0.0,6.95917473783535
20035,Grp. B3 nude (50% C1; 50% C11),468,0.166,0.127,-0.25,0.5,1052.7693137865715,0.0,6.959179412907065
20077,Grp. B3 nude (50% C1; 50% C11),468,0.166,0.141,-0.2,0.395,1052.7963456293744,0.0,6.95920508946831
20072,Grp. B3 nude (50% C1; 50% C11),468,0.166,0.141,-0.2,0.39,1052.9001888324071,0.0,6.9593037202077515
21335,Grp. B3 nude (50% C1; 50% C11),468,0.166,0.141,-0.26,0.505,1052.997396160156,0.0,6.95939603934854
18443,Grp. B3 nude (50% C1; 50% C11),468,0.166,0.127,-0.19,0.385,1053.0079411786546,0.0,6.9594060535857425
13128,Grp. B3 nude (50% C1; 50% C11),469,0.166,0.141,-0.05,0.05,3627.754104836312,0.0,8.196369031880813
14103,Grp. B3 nude (50% C1; 50% C11),469,0.166,0.142,-0.05,0.05,3631.313221719287,0.0,8.197349630904919
13427,Grp. B3 nude (50% C1; 50% C11),469,0.166,0.141,-0.055,0.055,3681.789501627418,0.0,8.211154190584478
14706,Grp. B3 nude (50% C1; 50% C11),469,0.166,0.142,-0.06,0.055,3686.739909652362,0.0,8.212497853205182
14417,Grp. B3 nude (50% C1; 50% C11),469,0.166,0.142,-0.055,0.05,3687.000703036112,0.0,8.212568588913841
12824,Grp. B3 nude (50% C1; 50% C11),469,0.166,0.141,-0.045,0.045,3690.0324827332543,0.0,8.213390539904568
14987,Grp. B3 nude (50% C1; 50% C11),469,0.166,0.142,-0.065,0.06,3690.1847674387072,0.0,8.213431808257603
13784,Grp. B3 nude (50% C1; 50% C11),469,0.166,0.142,-0.045,0.045,3692.497430036272,0.0,8.2140583184097
14422,Grp. B3 nude (50% C1; 50% C11),469,0.166,0.142,-0.055,0.055,3692.552844379352,0.0,8.214073325577159
13967,Grp. B3 nude (50% C1; 50% C11),469,0.166,0.141,-0.065,0.06,3702.948039415837,0.0,8.216884548791354
15260,Grp. B3 nude (50% C1; 50% C11),469,0.166,0.142,-0.07,0.065,3704.3005288988015,0.0,8.217249728786468
13701,Grp. B3 nude (50% C1; 50% C11),469,0.166,0.141,-0.06,0.055,3708.16791903552,0.0,8.218293211268668
14225,Grp. B3 nude (50% C1; 50% C11),469,0.166,0.141,-0.07,0.065,3709.995364004956,0.0,8.21878590600635
14098,Grp. B3 nude (50% C1; 50% C11),469,0.166,0.142,-0.05,0.045,3716.169265099745,0.0,8.220448649246114
13422,Grp. B3 nude (50% C1; 50% C11),469,0.166,0.141,-0.055,0.05,3716.492278661141,0.0,8.220535566579748
13706,Grp. B3 nude (50% C1; 50% C11),469,0.166,0.141,-0.06,0.06,3722.19667690968,0.0,8.2220692775336
12153,Grp. B3 nude (50% C1; 50% C11),469,0.166,0.127,-0.05,0.055,3724.629591726093,0.0,8.222722687406534
11869,Grp. B3 nude (50% C1; 50% C11),469,0.166,0.127,-0.045,0.05,3726.473238691649,0.0,8.223217552943929
12437,Grp. B3 nude (50% C1; 50% C11),469,0.166,0.127,-0.055,0.06,3730.465219043117,0.0,8.224288228464571
14711,Grp. B3 nude (50% C1; 50% C11),469,0.166,0.142,-0.06,0.06,3737.12039978002,0.0,8.22607064726459
12701,Grp. B3 nude (50% C1; 50% C11),469,0.166,0.127,-0.06,0.065,3746.847628525205,0.0,8.228670133041629
13123,Grp. B3 nude (50% C1; 50% C11),469,0.166,0.141,-0.05,0.045,3757.8357436020688,0.0,8.23159847055677
12957,Grp. B3 nude (50% C1; 50% C11),469,0.166,0.127,-0.065,0.07,3770.258436431703,0.0,8.234898828870199
13972,Grp. B3 nude (50% C1; 50% C11),469,0.166,0.141,-0.065,0.065,3775.685688440267,0.0,8.236337284510626
14470,Grp. B3 nude (50% C1; 50% C11),469,0.166,0.141,-0.075,0.07,3783.884146397072,0.0,8.238506313000391
15515,Grp. B3 nude (50% C1; 50% C11),469,0.166,0.142,-0.075,0.07,3783.926356991748,0.0,8.238517468299445
12952,Grp. B3 nude (50% C1; 50% C11),469,0.166,0.127,-0.065,0.065,3790.327736900741,0.0,8.240207768454091
14992,Grp. B3 nude (50% C1; 50% C11),469,0.166,0.142,-0.065,0.065,3795.9506029187737,0.0,8.241690146715428
14715,Grp. B3 nude (50% C1; 50% C11),469,0.166,0.141,-0.08,0.075,3802.3319403113096,0.0,8.243369825999936
15770,Grp. B3 nude (50% C1; 50% C11),469,0.166,0.142,-0.08,0.075,3807.569947532176,0.0,8.244746455587356
11552,Grp. B3 nude (50% C1; 50% C11),469,0.166,0.127,-0.04,0.045,3815.311113198636,0.0,8.246777490380074
16251,Grp. B3 nude (50% C1; 50% C11),469,0.166,0.142,-0.09,0.08,3815.778234914535,0.0,8.246899916339245
13430,Grp. B3 nude (50% C1; 50% C11),469,0.166,0.127,-0.075,0.075,3818.931811554248,0.0,8.247726032013546
13665,Grp. B3 nude (50% C1; 50% C11),469,0.166,0.127,-0.08,0.08,3819.3962588708137,0.0,8.247847641693795
15176,Grp. B3 nude (50% C1; 50% C11),469,0.166,0.141,-0.09,0.08,3822.524139450502,0.0,8.248666252878241
16009,Grp. B3 nude (50% C1; 50% C11),469,0.166,0.142,-0.085,0.075,3822.624379737129,0.0,8.248692476119395
14949,Grp. B3 nude (50% C1; 50% C11),469,0.166,0.141,-0.085,0.08,3826.95929859986,0.0,8.249825850041177
12696,Grp. B3 nude (50% C1; 50% C11),469,0.166,0.127,-0.06,0.06,3827.165595772098,0.0,8.24987975487684
13195,Grp. B3 nude (50% C1; 50% C11),469,0.166,0.127,-0.07,0.07,3829.188048897711,0.0,8.250408062023169
14230,Grp. B3 nude (50% C1; 50% C11),469,0.166,0.141,-0.07,0.07,3829.78248718026,0.0,8.250563288703033
14944,Grp. B3 nude (50% C1; 50% C11),469,0.166,0.141,-0.085,0.075,3834.009938845136,0.0,8.251666515893605
16014,Grp. B3 nude (50% C1; 50% C11),469,0.166,0.142,-0.085,0.08,3835.964354547517,0.0,8.252176143610706
15765,Grp. B3 nude (50% C1; 50% C11),469,0.166,0.142,-0.08,0.07,3840.938102045649,0.0,8.25347191315374
15265,Grp. B3 nude (50% C1; 50% C11),469,0.166,0.142,-0.07,0.07,3854.1510915342697,0.0,8.256906052028972
15181,Grp. B3 nude (50% C1; 50% C11),469,0.166,0.141,-0.09,0.085,3855.832659767777,0.0,8.257342257425615
13200,Grp. B3 nude (50% C1; 50% C11),469,0.166,0.127,-0.07,0.075,3856.378232259617,0.0,8.257483740198944
15255,Grp. B3 nude (50% C1; 50% C11),469,0.166,0.142,-0.07,0.06,3857.780112081791,0.0,8.25784719652821
14710,Grp. B3 nude (50% C1; 50% C11),469,0.166,0.141,-0.08,0.07,3857.906076363772,0.0,8.257879848007008
11874,Grp. B3 nude (50% C1; 50% C11),469,0.166,0.127,-0.045,0.055,3857.9568784089233,0.0,8.257893016215268
16498,Grp. B3 nude (50% C1; 50% C11),469,0.166,0.142,-0.095,0.085,3861.546108963196,0.0,8.258822928625118
15413,Grp. B3 nude (50% C1; 50% C11),469,0.166,0.141,-0.095,0.085,3864.0441209934174,0.0,8.259469613743775
15633,Grp. B3 nude (50% C1; 50% C11),469,0.166,0.141,-0.1,0.09,3866.766566800051,0.0,8.260173924333989
16728,Grp. B3 nude (50% C1; 50% C11),469,0.166,0.142,-0.1,0.09,3867.6762067807954,0.0,8.260409142309367
16256,Grp. B3 nude (50% C1; 50% C11),469,0.166,0.142,-0.09,0.085,3867.754049124405,0.0,8.260429268492665
13884,Grp. B3 nude (50% C1; 50% C11),469,0.166,0.127,-0.085,0.085,3872.8676154971513,0.0,8.26175049754588
15510,Grp. B3 nude (50% C1; 50% C11),469,0.166,0.142,-0.075,0.065,3874.8987081278447,0.0,8.26227480160782
15854,Grp. B3 nude (50% C1; 50% C11),469,0.166,0.141,-0.105,0.095,3875.834584920169,0.0,8.262516295350796
17404,Grp. B3 nude (50% C1; 50% C11),469,0.166,0.142,-0.115,0.1,3878.024392083804,0.0,8.26308112564455
17629,Grp. B3 nude (50% C1; 50% C11),469,0.166,0.142,-0.12,0.105,3878.2794711056304,0.0,8.263146898988765
14754,Grp. B3 nude (50% C1; 50% C11),469,0.166,0.127,-0.105,0.1,3879.093407899314,0.0,8.263356747557184
16504,Grp. B3 nude (50% C1; 50% C11),469,0.166,0.141,-0.12,0.105,3879.2446178975497,0.0,8.26339572755464
14543,Grp. B3 nude (50% C1; 50% C11),469,0.166,0.127,-0.1,0.095,3879.603383909727,0.0,8.26348820675061
16954,Grp. B3 nude (50% C1; 50% C11),469,0.166,0.142,-0.105,0.095,3879.736421502805,0.0,8.263522497707426
16289,Grp. B3 nude (50% C1; 50% C11),469,0.166,0.141,-0.115,0.1,3881.5591123348727,0.0,8.263992184980028
16725,Grp. B3 nude (50% C1; 50% C11),469,0.166,0.141,-0.125,0.11,3882.143353108289,0.0,8.264142690689674
17855,Grp. B3 nude (50% C1; 50% C11),469,0.166,0.142,-0.125,0.11,3883.4807167136414,0.0,8.264487122407344
17179,Grp. B3 nude (50% C1; 50% C11),469,0.166,0.142,-0.11,0.095,3884.1288415405024,0.0,8.264654001245294
14969,Grp. B3 nude (50% C1; 50% C11),469,0.166,0.127,-0.11,0.105,3884.338561137119,0.0,8.26470799377324
13879,Grp. B3 nude (50% C1; 50% C11),469,0.166,0.127,-0.085,0.08,3885.136219928968,0.0,8.264913325231833
14111,Grp. B3 nude (50% C1; 50% C11),469,0.166,0.127,-0.09,0.09,3885.5691417296807,0.0,8.265024749299794
12432,Grp. B3 nude (50% C1; 50% C11),469,0.166,0.127,-0.055,0.055,3885.598300468104,0.0,8.265032253639044
14333,Grp. B3 nude (50% C1; 50% C11),469,0.166,0.127,-0.095,0.09,3887.122550009097,0.0,8.265424458528386
15595,Grp. B3 nude (50% C1; 50% C11),469,0.166,0.127,-0.125,0.115,3887.5240376005336,0.0,8.265527739773976
13435,Grp. B3 nude (50% C1; 50% C11),469,0.166,0.127,-0.075,0.08,3888.068201668334,0.0,8.26566770700784
12158,Grp. B3 nude (50% C1; 50% C11),469,0.166,0.127,-0.05,0.06,3889.090572817407,0.0,8.265930623372185
16932,Grp. B3 nude (50% C1; 50% C11),469,0.166,0.141,-0.13,0.115,3889.1370034150714,0.0,8.265942561978303
14220,Grp. B3 nude (50% C1; 50% C11),469,0.166,0.141,-0.07,0.06,3889.3358962608486,0.0,8.26599370128248
16074,Grp. B3 nude (50% C1; 50% C11),469,0.166,0.141,-0.11,0.1,3890.213786789164,0.0,8.26621939314584
16069,Grp. B3 nude (50% C1; 50% C11),469,0.166,0.141,-0.11,0.095,3890.575133141161,0.0,8.26631227482043
15384,Grp. B3 nude (50% C1; 50% C11),469,0.166,0.127,-0.12,0.11,3891.7701304788793,0.0,8.266619379505878
18072,Grp. B3 nude (50% C1; 50% C11),469,0.166,0.142,-0.13,0.115,3892.561068771719,0.0,8.266822592415327
15179,Grp. B3 nude (50% C1; 50% C11),469,0.166,0.127,-0.115,0.11,3893.7476750196975,0.0,8.26712738542989
17184,Grp. B3 nude (50% C1; 50% C11),469,0.166,0.142,-0.11,0.1,3896.293492409545,0.0,8.26778099365243
16949,Grp. B3 nude (50% C1; 50% C11),469,0.166,0.142,-0.105,0.09,3898.350889445645,0.0,8.268308893831858
14465,Grp. B3 nude (50% C1; 50% C11),469,0.166,0.141,-0.075,0.065,3898.3734969419793,0.0,8.268314693061178
18067,Grp. B3 nude (50% C1; 50% C11),469,0.166,0.142,-0.13,0.11,3900.221654705989,0.0,8.268788665042713
18509,Grp. B3 nude (50% C1; 50% C11),469,0.166,0.142,-0.14,0.12,3901.611564837463,0.0,8.269144968518336
18726,Grp. B3 nude (50% C1; 50% C11),469,0.166,0.142,-0.145,0.125,3901.6566130662695,0.0,8.269156514508499
15174,Grp. B3 nude (50% C1; 50% C11),469,0.166,0.127,-0.115,0.105,3901.710365184912,0.0,8.269170291156142
17566,Grp. B3 nude (50% C1; 50% C11),469,0.166,0.141,-0.145,0.125,3901.761876052931,0.0,8.269183493194012
15797,Grp. B3 nude (50% C1; 50% C11),469,0.166,0.127,-0.13,0.12,3902.227775419981,0.0,8.269302893497807
14338,Grp. B3 nude (50% C1; 50% C11),469,0.166,0.127,-0.095,0.095,3903.1272027150944,0.0,8.269533357660325
17359,Grp. B3 nude (50% C1; 50% C11),469,0.166,0.141,-0.14,0.12,3903.4312988496936,0.0,8.269611265520668
14106,Grp. B3 nude (50% C1; 50% C11),469,0.166,0.127,-0.09,0.085,3903.684419887227,0.0,8.269676109195782
17773,Grp. B3 nude (50% C1; 50% C11),469,0.166,0.141,-0.15,0.13,3904.0490277035633,0.0,8.269769505779836
19584,Grp. B3 nude (50% C1; 50% C11),469,0.166,0.142,-0.165,0.14,3905.122207676668,0.0,8.270044356963787
16613,Grp. B3 nude (50% C1; 50% C11),469,0.166,0.127,-0.15,0.135,3905.196229951996,0.0,8.270063311959264
18938,Grp. B3 nude (50% C1; 50% C11),469,0.166,0.142,-0.15,0.13,3905.566828294916,0.0,8.270158206232828
18606,Grp. B3 nude (50% C1; 50% C11),469,0.166,0.141,-0.17,0.145,3905.786891502961,0.0,8.270214550681178
16003,Grp. B3 nude (50% C1; 50% C11),469,0.166,0.127,-0.135,0.125,3906.02252576138,0.0,8.270274878383994
28280,Grp. B3 nude (50% C1; 50% C11),470,0.171,0.141,-0.14,0.385,387.3502569061242,0.0,5.959329340317976
26869,Grp. B3 nude (50% C1; 50% C11),470,0.171,0.127,-0.135,0.39,387.5060307589074,0.0,5.959731411921089
28829,Grp. B3 nude (50% C1; 50% C11),470,0.171,0.141,-0.15,0.41,389.0878817410596,0.0,5.96380523517516
27728,Grp. B3 nude (50% C1; 50% C11),470,0.171,0.141,-0.13,0.36,389.32181215732896,0.0,5.964406282220554
27407,Grp. B3 nude (50% C1; 50% C11),470,0.171,0.127,-0.145,0.415,389.3431740451832,0.0,5.964461150201619
26331,Grp. B3 nude (50% C1; 50% C11),470,0.171,0.127,-0.125,0.365,389.4943760432175,0.0,5.964849426293127
29373,Grp. B3 nude (50% C1; 50% C11),470,0.171,0.141,-0.16,0.435,389.7103973062885,0.0,5.96540389227176
27936,Grp. B3 nude (50% C1; 50% C11),470,0.171,0.127,-0.155,0.44,389.819840479886,0.0,5.965684684905609
30266,Grp. B3 nude (50% C1; 50% C11),470,0.171,0.142,-0.155,0.42,389.9041000293538,0.0,5.965900811525348
29717,Grp. B3 nude (50% C1; 50% C11),470,0.171,0.142,-0.145,0.395,390.0535625787588,0.0,5.96628406963896
29149,Grp. B3 nude (50% C1; 50% C11),470,0.171,0.142,-0.135,0.37,390.20541909747504,0.0,5.966673316092253
29440,Grp. B3 nude (50% C1; 50% C11),470,0.171,0.142,-0.14,0.385,390.2206322719841,0.0,5.966712302936642
30825,Grp. B3 nude (50% C1; 50% C11),470,0.171,0.142,-0.165,0.445,390.41284208848646,0.0,5.967204748691787
29897,Grp. B3 nude (50% C1; 50% C11),470,0.171,0.141,-0.17,0.46,390.7487562548407,0.0,5.968064786327463
28465,Grp. B3 nude (50% C1; 50% C11),470,0.171,0.127,-0.165,0.465,390.74946407801,0.0,5.968066597779238
31364,Grp. B3 nude (50% C1; 50% C11),470,0.171,0.142,-0.175,0.47,390.838100766171,0.0,5.968293409700327
29999,Grp. B3 nude (50% C1; 50% C11),470,0.171,0.142,-0.15,0.41,391.7424078892889,0.0,5.970604501059284
30431,Grp. B3 nude (50% C1; 50% C11),470,0.171,0.141,-0.18,0.485,391.80611591830217,0.0,5.970767115185194
28873,Grp. B3 nude (50% C1; 50% C11),470,0.171,0.142,-0.13,0.36,391.83090604369454,0.0,5.970830384593621
31898,Grp. B3 nude (50% C1; 50% C11),470,0.171,0.142,-0.185,0.495,391.9112453284429,0.0,5.97103539917626
28984,Grp. B3 nude (50% C1; 50% C11),470,0.171,0.127,-0.175,0.49,392.11932391415206,0.0,5.971566191211053
30553,Grp. B3 nude (50% C1; 50% C11),470,0.171,0.142,-0.16,0.435,392.3157311185886,0.0,5.972066952127539
28717,Grp. B3 nude (50% C1; 50% C11),470,0.171,0.127,-0.17,0.475,392.3205206274748,0.0,5.97207916035492
28203,Grp. B3 nude (50% C1; 50% C11),470,0.171,0.127,-0.16,0.45,392.3767665793202,0.0,5.97222251742486
27674,Grp. B3 nude (50% C1; 50% C11),470,0.171,0.127,-0.15,0.425,392.73388592867656,0.0,5.973132247468249
29241,Grp. B3 nude (50% C1; 50% C11),470,0.171,0.127,-0.18,0.5,392.83569784507625,0.0,5.973391452811921
32442,Grp. B3 nude (50% C1; 50% C11),470,0.171,0.142,-0.195,0.52,392.96165418844856,0.0,5.973712035069229
30960,Grp. B3 nude (50% C1; 50% C11),470,0.171,0.141,-0.19,0.51,392.9975366253885,0.0,5.973803343720834
30164,Grp. B3 nude (50% C1; 50% C11),470,0.171,0.141,-0.175,0.47,393.1008596289901,0.0,5.9740662192201075
25775,Grp. B3 nude (50% C1; 50% C11),470,0.171,0.127,-0.115,0.34,393.1029788904103,0.0,5.974071610344689
27135,Grp. B3 nude (50% C1; 50% C11),470,0.171,0.127,-0.14,0.4,393.12884509327097,0.0,5.974137408248262
29498,Grp. B3 nude (50% C1; 50% C11),470,0.171,0.127,-0.185,0.515,393.172710016463,0.0,5.974248981023242
30688,Grp. B3 nude (50% C1; 50% C11),470,0.171,0.141,-0.185,0.495,393.2685794056456,0.0,5.9744927866091055
27160,Grp. B3 nude (50% C1; 50% C11),470,0.171,0.141,-0.12,0.335,393.2890336814416,0.0,5.974544796215167
29091,Grp. B3 nude (50% C1; 50% C11),470,0.171,0.141,-0.155,0.42,393.59177590396354,0.0,5.975314270406866
29635,Grp. B3 nude (50% C1; 50% C11),470,0.171,0.141,-0.165,0.445,393.6888870703347,0.0,5.975560970653502
31092,Grp. B3 nude (50% C1; 50% C11),470,0.171,0.142,-0.17,0.46,393.76976768937567,0.0,5.975766392535239
28591,Grp. B3 nude (50% C1; 50% C11),470,0.171,0.142,-0.125,0.345,394.0851928470425,0.0,5.976567111424678
26598,Grp. B3 nude (50% C1; 50% C11),470,0.171,0.127,-0.13,0.375,394.15722950407815,0.0,5.976749889349827
29755,Grp. B3 nude (50% C1; 50% C11),470,0.171,0.127,-0.19,0.525,394.1597443162354,0.0,5.976756269555356
33001,Grp. B3 nude (50% C1; 50% C11),470,0.171,0.142,-0.205,0.545,394.32016094369465,0.0,5.977163170552077
31222,Grp. B3 nude (50% C1; 50% C11),470,0.171,0.141,-0.195,0.52,394.3937169301013,0.0,5.977349691896974
31499,Grp. B3 nude (50% C1; 50% C11),470,0.171,0.141,-0.2,0.535,394.5186640000156,0.0,5.977666449686506
30017,Grp. B3 nude (50% C1; 50% C11),470,0.171,0.127,-0.195,0.54,394.5860545981469,0.0,5.977837252361251
28552,Grp. B3 nude (50% C1; 50% C11),470,0.171,0.141,-0.145,0.395,394.70688665866834,0.0,5.978143430347013
31636,Grp. B3 nude (50% C1; 50% C11),470,0.171,0.142,-0.18,0.485,394.8402207203711,0.0,5.978481178561716
28290,Grp. B3 nude (50% C1; 50% C11),470,0.171,0.142,-0.12,0.335,394.997248475962,0.0,5.97887879899322
30284,Grp. B3 nude (50% C1; 50% C11),470,0.171,0.127,-0.2,0.55,395.2879329069015,0.0,5.97961444341854
31766,Grp. B3 nude (50% C1; 50% C11),470,0.171,0.141,-0.205,0.545,395.3307962517359,0.0,5.979722873293258
27999,Grp. B3 nude (50% C1; 50% C11),470,0.171,0.141,-0.135,0.37,395.7005186810974,0.0,5.980657659184296
33518,Grp. B3 nude (50% C1; 50% C11),470,0.171,0.142,-0.215,0.57,395.8443597211593,0.0,5.981021102990377
32175,Grp. B3 nude (50% C1; 50% C11),470,0.171,0.142,-0.19,0.51,395.98785949477264,0.0,5.981383552943036
32028,Grp. B3 nude (50% C1; 50% C11),470,0.171,0.141,-0.21,0.56,396.0383160950607,0.0,5.981510964389555
30803,Grp. B3 nude (50% C1; 50% C11),470,0.171,0.127,-0.21,0.575,396.1083743974829,0.0,5.981687846533849
32273,Grp. B3 nude (50% C1; 50% C11),470,0.171,0.141,-0.215,0.57,396.5664414696598,0.0,5.982843596947503
28557,Grp. B3 nude (50% C1; 50% C11),470,0.171,0.141,-0.145,0.4,396.64544022490816,0.0,5.983042783967599
30551,Grp. B3 nude (50% C1; 50% C11),470,0.171,0.127,-0.205,0.565,396.68709851764,0.0,5.9831478049789295
32170,Grp. B3 nude (50% C1; 50% C11),470,0.171,0.142,-0.19,0.505,396.94308852378936,0.0,5.983792916566687
28004,Grp. B3 nude (50% C1; 50% C11),470,0.171,0.141,-0.135,0.375,397.0050414264452,0.0,5.983948979413728
31631,Grp. B3 nude (50% C1; 50% C11),470,0.171,0.142,-0.18,0.48,397.0816843355103,0.0,5.984142013516469
33935,Grp. B3 nude (50% C1; 50% C11),470,0.171,0.142,-0.225,0.595,397.5273437256615,0.0,5.985263720975462
31264,Grp. B3 nude (50% C1; 50% C11),470,0.171,0.127,-0.22,0.6,397.58554119127854,0.0,5.985410108908106
32499,Grp. B3 nude (50% C1; 50% C11),470,0.171,0.141,-0.22,0.585,397.6791675331604,0.0,5.985645568475939
32724,Grp. B3 nude (50% C1; 50% C11),470,0.171,0.142,-0.2,0.535,397.719367460422,0.0,5.985746649696302
29640,Grp. B3 nude (50% C1; 50% C11),470,0.171,0.141,-0.165,0.45,397.8252677691908,0.0,5.986012883178886
31087,Grp. B3 nude (50% C1; 50% C11),470,0.171,0.142,-0.17,0.455,397.82763901402575,0.0,5.986018843679538
32680,Grp. B3 nude (50% C1; 50% C11),470,0.171,0.141,-0.225,0.595,397.88759642462463,0.0,5.986169544352448
26045,Grp. B3 nude (50% C1; 50% C11),470,0.171,0.127,-0.12,0.35,398.0143892094708,0.0,5.986488158423545
32719,Grp. B3 nude (50% C1; 50% C11),470,0.171,0.142,-0.2,0.53,398.0624031311264,0.0,5.98660878478064
26603,Grp. B3 nude (50% C1; 50% C11),470,0.171,0.127,-0.13,0.38,398.2092432353746,0.0,5.9869776039055775
31048,Grp. B3 nude (50% C1; 50% C11),470,0.171,0.127,-0.215,0.59,398.2293181719354,0.0,5.987028015669995
29096,Grp. B3 nude (50% C1; 50% C11),470,0.171,0.141,-0.155,0.425,398.3197828188855,0.0,5.9872551570909724
27140,Grp. B3 nude (50% C1; 50% C11),470,0.171,0.127,-0.14,0.405,398.4088189722253,0.0,5.987478661439907
33263,Grp. B3 nude (50% C1; 50% C11),470,0.171,0.142,-0.21,0.555,398.5210338484893,0.0,5.987760279393127
34240,Grp. B3 nude (50% C1; 50% C11),470,0.171,0.142,-0.235,0.62,399.1841431764965,0.0,5.989422822146627
32975,Grp. B3 nude (50% C1; 50% C11),470,0.171,0.141,-0.235,0.62,399.21763480659695,0.0,5.989506718828833
33268,Grp. B3 nude (50% C1; 50% C11),470,0.171,0.142,-0.21,0.56,399.2499871755952,0.0,5.989587754973882
33744,Grp. B3 nude (50% C1; 50% C11),470,0.171,0.142,-0.22,0.58,399.2581153756788,0.0,5.989608113440021
30169,Grp. B3 nude (50% C1; 50% C11),470,0.171,0.141,-0.175,0.475,399.2993899589063,0.0,5.989711486291665
27679,Grp. B3 nude (50% C1; 50% C11),470,0.171,0.127,-0.15,0.43,399.3688327266946,0.0,5.98988538270069
31597,Grp. B3 nude (50% C1; 50% C11),470,0.171,0.127,-0.23,0.625,399.43429318267465,0.0,5.990049279045117
27456,Grp. B3 nude (50% C1; 50% C11),470,0.171,0.141,-0.125,0.35,399.4458159814968,0.0,5.990078126424569
32842,Grp. B3 nude (50% C1; 50% C11),470,0.171,0.141,-0.23,0.61,399.6054216838857,0.0,5.990477614459849
28208,Grp. B3 nude (50% C1; 50% C11),470,0.171,0.127,-0.16,0.455,399.7478860582374,0.0,5.990834063540575
25200,Grp. B3 nude (50% C1; 50% C11),470,0.171,0.127,-0.105,0.315,399.75355419255885,0.0,5.9908482427128344
34097,Grp. B3 nude (50% C1; 50% C11),470,0.171,0.142,-0.23,0.605,399.9585130905446,0.0,5.991360824455335
26585,Grp. B3 nude (50% C1; 50% C11),470,0.171,0.141,-0.11,0.31,400.045550606506,0.0,5.991578417140809
31445,Grp. B3 nude (50% C1; 50% C11),470,0.171,0.127,-0.225,0.615,400.1048799844112,0.0,5.991726712700608
30548,Grp. B3 nude (50% C1; 50% C11),470,0.171,0.142,-0.16,0.43,400.2080192115153,0.0,5.991984459958658
30693,Grp. B3 nude (50% C1; 50% C11),470,0.171,0.141,-0.185,0.5,400.5510919097863,0.0,5.99284132868359
28722,Grp. B3 nude (50% C1; 50% C11),470,0.171,0.127,-0.17,0.48,400.6951875447133,0.0,5.993201007449471
27451,Grp. B3 nude (50% C1; 50% C11),470,0.171,0.141,-0.125,0.345,400.73271188003775,0.0,5.993294651145626
31822,Grp. B3 nude (50% C1; 50% C11),470,0.171,0.127,-0.24,0.65,400.8248993868607,0.0,5.99352467205974
33142,Grp. B3 nude (50% C1; 50% C11),470,0.171,0.141,-0.245,0.645,400.8773229926547,0.0,5.993655452802029
33749,Grp. B3 nude (50% C1; 50% C11),470,0.171,0.142,-0.22,0.585,400.91098444944737,0.0,5.993739418747903
28005,Grp. B3 nude (50% C1; 50% C11),470,0.171,0.142,-0.115,0.32,401.0000460190671,0.0,5.9939615420673285
34417,Grp. B3 nude (50% C1; 50% C11),470,0.171,0.142,-0.245,0.645,401.0127768585027,0.0,5.993993289289002
27700,Grp. B3 nude (50% C1; 50% C11),470,0.171,0.142,-0.11,0.31,401.2142351975273,0.0,5.994495537007496
29246,Grp. B3 nude (50% C1; 50% C11),470,0.171,0.127,-0.18,0.505,401.42806596088286,0.0,5.9950283540995075
34342,Grp. B3 nude (50% C1; 50% C11),470,0.171,0.142,-0.24,0.63,401.4365888238031,0.0,5.995049585231977
28590,Grp. B4 nude (20% C1; 80% C11),472,0.166,0.141,-0.095,0.13,1008.6686470030398,0.0,6.916386568999189
35148,Grp. B4 nude (20% C1; 80% C11),472,0.166,0.127,-0.245,0.31,1015.4329335260828,0.0,6.92307033602916
35083,Grp. B4 nude (20% C1; 80% C11),472,0.166,0.127,-0.24,0.305,1015.5188758114772,0.0,6.923154968549785
42573,Grp. B4 nude (20% C1; 80% C11),472,0.166,0.142,-0.625,0.72,1015.5839230855748,0.0,6.923219019738287
39778,Grp. B4 nude (20% C1; 80% C11),472,0.166,0.127,-0.59,0.695,1015.5891097276372,0.0,6.92322412677937
42018,Grp. B4 nude (20% C1; 80% C11),472,0.166,0.142,-0.585,0.675,1015.5920076771068,0.0,6.9232269802417665
40723,Grp. B4 nude (20% C1; 80% C11),472,0.166,0.141,-0.575,0.665,1015.6006323524476,0.0,6.923235472469605
41948,Grp. B4 nude (20% C1; 80% C11),472,0.166,0.142,-0.58,0.67,1015.6089150236388,0.0,6.923243627877501
41393,Grp. B4 nude (20% C1; 80% C11),472,0.166,0.142,-0.54,0.625,1015.6099145157634,0.0,6.923244612007926
39713,Grp. B4 nude (20% C1; 80% C11),472,0.166,0.127,-0.585,0.69,1015.6127420305372,0.0,6.923247396059949
37091,Grp. B4 nude (20% C1; 80% C11),472,0.166,0.142,-0.235,0.285,1015.6198947445772,0.0,6.923254438792437
41448,Grp. B4 nude (20% C1; 80% C11),472,0.166,0.127,-0.715,0.835,1015.6260718316944,0.0,6.923260520859522
43188,Grp. B4 nude (20% C1; 80% C11),472,0.166,0.127,-0.845,0.98,1015.6263027369272,0.0,6.9232607482121
41513,Grp. B4 nude (20% C1; 80% C11),472,0.166,0.127,-0.72,0.84,1015.6263390345902,0.0,6.923260783951291
44378,Grp. B4 nude (20% C1; 80% C11),472,0.166,0.142,-0.755,0.865,1015.6264005487463,0.0,6.923260844518994
43718,Grp. B4 nude (20% C1; 80% C11),472,0.166,0.141,-0.795,0.91,1015.6264013759132,0.0,6.923260845333434
42653,Grp. B4 nude (20% C1; 80% C11),472,0.166,0.127,-0.805,0.935,1015.6269539434238,0.0,6.923261389399007
43103,Grp. B4 nude (20% C1; 80% C11),472,0.166,0.141,-0.75,0.86,1015.6270716375658,0.0,6.923261505282241
45623,Grp. B4 nude (20% C1; 80% C11),472,0.166,0.142,-0.845,0.965,1015.627549197118,0.0,6.923261975493653
44443,Grp. B4 nude (20% C1; 80% C11),472,0.166,0.142,-0.76,0.87,1015.627750078674,0.0,6.923262173284208
43648,Grp. B4 nude (20% C1; 80% C11),472,0.166,0.141,-0.79,0.905,1015.6278860135012,0.0,6.9232623071273585
43038,Grp. B4 nude (20% C1; 80% C11),472,0.166,0.141,-0.745,0.855,1015.6280030670016,0.0,6.923262422379701
40313,Grp. B4 nude (20% C1; 80% C11),472,0.166,0.127,-0.63,0.74,1015.6294813879688,0.0,6.923263877951906
41878,Grp. B4 nude (20% C1; 80% C11),472,0.166,0.141,-0.66,0.76,1015.6298400062722,0.0,6.923264231051385
45553,Grp. B4 nude (20% C1; 80% C11),472,0.166,0.142,-0.84,0.96,1015.6315576605772,0.0,6.923265922270748
38573,Grp. B4 nude (20% C1; 80% C11),472,0.166,0.127,-0.5,0.595,1015.6347341912106,0.0,6.923269049906595
40653,Grp. B4 nude (20% C1; 80% C11),472,0.166,0.141,-0.57,0.66,1015.6357726845528,0.0,6.923270072412794
39178,Grp. B4 nude (20% C1; 80% C11),472,0.166,0.127,-0.545,0.645,1015.6373307798448,0.0,6.92327160651994
44808,Grp. B4 nude (20% C1; 80% C11),472,0.166,0.141,-0.875,1.0,1015.6374182202196,0.0,6.923271692614029
43253,Grp. B4 nude (20% C1; 80% C11),472,0.166,0.127,-0.85,0.985,1015.638607026812,0.0,6.923272863116292
40768,Grp. B4 nude (20% C1; 80% C11),472,0.166,0.142,-0.495,0.575,1015.639152068403,0.0,6.923273399765294
42718,Grp. B4 nude (20% C1; 80% C11),472,0.166,0.127,-0.81,0.94,1015.6397722652316,0.0,6.923274010411937
40978,Grp. B4 nude (20% C1; 80% C11),472,0.166,0.127,-0.68,0.795,1015.6404921958994,0.0,6.923274719256187
43268,Grp. B4 nude (20% C1; 80% C11),472,0.166,0.142,-0.675,0.775,1015.6441174594484,0.0,6.9232782886856326
43823,Grp. B4 nude (20% C1; 80% C11),472,0.166,0.142,-0.715,0.82,1015.6451547618964,0.0,6.9232793100098355
42118,Grp. B4 nude (20% C1; 80% C11),472,0.166,0.127,-0.765,0.89,1015.6476702106304,0.0,6.9232817867071414
40108,Grp. B4 nude (20% C1; 80% C11),472,0.166,0.141,-0.53,0.615,1015.6486869869368,0.0,6.923282787817889
39493,Grp. B4 nude (20% C1; 80% C11),472,0.166,0.141,-0.485,0.565,1015.6497042976416,0.0,6.923283789453797
45688,Grp. B4 nude (20% C1; 80% C11),472,0.166,0.142,-0.85,0.97,1015.6504327024307,0.0,6.923284506634657
40848,Grp. B4 nude (20% C1; 80% C11),472,0.166,0.127,-0.67,0.785,1015.65121346406,0.0,6.923285275365023
42423,Grp. B4 nude (20% C1; 80% C11),472,0.166,0.141,-0.7,0.805,1015.6512683935616,0.0,6.923285329448058
39108,Grp. B4 nude (20% C1; 80% C11),472,0.166,0.127,-0.54,0.64,1015.6551076039422,0.0,6.923289109488751
41268,Grp. B4 nude (20% C1; 80% C11),472,0.166,0.141,-0.615,0.71,1015.6574021385655,0.0,6.9232913686533175
43193,Grp. B4 nude (20% C1; 80% C11),472,0.166,0.142,-0.67,0.77,1015.6585587129546,0.0,6.923292507397276
40913,Grp. B4 nude (20% C1; 80% C11),472,0.166,0.127,-0.675,0.79,1015.6585855031858,0.0,6.923292533774478
42558,Grp. B4 nude (20% C1; 80% C11),472,0.166,0.141,-0.71,0.815,1015.6588698371428,0.0,6.92329281372477
42183,Grp. B4 nude (20% C1; 80% C11),472,0.166,0.127,-0.77,0.895,1015.6627661885924,0.0,6.923296649997058
39563,Grp. B4 nude (20% C1; 80% C11),472,0.166,0.141,-0.49,0.57,1015.6638428678324,0.0,6.9232977100720205
42493,Grp. B4 nude (20% C1; 80% C11),472,0.166,0.141,-0.705,0.81,1015.6649357186913,0.0,6.923298786068059
42783,Grp. B4 nude (20% C1; 80% C11),472,0.166,0.127,-0.815,0.945,1015.6698037321632,0.0,6.923303578989065
41333,Grp. B4 nude (20% C1; 80% C11),472,0.166,0.141,-0.62,0.715,1015.6786367871628,0.0,6.92331227572944
39243,Grp. B4 nude (20% C1; 80% C11),472,0.166,0.127,-0.55,0.65,1015.6788493026328,0.0,6.923312484964369
41813,Grp. B4 nude (20% C1; 80% C11),472,0.166,0.141,-0.655,0.755,1015.6799767827246,0.0,6.923313595039141
45068,Grp. B4 nude (20% C1; 80% C11),472,0.166,0.142,-0.805,0.92,1015.682463101701,0.0,6.923316042971551
43318,Grp. B4 nude (20% C1; 80% C11),472,0.166,0.127,-0.855,0.99,1015.6857101098232,0.0,6.923319239839715
43748,Grp. B4 nude (20% C1; 80% C11),472,0.166,0.142,-0.71,0.815,1015.6892592383052,0.0,6.923322734151239
45763,Grp. B4 nude (20% C1; 80% C11),472,0.166,0.142,-0.855,0.975,1015.7031777547038,0.0,6.923336437575694
42638,Grp. B4 nude (20% C1; 80% C11),472,0.166,0.142,-0.63,0.725,1015.7038524917774,0.0,6.923337101880842
38948,Grp. B4 nude (20% C1; 80% C11),472,0.166,0.141,-0.445,0.52,1015.704351816797,0.0,6.923337593485649
38038,Grp. B4 nude (20% C1; 80% C11),472,0.166,0.127,-0.46,0.55,1015.708654595011,0.0,6.9233418297273195
44328,Grp. B4 nude (20% C1; 80% C11),472,0.166,0.141,-0.84,0.96,1015.7115416477536,0.0,6.923344672125705
40208,Grp. B4 nude (20% C1; 80% C11),472,0.166,0.142,-0.455,0.53,1015.7149782029222,0.0,6.92334805551677
44998,Grp. B4 nude (20% C1; 80% C11),472,0.166,0.142,-0.8,0.915,1015.7159333131076,0.0,6.923348995849202
44263,Grp. B4 nude (20% C1; 80% C11),472,0.166,0.141,-0.835,0.955,1015.71817761536,0.0,6.923351205423454
40143,Grp. B4 nude (20% C1; 80% C11),472,0.166,0.142,-0.45,0.525,1015.7188040344367,0.0,6.923351822148542
41463,Grp. B4 nude (20% C1; 80% C11),472,0.166,0.142,-0.545,0.63,1015.7203900805658,0.0,6.9233533836485215
45133,Grp. B4 nude (20% C1; 80% C11),472,0.166,0.142,-0.81,0.925,1015.7239210657768,0.0,6.923356859978334
40378,Grp. B4 nude (20% C1; 80% C11),472,0.166,0.127,-0.635,0.745,1015.7286716313912,0.0,6.923361536991848
40838,Grp. B4 nude (20% C1; 80% C11),472,0.166,0.142,-0.5,0.58,1015.7298767950624,0.0,6.923362723492722
42048,Grp. B4 nude (20% C1; 80% C11),472,0.166,0.127,-0.76,0.885,1015.7435152431945,0.0,6.923376150641889
37973,Grp. B4 nude (20% C1; 80% C11),472,0.166,0.127,-0.455,0.545,1015.7469165939344,0.0,6.923379499267791
40788,Grp. B4 nude (20% C1; 80% C11),472,0.166,0.141,-0.58,0.67,1015.7470008285233,0.0,6.923379582196505
38883,Grp. B4 nude (20% C1; 80% C11),472,0.166,0.141,-0.44,0.515,1015.7472431024742,0.0,6.9233798207144845
38643,Grp. B4 nude (20% C1; 80% C11),472,0.166,0.127,-0.505,0.6,1015.754218279334,0.0,6.92338668773082
41948,Grp. B4 nude (20% C1; 80% C11),472,0.166,0.141,-0.665,0.765,1015.7571524079252,0.0,6.923389576347279
44933,Grp. B4 nude (20% C1; 80% C11),472,0.166,0.142,-0.795,0.91,1015.7622356887885,0.0,6.923394580760126
38338,Grp. B4 nude (20% C1; 80% C11),472,0.166,0.141,-0.4,0.47,1015.7648294156394,0.0,6.92339713423519
41983,Grp. B4 nude (20% C1; 80% C11),472,0.166,0.127,-0.755,0.88,1015.7703510790132,0.0,6.923402570186708
43383,Grp. B4 nude (20% C1; 80% C11),472,0.166,0.127,-0.86,0.995,1015.7707141414904,0.0,6.923402927612392
41328,Grp. B4 nude (20% C1; 80% C11),472,0.166,0.142,-0.535,0.62,1015.7736905450076,0.0,6.9234058578003905
39588,Grp. B4 nude (20% C1; 80% C11),472,0.166,0.142,-0.41,0.48,1015.7804452095012,0.0,6.923412507551313
44398,Grp. B4 nude (20% C1; 80% C11),472,0.166,0.141,-0.845,0.965,1015.7891267105348,0.0,6.923421054146176
41583,Grp. B4 nude (20% C1; 80% C11),472,0.166,0.127,-0.725,0.845,1015.7902885800908,0.0,6.923422197955319
37438,Grp. B4 nude (20% C1; 80% C11),472,0.166,0.127,-0.415,0.5,1015.7919679164858,0.0,6.923423851185347
44193,Grp. B4 nude (20% C1; 80% C11),472,0.166,0.141,-0.83,0.95,1015.7937115725796,0.0,6.9234255677322905
41383,Grp. B4 nude (20% C1; 80% C11),472,0.166,0.127,-0.71,0.83,1015.8005746849888,0.0,6.923432324113183
43173,Grp. B4 nude (20% C1; 80% C11),472,0.166,0.141,-0.755,0.865,1015.8070464574428,0.0,6.923438695198216
44858,Grp. B4 nude (20% C1; 80% C11),472,0.166,0.142,-0.79,0.905,1015.8129715340298,0.0,6.923444528057249
41198,Grp. B4 nude (20% C1; 80% C11),472,0.166,0.141,-0.61,0.705,1015.8131285022336,0.0,6.9234446825819465
39518,Grp. B4 nude (20% C1; 80% C11),472,0.166,0.142,-0.405,0.475,1015.8156115737628,0.0,6.9234471269965985
44303,Grp. B4 nude (20% C1; 80% C11),472,0.166,0.142,-0.75,0.86,1015.8218208342942,0.0,6.923453239564158
43238,Grp. B4 nude (20% C1; 80% C11),472,0.166,0.141,-0.76,0.87,1015.8253713222877,0.0,6.923456734745809
43333,Grp. B4 nude (20% C1; 80% C11),472,0.166,0.142,-0.68,0.78,1015.8336730531498,0.0,6.9234649071120185
46043,Grp. B4 nude (20% C1; 80% C11),472,0.166,0.142,-0.875,1.0,1015.8369226224728,0.0,6.9234681060255925
38958,Grp. B4 nude (20% C1; 80% C11),472,0.166,0.142,-0.365,0.43,1015.8377817722316,0.0,6.923468951780828
40178,Grp. B4 nude (20% C1; 80% C11),472,0.166,0.141,-0.535,0.62,1015.8394429367744,0.0,6.923470587045054
37373,Grp. B4 nude (20% C1; 80% C11),472,0.166,0.127,-0.41,0.495,1015.8459393912163,0.0,6.923476982183296
41048,Grp. B4 nude (20% C1; 80% C11),472,0.166,0.127,-0.685,0.8,1015.8461494845328,0.0,6.923477188999396
42083,Grp. B4 nude (20% C1; 80% C11),472,0.166,0.142,-0.59,0.68,1015.8469292090152,0.0,6.923477956560688
36833,Grp. B4 nude (20% C1; 80% C11),472,0.166,0.127,-0.37,0.45,1015.8478337449732,0.0,6.9234788469857405
37419,Grp. B4 nude (20% C1; 80% C11),473,0.166,0.142,-0.255,0.32,2912.1790908102494,0.0,7.976656908390528
36284,Grp. B4 nude (20% C1; 80% C11),473,0.166,0.141,-0.25,0.315,2912.568889580085,0.0,7.9767907506689335
28596,Grp. B4 nude (20% C1; 80% C11),473,0.166,0.141,-0.095,0.135,2913.288421666862,0.0,7.977037763958822
36214,Grp. B4 nude (20% C1; 80% C11),473,0.166,0.141,-0.245,0.31,2913.948566351663,0.0,7.977264336068034
39244,Grp. B4 nude (20% C1; 80% C11),473,0.166,0.141,-0.465,0.565,2914.3044223348134,0.0,7.977386450185002
40029,Grp. B4 nude (20% C1; 80% C11),473,0.166,0.142,-0.44,0.535,2914.304799739251,0.0,7.977386579685685
40444,Grp. B4 nude (20% C1; 80% C11),473,0.166,0.142,-0.47,0.57,2914.307685483748,0.0,7.977387569885155
39659,Grp. B4 nude (20% C1; 80% C11),473,0.166,0.141,-0.495,0.6,2914.314228693236,0.0,7.97738981508465
37349,Grp. B4 nude (20% C1; 80% C11),473,0.166,0.142,-0.25,0.315,2914.318241189962,0.0,7.977391191907343
40679,Grp. B4 nude (20% C1; 80% C11),473,0.166,0.127,-0.655,0.8,2914.325423090098,0.0,7.977393656254299
45174,Grp. B4 nude (20% C1; 80% C11),473,0.166,0.142,-0.81,0.965,2914.3254738727724,0.0,7.977393673679488
43439,Grp. B4 nude (20% C1; 80% C11),473,0.166,0.142,-0.685,0.82,2914.3259334746176,0.0,7.97739383138384
44304,Grp. B4 nude (20% C1; 80% C11),473,0.166,0.141,-0.835,0.995,2914.325958978721,0.0,7.977393840135128
43074,Grp. B4 nude (20% C1; 80% C11),473,0.166,0.141,-0.745,0.89,2914.326921247457,0.0,7.977394170320766
43504,Grp. B4 nude (20% C1; 80% C11),473,0.166,0.142,-0.69,0.825,2914.327583115288,0.0,7.977394397429039
40279,Grp. B4 nude (20% C1; 80% C11),473,0.166,0.127,-0.625,0.765,2914.327601084616,0.0,7.9773944035948965
42184,Grp. B4 nude (20% C1; 80% C11),473,0.166,0.141,-0.68,0.815,2914.328558434606,0.0,7.977394732092569
42604,Grp. B4 nude (20% C1; 80% C11),473,0.166,0.142,-0.625,0.75,2914.328888008032,0.0,7.977394845179821
41954,Grp. B4 nude (20% C1; 80% C11),473,0.166,0.127,-0.75,0.91,2914.32895428465,0.0,7.97739486792146
37394,Grp. B4 nude (20% C1; 80% C11),473,0.166,0.127,-0.41,0.515,2914.328983682532,0.0,7.977394878008819
41149,Grp. B4 nude (20% C1; 80% C11),473,0.166,0.127,-0.69,0.84,2914.330998736289,0.0,7.977395569438329
42424,Grp. B4 nude (20% C1; 80% C11),473,0.166,0.127,-0.785,0.95,2914.331029342941,0.0,7.977395579940448
42759,Grp. B4 nude (20% C1; 80% C11),473,0.166,0.127,-0.81,0.98,2914.332282217956,0.0,7.9773960098417644
44759,Grp. B4 nude (20% C1; 80% C11),473,0.166,0.142,-0.78,0.93,2914.333091976728,0.0,7.977396287695688
41364,Grp. B4 nude (20% C1; 80% C11),473,0.166,0.141,-0.62,0.745,2914.335029566372,0.0,7.977396952543851
43924,Grp. B4 nude (20% C1; 80% C11),473,0.166,0.142,-0.72,0.86,2914.3357944725394,0.0,7.977397215007177
37794,Grp. B4 nude (20% C1; 80% C11),473,0.166,0.127,-0.44,0.55,2914.336010836521,0.0,7.977397289248441
41549,Grp. B4 nude (20% C1; 80% C11),473,0.166,0.127,-0.72,0.875,2914.3369519520493,0.0,7.977397612174615
43004,Grp. B4 nude (20% C1; 80% C11),473,0.166,0.141,-0.74,0.885,2914.3369966801265,0.0,7.9773976275222145
44829,Grp. B4 nude (20% C1; 80% C11),473,0.166,0.142,-0.785,0.935,2914.337789173746,0.0,7.977397899451478
34702,Grp. B4 nude (20% C1; 80% C11),473,0.166,0.127,-0.225,0.3,2914.3392455113863,0.0,7.977398399166123
40864,Grp. B4 nude (20% C1; 80% C11),473,0.166,0.142,-0.5,0.605,2914.339269879025,0.0,7.9773984075274145
42354,Grp. B4 nude (20% C1; 80% C11),473,0.166,0.127,-0.78,0.945,2914.3440231985187,0.0,7.977400038537114
45594,Grp. B4 nude (20% C1; 80% C11),473,0.166,0.142,-0.84,1.0,2914.35481451751,0.0,7.977403741359748
38199,Grp. B4 nude (20% C1; 80% C11),473,0.166,0.127,-0.47,0.585,2914.355529595193,0.0,7.977403986723693
38834,Grp. B4 nude (20% C1; 80% C11),473,0.166,0.141,-0.435,0.53,2914.361015163352,0.0,7.97740586897963
43089,Grp. B4 nude (20% C1; 80% C11),473,0.166,0.142,-0.66,0.79,2914.3636021204143,0.0,7.977406756637644
41769,Grp. B4 nude (20% C1; 80% C11),473,0.166,0.142,-0.565,0.68,2914.370077897004,0.0,7.977408978655992
43859,Grp. B4 nude (20% C1; 80% C11),473,0.166,0.142,-0.715,0.855,2914.3731688716957,0.0,7.977410039253298
43484,Grp. B4 nude (20% C1; 80% C11),473,0.166,0.141,-0.775,0.925,2914.37325181153,0.0,7.97741006771219
45249,Grp. B4 nude (20% C1; 80% C11),473,0.166,0.142,-0.815,0.97,2914.3748079496686,0.0,7.977410601664978
41774,Grp. B4 nude (20% C1; 80% C11),473,0.166,0.141,-0.65,0.78,2914.3770576991224,0.0,7.977411373613933
42019,Grp. B4 nude (20% C1; 80% C11),473,0.166,0.127,-0.755,0.915,2914.3798716544616,0.0,7.977412339156114
36989,Grp. B4 nude (20% C1; 80% C11),473,0.166,0.127,-0.38,0.48,2914.380508096272,0.0,7.9774125575359305
38669,Grp. B4 nude (20% C1; 80% C11),473,0.166,0.127,-0.505,0.625,2914.381309938187,0.0,7.977412832668777
43894,Grp. B4 nude (20% C1; 80% C11),473,0.166,0.141,-0.805,0.96,2914.382216506352,0.0,7.977413143735836
41354,Grp. B4 nude (20% C1; 80% C11),473,0.166,0.142,-0.535,0.645,2914.385890672696,0.0,7.977414404436648
44339,Grp. B4 nude (20% C1; 80% C11),473,0.166,0.142,-0.75,0.895,2914.389505040939,0.0,7.977415644617646
42189,Grp. B4 nude (20% C1; 80% C11),473,0.166,0.142,-0.595,0.715,2914.3910862409857,0.0,7.97741618716682
39474,Grp. B4 nude (20% C1; 80% C11),473,0.166,0.127,-0.565,0.695,2914.3951863436705,0.0,7.977417594012943
40954,Grp. B4 nude (20% C1; 80% C11),473,0.166,0.141,-0.59,0.71,2914.4030830476568,0.0,7.9774203035608195
44694,Grp. B4 nude (20% C1; 80% C11),473,0.166,0.142,-0.775,0.925,2914.404695271117,0.0,7.977420856752319
39004,Grp. B4 nude (20% C1; 80% C11),473,0.166,0.127,-0.53,0.655,2914.40908366326,0.0,7.977422362510544
44369,Grp. B4 nude (20% C1; 80% C11),473,0.166,0.141,-0.84,1.0,2914.410588804461,0.0,7.977422878958568
40134,Grp. B4 nude (20% C1; 80% C11),473,0.166,0.141,-0.53,0.64,2914.4169288148328,0.0,7.977425054356742
40479,Grp. B4 nude (20% C1; 80% C11),473,0.166,0.141,-0.555,0.67,2914.4233330093066,0.0,7.977427251773102
38599,Grp. B4 nude (20% C1; 80% C11),473,0.166,0.127,-0.5,0.62,2914.4262148641023,0.0,7.977428240597662
40889,Grp. B4 nude (20% C1; 80% C11),473,0.166,0.141,-0.585,0.705,2914.428371701936,0.0,7.977428980653124
42664,Grp. B4 nude (20% C1; 80% C11),473,0.166,0.141,-0.715,0.855,2914.4296045349693,0.0,7.97742940366327
42824,Grp. B4 nude (20% C1; 80% C11),473,0.166,0.127,-0.815,0.985,2914.434627061171,0.0,7.977431126992551
42594,Grp. B4 nude (20% C1; 80% C11),473,0.166,0.141,-0.71,0.85,2914.4385028581223,0.0,7.97743245685404
43024,Grp. B4 nude (20% C1; 80% C11),473,0.166,0.142,-0.655,0.785,2914.4421090906308,0.0,7.977433694221126
39874,Grp. B4 nude (20% C1; 80% C11),473,0.166,0.127,-0.595,0.73,2914.442709553045,0.0,7.977433900251072
42289,Grp. B4 nude (20% C1; 80% C11),473,0.166,0.127,-0.775,0.94,2914.443185714612,0.0,7.977434063631031
40069,Grp. B4 nude (20% C1; 80% C11),473,0.166,0.141,-0.525,0.635,2914.4462756310754,0.0,7.977435123838634
39609,Grp. B4 nude (20% C1; 80% C11),473,0.166,0.142,-0.41,0.5,2914.461364531718,0.0,7.977440301103939
40934,Grp. B4 nude (20% C1; 80% C11),473,0.166,0.142,-0.505,0.61,2914.466061670289,0.0,7.977441912768736
38359,Grp. B4 nude (20% C1; 80% C11),473,0.166,0.141,-0.4,0.49,2914.468128580234,0.0,7.977442621958402
38769,Grp. B4 nude (20% C1; 80% C11),473,0.166,0.141,-0.43,0.525,2914.476040070199,0.0,7.977445336511754
34859,Grp. B4 nude (20% C1; 80% C11),473,0.166,0.127,-0.23,0.305,2914.4772290053743,0.0,7.977445744452981
42669,Grp. B4 nude (20% C1; 80% C11),473,0.166,0.142,-0.63,0.755,2914.4934067709496,0.0,7.977451295266868
43549,Grp. B4 nude (20% C1; 80% C11),473,0.166,0.141,-0.78,0.93,2914.493766159545,0.0,7.977451418577688
44414,Grp. B4 nude (20% C1; 80% C11),473,0.166,0.142,-0.755,0.9,2914.494690960017,0.0,7.97745173588848
41279,Grp. B4 nude (20% C1; 80% C11),473,0.166,0.142,-0.53,0.64,2914.515456122115,0.0,7.977458860652917
37944,Grp. B4 nude (20% C1; 80% C11),473,0.166,0.141,-0.37,0.455,2914.5181513362554,0.0,7.977459785407969
40209,Grp. B4 nude (20% C1; 80% C11),473,0.166,0.127,-0.62,0.76,2914.518823267016,0.0,7.977460015954032
45529,Grp. B4 nude (20% C1; 80% C11),473,0.166,0.142,-0.835,0.995,2914.5192360881124,0.0,7.9774601575969895
39069,Grp. B4 nude (20% C1; 80% C11),473,0.166,0.127,-0.535,0.66,2914.52276545428,0.0,7.9774613685562406
41299,Grp. B4 nude (20% C1; 80% C11),473,0.166,0.141,-0.615,0.74,2914.5267154934386,0.0,7.977462723850675
38424,Grp. B4 nude (20% C1; 80% C11),473,0.166,0.141,-0.405,0.495,2914.539467655956,0.0,7.977467099221315
45314,Grp. B4 nude (20% C1; 80% C11),473,0.166,0.142,-0.82,0.975,2914.5397368236213,0.0,7.977467191574722
43959,Grp. B4 nude (20% C1; 80% C11),473,0.166,0.141,-0.81,0.965,2914.5433114875714,0.0,7.9774684180674384
39119,Grp. B4 nude (20% C1; 80% C11),473,0.166,0.142,-0.375,0.46,2914.5552045670493,0.0,7.977472498657068
44274,Grp. B4 nude (20% C1; 80% C11),473,0.166,0.142,-0.745,0.89,2914.5570833742167,0.0,7.977473143285984
37534,Grp. B4 nude (20% C1; 80% C11),473,0.166,0.141,-0.34,0.42,2914.575974799215,0.0,7.977479625013133
36584,Grp. B4 nude (20% C1; 80% C11),473,0.166,0.127,-0.35,0.445,2914.5783034326664,0.0,7.977480423974128
40544,Grp. B4 nude (20% C1; 80% C11),473,0.166,0.141,-0.56,0.675,2914.582939430978,0.0,7.977482014596902
42534,Grp. B4 nude (20% C1; 80% C11),473,0.166,0.142,-0.62,0.745,2914.5991239335035,0.0,7.977487567520914
37119,Grp. B4 nude (20% C1; 80% C11),473,0.166,0.141,-0.31,0.385,2914.601046914276,0.0,7.977488227296086
37859,Grp. B4 nude (20% C1; 80% C11),473,0.166,0.127,-0.445,0.555,2914.605475826835,0.0,7.977489746855409
42254,Grp. B4 nude (20% C1; 80% C11),473,0.166,0.141,-0.685,0.82,2914.615621879817,0.0,7.977493227956164
38694,Grp. B4 nude (20% C1; 80% C11),473,0.166,0.142,-0.345,0.425,2914.616098630225,0.0,7.977493391528459
40344,Grp. B4 nude (20% C1; 80% C11),473,0.166,0.127,-0.63,0.77,2914.619422183585,0.0,7.977494531833512
42114,Grp. B4 nude (20% C1; 80% C11),473,0.166,0.142,-0.59,0.71,2914.6262321990325,0.0,7.977496868333242
41084,Grp. B4 nude (20% C1; 80% C11),473,0.166,0.127,-0.685,0.835,2914.628465727962,0.0,7.977497634650394
38274,Grp. B4 nude (20% C1; 80% C11),473,0.166,0.142,-0.315,0.39,2914.629762766853,0.0,7.977498079660322
40744,Grp. B4 nude (20% C1; 80% C11),473,0.166,0.127,-0.66,0.805,2914.630968065261,0.0,7.9774984931942035
41434,Grp. B4 nude (20% C1; 80% C11),473,0.166,0.141,-0.625,0.75,2914.636063605528,0.0,7.977500241455259
39539,Grp. B4 nude (20% C1; 80% C11),473,0.166,0.127,-0.57,0.7,2914.639525762507,0.0,7.977501429306794
36797,Grp. B4 nude (20% C1; 80% C11),473,0.166,0.142,-0.225,0.285,2914.642398424998,0.0,7.977502414904173
28828,Grp. B4 nude (20% C1; 80% C11),475,0.166,0.142,-0.085,0.075,3070.284709009686,0.0,8.029525575372341
28210,Grp. B4 nude (20% C1; 80% C11),475,0.166,0.141,-0.09,0.08,3085.273046912509,0.0,8.034395440336187
27184,Grp. B4 nude (20% C1; 80% C11),475,0.166,0.141,-0.075,0.07,3086.7707124071285,0.0,8.03488074652727
29170,Grp. B4 nude (20% C1; 80% C11),475,0.166,0.142,-0.09,0.08,3099.686377564035,0.0,8.039056216827626
27544,Grp. B4 nude (20% C1; 80% C11),475,0.166,0.141,-0.08,0.075,3105.111065463296,0.0,8.04080476360331
28484,Grp. B4 nude (20% C1; 80% C11),475,0.166,0.142,-0.08,0.07,3118.0055977640814,0.0,8.044948844922102
28124,Grp. B4 nude (20% C1; 80% C11),475,0.166,0.142,-0.075,0.07,3120.502905391409,0.0,8.04574945543965
27873,Grp. B4 nude (20% C1; 80% C11),475,0.166,0.141,-0.085,0.075,3131.5551641785605,0.0,8.049285017706385
28547,Grp. B4 nude (20% C1; 80% C11),475,0.166,0.141,-0.095,0.085,3132.469706480086,0.0,8.04957701600681
29517,Grp. B4 nude (20% C1; 80% C11),475,0.166,0.142,-0.095,0.085,3135.758913176791,0.0,8.050626501339329
28489,Grp. B4 nude (20% C1; 80% C11),475,0.166,0.142,-0.08,0.075,3154.9563764486397,0.0,8.056729948080559
27539,Grp. B4 nude (20% C1; 80% C11),475,0.166,0.141,-0.08,0.07,3223.254518357899,0.0,8.07814684809184
30143,Grp. B4 nude (20% C1; 80% C11),475,0.166,0.142,-0.105,0.09,3227.156942400405,0.0,8.07935682501885
28119,Grp. B4 nude (20% C1; 80% C11),475,0.166,0.142,-0.075,0.065,3228.9090365644192,0.0,8.07989959958551
28857,Grp. B4 nude (20% C1; 80% C11),475,0.166,0.141,-0.1,0.09,3229.174755847914,0.0,8.07998189002713
25889,Grp. B4 nude (20% C1; 80% C11),475,0.166,0.127,-0.07,0.075,3238.271276036648,0.0,8.082794909615492
30448,Grp. B4 nude (20% C1; 80% C11),475,0.166,0.142,-0.11,0.095,3246.087841466236,0.0,8.08520580915824
29463,Grp. B4 nude (20% C1; 80% C11),475,0.166,0.141,-0.11,0.095,3260.601124764222,0.0,8.089666851461706
29827,Grp. B4 nude (20% C1; 80% C11),475,0.166,0.142,-0.1,0.085,3261.366074043958,0.0,8.089901427705323
29832,Grp. B4 nude (20% C1; 80% C11),475,0.166,0.142,-0.1,0.09,3263.7763244544867,0.0,8.09064018568881
29163,Grp. B4 nude (20% C1; 80% C11),475,0.166,0.141,-0.105,0.09,3269.9869013942644,0.0,8.09254125819345
37269,Grp. B4 nude (20% C1; 80% C11),475,0.171,0.142,-0.08,0.065,3278.383925708128,0.0,8.095105874382122
27260,Grp. B4 nude (20% C1; 80% C11),475,0.166,0.127,-0.09,0.09,3281.084984790009,0.0,8.09592943472562
27878,Grp. B4 nude (20% C1; 80% C11),475,0.166,0.141,-0.085,0.08,3290.4430000329457,0.0,8.098777485160799
26928,Grp. B4 nude (20% C1; 80% C11),475,0.166,0.127,-0.085,0.085,3291.304821615821,0.0,8.099039367448347
36844,Grp. B4 nude (20% C1; 80% C11),475,0.171,0.142,-0.075,0.06,3291.618947089905,0.0,8.099134803909518
26254,Grp. B4 nude (20% C1; 80% C11),475,0.166,0.127,-0.075,0.08,3302.646119648657,0.0,8.102479280580042
25511,Grp. B4 nude (20% C1; 80% C11),475,0.166,0.127,-0.065,0.07,3304.6347574902825,0.0,8.10308123407306
36319,Grp. B4 nude (20% C1; 80% C11),475,0.171,0.141,-0.08,0.065,3310.156880231016,0.0,8.104750863088148
27587,Grp. B4 nude (20% C1; 80% C11),475,0.166,0.127,-0.095,0.095,3323.6718510574938,0.0,8.108825430000254
28852,Grp. B4 nude (20% C1; 80% C11),475,0.166,0.141,-0.1,0.085,3336.600532935052,0.0,8.112707763145547
26604,Grp. B4 nude (20% C1; 80% C11),475,0.166,0.127,-0.08,0.085,3350.6957153014328,0.0,8.116923279466777
28193,Grp. B4 nude (20% C1; 80% C11),475,0.166,0.127,-0.105,0.1,3355.113889178323,0.0,8.118240994933448
35899,Grp. B4 nude (20% C1; 80% C11),475,0.171,0.141,-0.075,0.06,3360.7471518201696,0.0,8.119918594850605
29512,Grp. B4 nude (20% C1; 80% C11),475,0.166,0.142,-0.095,0.08,3362.9682731051303,0.0,8.12057927759084
27179,Grp. B4 nude (20% C1; 80% C11),475,0.166,0.141,-0.075,0.065,3363.507606456381,0.0,8.120739638933708
29168,Grp. B4 nude (20% C1; 80% C11),475,0.166,0.141,-0.105,0.095,3365.133009687237,0.0,8.121222768693551
28833,Grp. B4 nude (20% C1; 80% C11),475,0.166,0.142,-0.085,0.08,3375.0486218926567,0.0,8.124165009689571
26599,Grp. B4 nude (20% C1; 80% C11),475,0.166,0.127,-0.08,0.08,3387.2098875529136,0.0,8.127761819469667
29773,Grp. B4 nude (20% C1; 80% C11),475,0.166,0.141,-0.115,0.1,3394.4641113709463,0.0,8.129901181103973
30763,Grp. B4 nude (20% C1; 80% C11),475,0.166,0.142,-0.115,0.1,3404.777566101839,0.0,8.132934890782204
27887,Grp. B4 nude (20% C1; 80% C11),475,0.166,0.127,-0.1,0.095,3406.331402765393,0.0,8.133391156185565
27892,Grp. B4 nude (20% C1; 80% C11),475,0.166,0.127,-0.1,0.1,3406.6039190814754,0.0,8.133471155863635
30148,Grp. B4 nude (20% C1; 80% C11),475,0.166,0.142,-0.105,0.095,3425.1819967171086,0.0,8.13890988701219
28215,Grp. B4 nude (20% C1; 80% C11),475,0.166,0.141,-0.09,0.085,3425.581573848522,0.0,8.139026538865009
31359,Grp. B4 nude (20% C1; 80% C11),475,0.166,0.142,-0.125,0.105,3430.392809992025,0.0,8.140430055466421
31641,Grp. B4 nude (20% C1; 80% C11),475,0.166,0.142,-0.13,0.11,3436.484068302403,0.0,8.142204154526587
30641,Grp. B4 nude (20% C1; 80% C11),475,0.166,0.141,-0.13,0.11,3440.7775199195457,0.0,8.143452748060467
28488,Grp. B4 nude (20% C1; 80% C11),475,0.166,0.127,-0.11,0.105,3448.839494468591,0.0,8.145793075022596
30758,Grp. B4 nude (20% C1; 80% C11),475,0.166,0.142,-0.115,0.095,3449.2082133069885,0.0,8.145899980296194
36718,Grp. B4 nude (20% C1; 80% C11),475,0.171,0.141,-0.085,0.07,3449.690566768834,0.0,8.146039815211303
30058,Grp. B4 nude (20% C1; 80% C11),475,0.166,0.141,-0.12,0.105,3455.049266907207,0.0,8.14759199569698
30359,Grp. B4 nude (20% C1; 80% C11),475,0.166,0.141,-0.125,0.105,3455.379026424157,0.0,8.147687433925466
30917,Grp. B4 nude (20% C1; 80% C11),475,0.166,0.141,-0.135,0.115,3464.721278697577,0.0,8.150387469340291
31048,Grp. B4 nude (20% C1; 80% C11),475,0.166,0.142,-0.12,0.1,3468.7035160243245,0.0,8.151536176619173
37678,Grp. B4 nude (20% C1; 80% C11),475,0.171,0.142,-0.085,0.07,3472.119333830451,0.0,8.152520445532465
28542,Grp. B4 nude (20% C1; 80% C11),475,0.166,0.141,-0.095,0.08,3475.0555784493326,0.0,8.153365751669362
31922,Grp. B4 nude (20% C1; 80% C11),475,0.166,0.142,-0.135,0.115,3479.446698798944,0.0,8.154628565529535
28793,Grp. B4 nude (20% C1; 80% C11),475,0.166,0.127,-0.115,0.11,3480.148875417455,0.0,8.154830352145842
29369,Grp. B4 nude (20% C1; 80% C11),475,0.166,0.127,-0.125,0.115,3485.9143563003586,0.0,8.1564856578781
29646,Grp. B4 nude (20% C1; 80% C11),475,0.166,0.127,-0.13,0.12,3486.5075553573524,0.0,8.156655813690799
31053,Grp. B4 nude (20% C1; 80% C11),475,0.166,0.142,-0.12,0.105,3487.821494979768,0.0,8.157032606821286
38060,Grp. B4 nude (20% C1; 80% C11),475,0.171,0.142,-0.09,0.07,3490.801745222452,0.0,8.15788671523817
32208,Grp. B4 nude (20% C1; 80% C11),475,0.166,0.142,-0.14,0.115,3497.8529488558725,0.0,8.159904616060214
26933,Grp. B4 nude (20% C1; 80% C11),475,0.166,0.127,-0.085,0.09,3499.1409786394534,0.0,8.160272782679044
27582,Grp. B4 nude (20% C1; 80% C11),475,0.166,0.127,-0.095,0.09,3515.6946045979657,0.0,8.164992396272094
30053,Grp. B4 nude (20% C1; 80% C11),475,0.166,0.141,-0.12,0.1,3516.923843169254,0.0,8.165341978321209
31203,Grp. B4 nude (20% C1; 80% C11),475,0.166,0.141,-0.14,0.12,3518.881631834245,0.0,8.165898499880106
32495,Grp. B4 nude (20% C1; 80% C11),475,0.166,0.142,-0.145,0.12,3522.4532876441167,0.0,8.166912982547679
38462,Grp. B4 nude (20% C1; 80% C11),475,0.171,0.142,-0.095,0.075,3522.591014864726,0.0,8.166952081583743
29068,Grp. B4 nude (20% C1; 80% C11),475,0.166,0.127,-0.12,0.11,3523.320670448912,0.0,8.167159196182784
29768,Grp. B4 nude (20% C1; 80% C11),475,0.166,0.141,-0.115,0.095,3524.5041285254274,0.0,8.167495032592285
31762,Grp. B4 nude (20% C1; 80% C11),475,0.166,0.141,-0.15,0.125,3526.482482771835,0.0,8.168056189323217
31198,Grp. B4 nude (20% C1; 80% C11),475,0.166,0.141,-0.14,0.115,3529.0396122693505,0.0,8.168781048398147
29468,Grp. B4 nude (20% C1; 80% C11),475,0.166,0.141,-0.11,0.1,3529.2211244296777,0.0,8.168832480944248
32777,Grp. B4 nude (20% C1; 80% C11),475,0.166,0.142,-0.15,0.125,3529.479769300559,0.0,8.168905764930889
29175,Grp. B4 nude (20% C1; 80% C11),475,0.166,0.142,-0.09,0.085,3531.292275114372,0.0,8.169419166536896
26249,Grp. B4 nude (20% C1; 80% C11),475,0.166,0.127,-0.075,0.075,3532.7982066188847,0.0,8.169845529005276
31480,Grp. B4 nude (20% C1; 80% C11),475,0.166,0.141,-0.145,0.12,3535.626361284871,0.0,8.17064575111693
33598,Grp. B4 nude (20% C1; 80% C11),475,0.166,0.142,-0.165,0.135,3540.1003701887093,0.0,8.17191035888653
29165,Grp. B4 nude (20% C1; 80% C11),475,0.166,0.142,-0.09,0.075,3543.151189338714,0.0,8.172771776644467
37492,Grp. B4 nude (20% C1; 80% C11),475,0.171,0.141,-0.095,0.075,3544.5375147303967,0.0,8.173162969166386
29073,Grp. B4 nude (20% C1; 80% C11),475,0.166,0.127,-0.12,0.115,3545.6558402049423,0.0,8.173478426144168
32573,Grp. B4 nude (20% C1; 80% C11),475,0.166,0.141,-0.165,0.135,3545.6969149289425,0.0,8.173490010597916
30475,Grp. B4 nude (20% C1; 80% C11),475,0.166,0.127,-0.145,0.13,3547.9867076248643,0.0,8.174135596980756
32840,Grp. B4 nude (20% C1; 80% C11),475,0.166,0.141,-0.17,0.14,3548.725882167618,0.0,8.174343911615477
32024,Grp. B4 nude (20% C1; 80% C11),475,0.166,0.141,-0.155,0.13,3548.8473384012045,0.0,8.174378136337033
30364,Grp. B4 nude (20% C1; 80% C11),475,0.166,0.141,-0.125,0.11,3549.133966140103,0.0,8.174458899508068
32213,Grp. B4 nude (20% C1; 80% C11),475,0.166,0.142,-0.14,0.12,3550.771198202366,0.0,8.174920097806746
33331,Grp. B4 nude (20% C1; 80% C11),475,0.166,0.142,-0.16,0.13,3551.249251786732,0.0,8.175054722478261
30752,Grp. B4 nude (20% C1; 80% C11),475,0.166,0.127,-0.15,0.135,3554.1577711955047,0.0,8.17587340029976
33870,Grp. B4 nude (20% C1; 80% C11),475,0.166,0.142,-0.17,0.14,3555.3345038275456,0.0,8.176204431714456
37095,Grp. B4 nude (20% C1; 80% C11),475,0.171,0.141,-0.09,0.07,3555.5897281985926,0.0,8.176276215455312
31917,Grp. B4 nude (20% C1; 80% C11),475,0.166,0.142,-0.135,0.11,3557.955965674217,0.0,8.17694149200367
34671,Grp. B4 nude (20% C1; 80% C11),475,0.166,0.142,-0.185,0.15,3558.594703441252,0.0,8.177120999688908
33636,Grp. B4 nude (20% C1; 80% C11),475,0.166,0.141,-0.185,0.15,3558.921035112687,0.0,8.177212697883517
34409,Grp. B4 nude (20% C1; 80% C11),475,0.166,0.142,-0.18,0.145,3559.099102474459,0.0,8.177262730718033
31558,Grp. B4 nude (20% C1; 80% C11),475,0.166,0.127,-0.165,0.145,3559.586446669566,0.0,8.177399650432355
29922,Grp. B4 nude (20% C1; 80% C11),475,0.166,0.127,-0.135,0.125,3563.010678178846,0.0,8.178361162564254
33044,Grp. B4 nude (20% C1; 80% C11),475,0.166,0.142,-0.155,0.13,3566.084436141192,0.0,8.179223476253025
39921,Grp. B4 nude (20% C1; 80% C11),476,0.166,0.127,-0.595,0.775,508.07205003954107,0.0,6.230623268307945
42236,Grp. B4 nude (20% C1; 80% C11),476,0.166,0.142,-0.595,0.76,508.1516590291534,0.0,6.230779944419838
39856,Grp. B4 nude (20% C1; 80% C11),476,0.166,0.127,-0.59,0.77,508.1740921885817,0.0,6.230824090028478
41001,Grp. B4 nude (20% C1; 80% C11),476,0.166,0.141,-0.59,0.755,508.1753380171175,0.0,6.230826541603691
41071,Grp. B4 nude (20% C1; 80% C11),476,0.166,0.141,-0.595,0.76,508.1972069092324,0.0,6.2308695748245855
39586,Grp. B4 nude (20% C1; 80% C11),476,0.166,0.127,-0.57,0.745,508.2036066629134,0.0,6.230882167796956
41956,Grp. B4 nude (20% C1; 80% C11),476,0.166,0.142,-0.575,0.735,508.2464727943223,0.0,6.230966512581418
40726,Grp. B4 nude (20% C1; 80% C11),476,0.166,0.141,-0.57,0.73,508.2777055041976,0.0,6.231027962590286
39651,Grp. B4 nude (20% C1; 80% C11),476,0.166,0.127,-0.575,0.75,508.3096289385893,0.0,6.2310907676898974
39316,Grp. B4 nude (20% C1; 80% C11),476,0.166,0.127,-0.55,0.72,508.3795135714971,0.0,6.231228242617279
40451,Grp. B4 nude (20% C1; 80% C11),476,0.166,0.141,-0.55,0.705,508.4876541906824,0.0,6.231440936316164
42301,Grp. B4 nude (20% C1; 80% C11),476,0.166,0.142,-0.6,0.765,508.49325231250486,0.0,6.231451945611986
41676,Grp. B4 nude (20% C1; 80% C11),476,0.166,0.142,-0.555,0.71,508.5183638825429,0.0,6.231501328666502
42021,Grp. B4 nude (20% C1; 80% C11),476,0.166,0.142,-0.58,0.74,508.5525998579084,0.0,6.2315686513541
39381,Grp. B4 nude (20% C1; 80% C11),476,0.166,0.127,-0.555,0.725,508.5784252750315,0.0,6.231619432259393
40796,Grp. B4 nude (20% C1; 80% C11),476,0.166,0.141,-0.575,0.735,508.61276353632144,0.0,6.23168694810436
40386,Grp. B4 nude (20% C1; 80% C11),476,0.166,0.141,-0.545,0.7,508.6137049157949,0.0,6.231688798979269
42161,Grp. B4 nude (20% C1; 80% C11),476,0.166,0.142,-0.59,0.755,508.61409430952926,0.0,6.23168956457717
39046,Grp. B4 nude (20% C1; 80% C11),476,0.166,0.127,-0.53,0.695,508.6279880390478,0.0,6.2317168810434485
40936,Grp. B4 nude (20% C1; 80% C11),476,0.166,0.141,-0.585,0.75,508.63787602205446,0.0,6.231736321355674
41601,Grp. B4 nude (20% C1; 80% C11),476,0.166,0.142,-0.55,0.705,508.67092289819976,0.0,6.2318012905689395
41621,Grp. B4 nude (20% C1; 80% C11),476,0.166,0.141,-0.635,0.81,508.7267995989382,0.0,6.231911132963038
41066,Grp. B4 nude (20% C1; 80% C11),476,0.166,0.127,-0.68,0.88,508.7270573839915,0.0,6.231911639688825
41896,Grp. B4 nude (20% C1; 80% C11),476,0.166,0.141,-0.655,0.835,508.7270664878246,0.0,6.231911657584144
43336,Grp. B4 nude (20% C1; 80% C11),476,0.166,0.141,-0.76,0.965,508.72776512896434,0.0,6.231913030895505
43421,Grp. B4 nude (20% C1; 80% C11),476,0.166,0.142,-0.68,0.865,508.7285438042832,0.0,6.231914561526967
41606,Grp. B4 nude (20% C1; 80% C11),476,0.166,0.127,-0.72,0.93,508.7313137904069,0.0,6.231920006431949
44611,Grp. B4 nude (20% C1; 80% C11),476,0.166,0.142,-0.765,0.97,508.7315233982296,0.0,6.231920418452545
42511,Grp. B4 nude (20% C1; 80% C11),476,0.166,0.141,-0.7,0.89,508.7351106280853,0.0,6.231927469749828
42786,Grp. B4 nude (20% C1; 80% C11),476,0.166,0.141,-0.72,0.915,508.73802461381104,0.0,6.23193319763713
44956,Grp. B4 nude (20% C1; 80% C11),476,0.166,0.142,-0.79,1.0,508.739136609692,0.0,6.231935383427482
42861,Grp. B4 nude (20% C1; 80% C11),476,0.166,0.142,-0.64,0.815,508.7395163308192,0.0,6.231936129823735
43611,Grp. B4 nude (20% C1; 80% C11),476,0.166,0.141,-0.78,0.99,508.7408620402103,0.0,6.231938775003769
43061,Grp. B4 nude (20% C1; 80% C11),476,0.166,0.141,-0.74,0.94,508.7430380039013,0.0,6.231943052149955
40731,Grp. B4 nude (20% C1; 80% C11),476,0.166,0.127,-0.655,0.85,508.7430705020644,0.0,6.231943116029281
42446,Grp. B4 nude (20% C1; 80% C11),476,0.166,0.141,-0.695,0.885,508.7446570269559,0.0,6.231946234543339
41321,Grp. B4 nude (20% C1; 80% C11),476,0.166,0.142,-0.53,0.68,508.7489756144752,0.0,6.231954723220577
42171,Grp. B4 nude (20% C1; 80% C11),476,0.166,0.141,-0.675,0.86,508.7525760441201,0.0,6.231961800221371
41336,Grp. B4 nude (20% C1; 80% C11),476,0.166,0.127,-0.7,0.905,508.75464268670623,0.0,6.2319658623892815
43141,Grp. B4 nude (20% C1; 80% C11),476,0.166,0.142,-0.66,0.84,508.7572702365383,0.0,6.231971027045928
43681,Grp. B4 nude (20% C1; 80% C11),476,0.166,0.141,-0.785,0.995,508.7589042332728,0.0,6.231974238782066
40661,Grp. B4 nude (20% C1; 80% C11),476,0.166,0.141,-0.565,0.725,508.7599866662245,0.0,6.231976366374903
44051,Grp. B4 nude (20% C1; 80% C11),476,0.166,0.142,-0.725,0.92,508.76078725202353,0.0,6.2319779399757955
44891,Grp. B4 nude (20% C1; 80% C11),476,0.166,0.142,-0.785,0.995,508.7633520574587,0.0,6.231982981242801
41001,Grp. B4 nude (20% C1; 80% C11),476,0.166,0.127,-0.675,0.875,508.7663974892852,0.0,6.231988967174569
44331,Grp. B4 nude (20% C1; 80% C11),476,0.166,0.142,-0.745,0.945,508.76982605549983,0.0,6.2319957061311495
42216,Grp. B4 nude (20% C1; 80% C11),476,0.166,0.127,-0.765,0.985,508.7713975962326,0.0,6.231998795029557
41346,Grp. B4 nude (20% C1; 80% C11),476,0.166,0.141,-0.615,0.785,508.7733170061712,0.0,6.232002567659715
44676,Grp. B4 nude (20% C1; 80% C11),476,0.166,0.142,-0.77,0.975,508.77350919010007,0.0,6.232002945399439
40191,Grp. B4 nude (20% C1; 80% C11),476,0.166,0.127,-0.615,0.8,508.78335716834033,0.0,6.232022301523045
43491,Grp. B4 nude (20% C1; 80% C11),476,0.166,0.142,-0.685,0.87,508.7902597372504,0.0,6.2320358682445
42516,Grp. B4 nude (20% C1; 80% C11),476,0.166,0.142,-0.615,0.785,508.7910508417495,0.0,6.232037423116806
40461,Grp. B4 nude (20% C1; 80% C11),476,0.166,0.127,-0.635,0.825,508.7913335798565,0.0,6.23203797882239
40176,Grp. B4 nude (20% C1; 80% C11),476,0.166,0.141,-0.53,0.68,508.8021320496012,0.0,6.232059202366192
41881,Grp. B4 nude (20% C1; 80% C11),476,0.166,0.142,-0.57,0.73,508.8041599952075,0.0,6.232063188083698
42581,Grp. B4 nude (20% C1; 80% C11),476,0.166,0.142,-0.62,0.79,508.8051351706568,0.0,6.232065104684605
43406,Grp. B4 nude (20% C1; 80% C11),476,0.166,0.141,-0.765,0.97,508.8234623229629,0.0,6.232101124018876
41276,Grp. B4 nude (20% C1; 80% C11),476,0.166,0.141,-0.61,0.78,508.8238221283526,0.0,6.232101831150699
41676,Grp. B4 nude (20% C1; 80% C11),476,0.166,0.127,-0.725,0.935,508.8294039843096,0.0,6.2321128012057505
41876,Grp. B4 nude (20% C1; 80% C11),476,0.166,0.127,-0.74,0.955,508.83046633692055,0.0,6.232114889040089
43701,Grp. B4 nude (20% C1; 80% C11),476,0.166,0.142,-0.7,0.89,508.8313517420569,0.0,6.232116629117432
40526,Grp. B4 nude (20% C1; 80% C11),476,0.166,0.127,-0.64,0.83,508.8321945491347,0.0,6.232118285474449
43771,Grp. B4 nude (20% C1; 80% C11),476,0.166,0.142,-0.705,0.895,508.842780221216,0.0,6.232139089114794
42721,Grp. B4 nude (20% C1; 80% C11),476,0.166,0.141,-0.715,0.91,508.8498405180199,0.0,6.232152964221403
39716,Grp. B4 nude (20% C1; 80% C11),476,0.166,0.127,-0.58,0.755,508.8760548998897,0.0,6.232204479824953
42996,Grp. B4 nude (20% C1; 80% C11),476,0.166,0.141,-0.735,0.935,508.8780459110531,0.0,6.232208392383324
41396,Grp. B4 nude (20% C1; 80% C11),476,0.166,0.142,-0.535,0.685,508.87992982519,0.0,6.232212094470032
41406,Grp. B4 nude (20% C1; 80% C11),476,0.166,0.127,-0.705,0.91,508.8885410931208,0.0,6.2322290163303125
41946,Grp. B4 nude (20% C1; 80% C11),476,0.166,0.127,-0.745,0.96,508.9013466003051,0.0,6.232254179691315
43076,Grp. B4 nude (20% C1; 80% C11),476,0.166,0.142,-0.655,0.835,508.90710702094685,0.0,6.2322654989540345
44116,Grp. B4 nude (20% C1; 80% C11),476,0.166,0.142,-0.73,0.925,508.9151202249519,0.0,6.232281244737121
38776,Grp. B4 nude (20% C1; 80% C11),476,0.166,0.127,-0.51,0.67,508.9308959496725,0.0,6.23231224299122
42796,Grp. B4 nude (20% C1; 80% C11),476,0.166,0.142,-0.635,0.81,508.93204098825936,0.0,6.2323144928787935
40111,Grp. B4 nude (20% C1; 80% C11),476,0.166,0.141,-0.525,0.675,508.9327865465728,0.0,6.23231595782442
42236,Grp. B4 nude (20% C1; 80% C11),476,0.166,0.141,-0.68,0.865,508.9446454574504,0.0,6.232339259079572
44396,Grp. B4 nude (20% C1; 80% C11),476,0.166,0.142,-0.75,0.95,508.9502019207288,0.0,6.232350176638085
43746,Grp. B4 nude (20% C1; 80% C11),476,0.166,0.141,-0.79,1.0,508.9569547854275,0.0,6.232363444772913
40796,Grp. B4 nude (20% C1; 80% C11),476,0.166,0.127,-0.66,0.855,508.9624297024769,0.0,6.232374201846868
41041,Grp. B4 nude (20% C1; 80% C11),476,0.166,0.142,-0.51,0.655,508.9657085873174,0.0,6.23238064411861
41741,Grp. B4 nude (20% C1; 80% C11),476,0.166,0.142,-0.56,0.715,508.9761962507565,0.0,6.2324012497413666
42281,Grp. B4 nude (20% C1; 80% C11),476,0.166,0.127,-0.77,0.99,508.9790759554236,0.0,6.232406907562973
41271,Grp. B4 nude (20% C1; 80% C11),476,0.166,0.127,-0.695,0.9,508.98569414830274,0.0,6.232419910356535
43981,Grp. B4 nude (20% C1; 80% C11),476,0.166,0.142,-0.72,0.915,508.98668612723975,0.0,6.232421859287481
44261,Grp. B4 nude (20% C1; 80% C11),476,0.166,0.142,-0.74,0.94,508.9974143375038,0.0,6.232442936650594
42146,Grp. B4 nude (20% C1; 80% C11),476,0.166,0.127,-0.76,0.98,509.0363409977346,0.0,6.23251941085402
41551,Grp. B4 nude (20% C1; 80% C11),476,0.166,0.141,-0.63,0.805,509.0373567647208,0.0,6.232521406322498
39251,Grp. B4 nude (20% C1; 80% C11),476,0.166,0.127,-0.545,0.715,509.038366365033,0.0,6.232523389672634
41686,Grp. B4 nude (20% C1; 80% C11),476,0.166,0.141,-0.64,0.815,509.0453380662141,0.0,6.232537085405413
43836,Grp. B4 nude (20% C1; 80% C11),476,0.166,0.142,-0.71,0.9,509.05372851715856,0.0,6.232553567987944
39836,Grp. B4 nude (20% C1; 80% C11),476,0.166,0.141,-0.505,0.65,509.05622111445285,0.0,6.232558464506822
41826,Grp. B4 nude (20% C1; 80% C11),476,0.166,0.141,-0.65,0.83,509.0585096466223,0.0,6.232562960134084
42856,Grp. B4 nude (20% C1; 80% C11),476,0.166,0.141,-0.725,0.92,509.0680545173677,0.0,6.2325817100048395
43356,Grp. B4 nude (20% C1; 80% C11),476,0.166,0.142,-0.675,0.86,509.0741842337501,0.0,6.232593750987228
41811,Grp. B4 nude (20% C1; 80% C11),476,0.166,0.127,-0.735,0.95,509.0780967877203,0.0,6.232601436584054
43471,Grp. B4 nude (20% C1; 80% C11),476,0.166,0.141,-0.77,0.975,509.0797689778919,0.0,6.232604721320592
43131,Grp. B4 nude (20% C1; 80% C11),476,0.166,0.141,-0.745,0.945,509.08217318815554,0.0,6.232609443968658
41961,Grp. B4 nude (20% C1; 80% C11),476,0.166,0.141,-0.66,0.84,509.10116157916383,0.0,6.232646742538302
38981,Grp. B4 nude (20% C1; 80% C11),476,0.166,0.127,-0.525,0.69,509.1044115045318,0.0,6.23265312617134
40521,Grp. B4 nude (20% C1; 80% C11),476,0.166,0.141,-0.555,0.71,509.13431755580274,0.0,6.232711866917348
41541,Grp. B4 nude (20% C1; 80% C11),476,0.166,0.127,-0.715,0.925,509.136113147147,0.0,6.23271539366484
28481,Grp. B4 nude (20% C1; 80% C11),477,0.166,0.142,-0.08,0.065,4734.266545396646,0.0,8.462582092966425
28825,Grp. B4 nude (20% C1; 80% C11),477,0.166,0.142,-0.085,0.07,4796.623413331707,0.0,8.475667493799133
27536,Grp. B4 nude (20% C1; 80% C11),477,0.166,0.141,-0.08,0.065,4842.869336449077,0.0,8.4852626621609
27870,Grp. B4 nude (20% C1; 80% C11),477,0.166,0.141,-0.085,0.07,4853.215455389934,0.0,8.48739674474982
27541,Grp. B4 nude (20% C1; 80% C11),477,0.166,0.141,-0.08,0.07,4858.639287994696,0.0,8.488513695798195
27181,Grp. B4 nude (20% C1; 80% C11),477,0.166,0.141,-0.075,0.065,4888.79031961177,0.0,8.494700173463333
28486,Grp. B4 nude (20% C1; 80% C11),477,0.166,0.142,-0.08,0.07,4910.041808429445,0.0,8.499037735707395
28121,Grp. B4 nude (20% C1; 80% C11),477,0.166,0.142,-0.075,0.065,4920.588144708816,0.0,8.501183343949307
29167,Grp. B4 nude (20% C1; 80% C11),477,0.166,0.142,-0.09,0.075,4940.77309306353,0.0,8.505277094509221
28207,Grp. B4 nude (20% C1; 80% C11),477,0.166,0.141,-0.09,0.075,4951.434019589629,0.0,8.507432514534724
25886,Grp. B4 nude (20% C1; 80% C11),477,0.166,0.127,-0.07,0.07,5032.708906313107,0.0,8.523713668090643
37266,Grp. B4 nude (20% C1; 80% C11),477,0.171,0.142,-0.08,0.06,5100.950768535016,0.0,8.537182226540343
36316,Grp. B4 nude (20% C1; 80% C11),477,0.171,0.141,-0.08,0.06,5145.805117348674,0.0,8.545937121418916
27875,Grp. B4 nude (20% C1; 80% C11),477,0.166,0.141,-0.085,0.075,5181.58672746822,0.0,8.552866606391794
25508,Grp. B4 nude (20% C1; 80% C11),477,0.166,0.127,-0.065,0.065,5186.307896560449,0.0,8.553777335057497
26251,Grp. B4 nude (20% C1; 80% C11),477,0.166,0.127,-0.075,0.075,5186.826746695007,0.0,8.553877372346674
28544,Grp. B4 nude (20% C1; 80% C11),477,0.166,0.141,-0.095,0.08,5187.8500309349165,0.0,8.554074638105437
26596,Grp. B4 nude (20% C1; 80% C11),477,0.166,0.127,-0.08,0.075,5197.26253594936,0.0,8.555887330559402
29514,Grp. B4 nude (20% C1; 80% C11),477,0.166,0.142,-0.095,0.08,5212.598737614053,0.0,8.558833808395574
29824,Grp. B4 nude (20% C1; 80% C11),477,0.166,0.142,-0.1,0.08,5214.473022798615,0.0,8.55919331205064
29162,Grp. B4 nude (20% C1; 80% C11),477,0.166,0.142,-0.09,0.07,5221.627013515437,0.0,8.560564320724861
29509,Grp. B4 nude (20% C1; 80% C11),477,0.166,0.142,-0.095,0.075,5245.333700347452,0.0,8.565094141370428
28849,Grp. B4 nude (20% C1; 80% C11),477,0.166,0.141,-0.1,0.08,5267.424337162725,0.0,8.56929678148647
30140,Grp. B4 nude (20% C1; 80% C11),477,0.166,0.142,-0.105,0.085,5268.4977492907765,0.0,8.569500543838348
28830,Grp. B4 nude (20% C1; 80% C11),477,0.166,0.142,-0.085,0.075,5276.589156104684,0.0,8.57103517479483
26246,Grp. B4 nude (20% C1; 80% C11),477,0.166,0.127,-0.075,0.07,5277.357397846883,0.0,8.571180758579935
29160,Grp. B4 nude (20% C1; 80% C11),477,0.166,0.141,-0.105,0.085,5284.910743466004,0.0,8.572611009508176
26925,Grp. B4 nude (20% C1; 80% C11),477,0.166,0.127,-0.085,0.08,5304.90942435623,0.0,8.576387977265425
28539,Grp. B4 nude (20% C1; 80% C11),477,0.166,0.141,-0.095,0.075,5339.976247753081,0.0,8.582976483958033
28202,Grp. B4 nude (20% C1; 80% C11),477,0.166,0.141,-0.09,0.07,5359.756493141848,0.0,8.586673822648873
29460,Grp. B4 nude (20% C1; 80% C11),477,0.166,0.141,-0.11,0.09,5372.343430603298,0.0,8.589019485347158
27257,Grp. B4 nude (20% C1; 80% C11),477,0.166,0.127,-0.09,0.085,5380.50651280203,0.0,8.590537796085217
30445,Grp. B4 nude (20% C1; 80% C11),477,0.166,0.142,-0.11,0.09,5387.834204183449,0.0,8.591898765747128
28854,Grp. B4 nude (20% C1; 80% C11),477,0.166,0.141,-0.1,0.085,5391.212255929517,0.0,8.592525546950672
26601,Grp. B4 nude (20% C1; 80% C11),477,0.166,0.127,-0.08,0.08,5410.644453852628,0.0,8.596123487454415
28820,Grp. B4 nude (20% C1; 80% C11),477,0.166,0.142,-0.085,0.065,5414.740797791982,0.0,8.596880290845638
30755,Grp. B4 nude (20% C1; 80% C11),477,0.166,0.142,-0.115,0.09,5421.795680910935,0.0,8.598182346004963
36715,Grp. B4 nude (20% C1; 80% C11),477,0.171,0.141,-0.085,0.065,5435.451372366915,0.0,8.600697845300461
27884,Grp. B4 nude (20% C1; 80% C11),477,0.166,0.127,-0.1,0.09,5439.965230041908,0.0,8.601527948293148
37670,Grp. B4 nude (20% C1; 80% C11),477,0.171,0.142,-0.085,0.06,5445.817783735043,0.0,8.602603213940023
37675,Grp. B4 nude (20% C1; 80% C11),477,0.171,0.142,-0.085,0.065,5453.067626020923,0.0,8.60393359646679
29829,Grp. B4 nude (20% C1; 80% C11),477,0.166,0.142,-0.1,0.085,5453.343143137567,0.0,8.603984120350868
29765,Grp. B4 nude (20% C1; 80% C11),477,0.166,0.141,-0.115,0.09,5466.379921661203,0.0,8.606371870413797
27579,Grp. B4 nude (20% C1; 80% C11),477,0.166,0.127,-0.095,0.085,5469.290205679958,0.0,8.606904125694648
30440,Grp. B4 nude (20% C1; 80% C11),477,0.166,0.142,-0.11,0.085,5471.155822919601,0.0,8.607245175273952
28190,Grp. B4 nude (20% C1; 80% C11),477,0.166,0.127,-0.105,0.095,5481.156486933713,0.0,8.609071395438352
38057,Grp. B4 nude (20% C1; 80% C11),477,0.171,0.142,-0.09,0.065,5484.775783802184,0.0,8.609731493806741
29770,Grp. B4 nude (20% C1; 80% C11),477,0.166,0.141,-0.115,0.095,5514.230729311863,0.0,8.61508743497958
27584,Grp. B4 nude (20% C1; 80% C11),477,0.166,0.127,-0.095,0.09,5522.272722269639,0.0,8.616544779584489
31045,Grp. B4 nude (20% C1; 80% C11),477,0.166,0.142,-0.12,0.095,5545.223301044744,0.0,8.620692169676014
29455,Grp. B4 nude (20% C1; 80% C11),477,0.166,0.141,-0.11,0.085,5548.7648600112025,0.0,8.621330634227327
37092,Grp. B4 nude (20% C1; 80% C11),477,0.171,0.141,-0.09,0.065,5548.830398096523,0.0,8.621342445450171
30760,Grp. B4 nude (20% C1; 80% C11),477,0.166,0.142,-0.115,0.095,5557.276532353722,0.0,8.62286343492711
30050,Grp. B4 nude (20% C1; 80% C11),477,0.166,0.141,-0.12,0.095,5559.611496985377,0.0,8.623283510160364
36710,Grp. B4 nude (20% C1; 80% C11),477,0.171,0.141,-0.085,0.06,5573.2028216574645,0.0,8.625725180529674
25881,Grp. B4 nude (20% C1; 80% C11),477,0.166,0.127,-0.07,0.065,5574.597634780927,0.0,8.625975420590247
27252,Grp. B4 nude (20% C1; 80% C11),477,0.166,0.127,-0.09,0.08,5584.758829276632,0.0,8.627796528704623
30356,Grp. B4 nude (20% C1; 80% C11),477,0.166,0.141,-0.125,0.1,5590.376716336239,0.0,8.628801954994072
28212,Grp. B4 nude (20% C1; 80% C11),477,0.166,0.141,-0.09,0.08,5591.678887706336,0.0,8.629034858750249
31356,Grp. B4 nude (20% C1; 80% C11),477,0.166,0.142,-0.125,0.1,5602.065097445986,0.0,8.630890576146323
30135,Grp. B4 nude (20% C1; 80% C11),477,0.166,0.142,-0.105,0.08,5604.707250677037,0.0,8.631362104111366
27865,Grp. B4 nude (20% C1; 80% C11),477,0.166,0.141,-0.085,0.065,5605.931067528194,0.0,8.631580435453664
31914,Grp. B4 nude (20% C1; 80% C11),477,0.166,0.142,-0.135,0.105,5622.710636722024,0.0,8.634569146310405
35901,Grp. B4 nude (20% C1; 80% C11),477,0.171,0.141,-0.075,0.06,5625.719089903343,0.0,8.635104057107053
34961,Grp. B4 nude (20% C1; 80% C11),477,0.171,0.127,-0.075,0.065,5630.216506966495,0.0,8.63590317633864
30909,Grp. B4 nude (20% C1; 80% C11),477,0.166,0.141,-0.135,0.105,5635.924798344083,0.0,8.63691652983943
31633,Grp. B4 nude (20% C1; 80% C11),477,0.166,0.142,-0.13,0.1,5636.793298853929,0.0,8.637070618765291
28785,Grp. B4 nude (20% C1; 80% C11),477,0.166,0.127,-0.115,0.1,5641.331865029963,0.0,8.637875462895868
29165,Grp. B4 nude (20% C1; 80% C11),477,0.166,0.141,-0.105,0.09,5644.557248694315,0.0,8.638447041035555
29065,Grp. B4 nude (20% C1; 80% C11),477,0.166,0.127,-0.12,0.105,5650.162687024471,0.0,8.639439617889566
31195,Grp. B4 nude (20% C1; 80% C11),477,0.166,0.141,-0.14,0.11,5653.71954559498,0.0,8.640068934192533
32205,Grp. B4 nude (20% C1; 80% C11),477,0.166,0.142,-0.14,0.11,5661.989574435453,0.0,8.641530624348258
30633,Grp. B4 nude (20% C1; 80% C11),477,0.166,0.141,-0.13,0.1,5673.586922912129,0.0,8.643576810975958
30638,Grp. B4 nude (20% C1; 80% C11),477,0.166,0.141,-0.13,0.105,5677.249562762621,0.0,8.644222162529076
29172,Grp. B4 nude (20% C1; 80% C11),477,0.166,0.142,-0.09,0.08,5679.727393372941,0.0,8.64465851643896
28485,Grp. B4 nude (20% C1; 80% C11),477,0.166,0.127,-0.11,0.1,5682.636247248488,0.0,8.6451705320778
29914,Grp. B4 nude (20% C1; 80% C11),477,0.166,0.127,-0.135,0.115,5692.406966515082,0.0,8.646888454636155
29638,Grp. B4 nude (20% C1; 80% C11),477,0.166,0.127,-0.13,0.11,5693.051178930197,0.0,8.647001618710462
28480,Grp. B4 nude (20% C1; 80% C11),477,0.166,0.127,-0.11,0.095,5697.570512371707,0.0,8.647795137062863
37261,Grp. B4 nude (20% C1; 80% C11),477,0.171,0.142,-0.08,0.055,5698.943760227508,0.0,8.648036131428263
28185,Grp. B4 nude (20% C1; 80% C11),477,0.166,0.127,-0.105,0.09,5699.851178216119,0.0,8.648195344396902
32487,Grp. B4 nude (20% C1; 80% C11),477,0.166,0.142,-0.145,0.11,5700.04871105655,0.0,8.64822999958552
29366,Grp. B4 nude (20% C1; 80% C11),477,0.166,0.127,-0.125,0.11,5711.410421833152,0.0,8.650221281225946
31638,Grp. B4 nude (20% C1; 80% C11),477,0.166,0.142,-0.13,0.105,5712.963273530061,0.0,8.65049313012513
27889,Grp. B4 nude (20% C1; 80% C11),477,0.166,0.127,-0.1,0.095,5715.781377148684,0.0,8.65098629079358
31351,Grp. B4 nude (20% C1; 80% C11),477,0.166,0.142,-0.125,0.095,5716.704668361721,0.0,8.651147811430713
29155,Grp. B4 nude (20% C1; 80% C11),477,0.166,0.141,-0.105,0.08,5719.399415646084,0.0,8.651619081596575
36846,Grp. B4 nude (20% C1; 80% C11),477,0.171,0.142,-0.075,0.06,5722.657180283939,0.0,8.652188518515292
32769,Grp. B4 nude (20% C1; 80% C11),477,0.166,0.142,-0.15,0.115,5724.661091794027,0.0,8.652538628730266
34078,Grp. B4 nude (20% C1; 80% C11),477,0.171,0.127,-0.065,0.06,5729.731122436878,0.0,8.653423884076709
31472,Grp. B4 nude (20% C1; 80% C11),477,0.166,0.141,-0.145,0.11,5731.504338640048,0.0,8.65373331253638
26930,Grp. B4 nude (20% C1; 80% C11),477,0.166,0.127,-0.085,0.085,5735.588325815059,0.0,8.654445609448453
31754,Grp. B4 nude (20% C1; 80% C11),477,0.166,0.141,-0.15,0.115,5735.873329560763,0.0,8.654495298625704
30145,Grp. B4 nude (20% C1; 80% C11),477,0.166,0.142,-0.105,0.09,5737.195429289385,0.0,8.654725768740068
32016,Grp. B4 nude (20% C1; 80% C11),477,0.166,0.141,-0.155,0.12,5737.762834048671,0.0,8.654824663175539
33036,Grp. B4 nude (20% C1; 80% C11),477,0.166,0.142,-0.155,0.12,5744.162531593556,0.0,8.655939406217982
32492,Grp. B4 nude (20% C1; 80% C11),477,0.166,0.142,-0.145,0.115,5746.957048250948,0.0,8.656425784711054
29361,Grp. B4 nude (20% C1; 80% C11),477,0.166,0.127,-0.125,0.105,5747.386682559196,0.0,8.656500540489812
33590,Grp. B4 nude (20% C1; 80% C11),477,0.166,0.142,-0.165,0.125,5751.585504495349,0.0,8.657230835694367
28476,Grp. B4 nude (20% C1; 80% C11),477,0.166,0.142,-0.08,0.06,5758.093859143716,0.0,8.658361771689444
