,index,group,id,g1,g11,m,k,c,a,f,b,l,error,winner,log_error,logaf,logbc,logkm
0,8918157,Grp. A1 B6 (100% C1),424,0.166,0.0,0.0,0.0,0.04,1.9,1.7,0.03,0.01,281.85254,0,5.641384026372732,0.1112256351102244,-0.2876820724517809,
1,30383552,Grp. A1 B6 (100% C1),424,0.166,0.0,0.0,0.0,0.16,0.5,0.3,0.03,0.01,358.7186,0,5.882538237110791,0.5108256237659907,-1.6739764335716716,
2,17611769,Grp. A1 B6 (100% C1),424,0.171,0.0,0.0,0.0,0.08,1.5,1.2,0.05,0.01,453.1875,0,6.116305947131812,0.22314355131420976,-0.4700036292457356,
3,35282749,Grp. A1 B6 (100% C1),424,0.171,0.0,0.0,0.0,0.18,0.4,0.3,0.02,0.01,468.28534,0,6.149077810980296,0.287682072451781,-2.197224577336219,
4,21849903,Grp. A1 B6 (100% C1),424,0.171,0.0,0.0,0.0,0.12,1.2,1.2,0.03,0.01,495.16666,0,6.204894392771072,0.0,-1.3862943611198906,
5,42761968,Grp. A1 B6 (100% C1),424,0.166,0.0,0.0,0.0,0.1,1.4,1.4,0.03,0.01,510.98944,0,6.236348924628138,0.0,-1.2039728043259361,
6,17350958,Grp. A1 B6 (100% C1),424,0.166,0.0,0.0,0.0,0.08,1.4,1.2,0.04,0.01,525.83954,0,6.2649961091641275,0.15415067982725836,-0.6931471805599453,
7,41767810,Grp. A1 B6 (100% C1),424,0.166,0.0,0.0,0.0,0.1,1.0,1.0,0.02,0.01,525.8664,0,6.265047188080741,0.0,-1.6094379124341005,
8,22363687,Grp. A1 B6 (100% C1),424,0.166,0.0,0.0,0.0,0.12,1.4,1.5,0.03,0.01,577.3663,0,6.358476900440664,-0.06899287148695156,-1.3862943611198906,
9,27182448,Grp. A1 B6 (100% C1),424,0.171,0.0,0.0,0.0,0.14,1.3,1.3,0.04,0.01,588.8028,0,6.378091322838142,0.0,-1.252762968495368,
10,31068694,Grp. A1 B6 (100% C1),424,0.171,0.0,0.0,0.0,0.16,0.8,0.9,0.02,0.01,592.56793,0,6.384465516226531,-0.11778303565638339,-2.0794415416798357,
11,42762289,Grp. A1 B6 (100% C1),424,0.171,0.0,0.0,0.0,0.1,1.4,1.5,0.02,0.01,599.71375,0,6.396452458042351,-0.06899287148695156,-1.6094379124341005,
12,22630116,Grp. A1 B6 (100% C1),424,0.166,0.0,0.0,0.0,0.12,1.5,1.4,0.05,0.01,603.07135,0,6.402035514768789,0.06899287148695142,-0.8754687373538999,
13,66644791,Grp. A1 B6 (100% C1),424,0.171,0.0,0.0,0.0,0.2,0.6,0.7,0.02,0.01,623.8745,0,6.435949226346856,-0.15415067982725822,-2.302585092994046,
14,67107512,Grp. A1 B6 (100% C1),424,0.171,0.0,0.0,0.0,0.2,0.8,0.9,0.03,0.01,624.4259,0,6.4368326676016405,-0.11778303565638339,-1.8971199848858813,
15,18438046,Grp. A1 B6 (100% C1),424,0.171,0.0,0.0,0.0,0.08,1.8,1.9,0.02,0.01,635.84576,0,6.454956018205158,-0.0540672212702757,-1.3862943611198906,
16,31544503,Grp. A1 B6 (100% C1),424,0.166,0.0,0.0,0.0,0.16,1.0,1.1,0.03,0.01,645.35504,0,6.469800614966359,-0.0953101798043249,-1.6739764335716716,
17,32825973,Grp. A1 B6 (100% C1),424,0.171,0.0,0.0,0.0,0.16,1.5,1.7,0.04,0.01,657.1194,0,6.487865737132594,-0.12516314295400605,-1.3862943611198906,
18,23776033,Grp. A1 B6 (100% C1),424,0.171,0.0,0.0,0.0,0.12,1.9,1.8,0.06,0.01,660.67444,0,6.493261192045644,0.05406722127027579,-0.6931471805599453,
19,45449493,Grp. A1 B6 (100% C1),424,0.166,0.0,0.0,0.0,0.22,0.4,0.4,0.02,0.01,665.7127,0,6.500858196087292,0.0,-2.3978952727983707,
20,50177668,Grp. A1 B6 (100% C1),424,0.166,0.0,0.0,0.0,0.24,0.2,0.2,0.01,0.01,670.1235,0,6.507462023756836,0.0,-3.1780538303479453,
21,27711452,Grp. A1 B6 (100% C1),424,0.166,0.0,0.0,0.0,0.14,1.5,1.5,0.05,0.01,676.87964,0,6.517493472764077,0.0,-1.0296194171811581,
22,45903077,Grp. A1 B6 (100% C1),424,0.171,0.0,0.0,0.0,0.22,0.6,0.6,0.03,0.01,679.1929,0,6.520905181467824,0.0,-1.9924301646902063,
23,66644672,Grp. A1 B6 (100% C1),424,0.171,0.0,0.0,0.0,0.2,0.6,0.1,0.06,0.01,686.2049,0,6.531176271174139,1.791759469228055,-1.2039728043259361,
24,18154303,Grp. A1 B6 (100% C1),424,0.166,0.0,0.0,0.0,0.08,1.7,1.8,0.02,0.01,687.584,0,6.533184003895317,-0.05715841383994864,-1.3862943611198906,
25,32294471,Grp. A1 B6 (100% C1),424,0.171,0.0,0.0,0.0,0.16,1.3,1.4,0.04,0.01,691.12177,0,6.538316031107657,-0.07410797215372172,-1.3862943611198906,
26,36670889,Grp. A1 B6 (100% C1),424,0.166,0.0,0.0,0.0,0.18,1.0,1.2,0.03,0.01,698.38153,0,6.548765558013029,-0.1823215567939546,-1.791759469228055,
27,12438782,Grp. A1 B6 (100% C1),424,0.166,0.0,0.0,0.0,0.06,1.4,0.9,0.06,0.01,698.4367,0,6.548844551827462,0.4418327522790391,0.0,
28,66644719,Grp. A1 B6 (100% C1),424,0.171,0.0,0.0,0.0,0.2,0.6,0.4,0.04,0.01,701.367,0,6.553031287839627,0.4054651081081642,-1.6094379124341005,
29,33681450,Grp. A1 B6 (100% C1),424,0.171,0.0,0.0,0.0,0.16,1.8,1.9,0.06,0.01,711.6069,0,6.567525652203354,-0.0540672212702757,-0.9808292530117262,
30,67585990,Grp. A1 B6 (100% C1),424,0.171,0.0,0.0,0.0,0.2,1.0,1.1,0.04,0.01,719.5843,0,6.578673684161882,-0.0953101798043249,-1.6094379124341005,
31,28272207,Grp. A1 B6 (100% C1),424,0.171,0.0,0.0,0.0,0.14,1.7,2.0,0.03,0.01,721.0394,0,6.580693782116442,-0.16251892949777494,-1.540445040947149,
32,33102670,Grp. A1 B6 (100% C1),424,0.171,0.0,0.0,0.0,0.16,1.6,1.6,0.06,0.01,725.92926,0,6.587452572060875,0.0,-0.9808292530117262,
33,44159943,Grp. A1 B6 (100% C1),424,0.171,0.0,0.0,0.0,0.1,1.9,1.8,0.05,0.01,733.4418,0,6.597748248831736,0.05406722127027579,-0.6931471805599453,
34,41074603,Grp. A1 B6 (100% C1),424,0.166,0.0,0.0,0.0,0.1,0.7,0.6,0.02,0.01,734.1338,0,6.5986913008302635,0.15415067982725836,-1.6094379124341005,
35,25959482,Grp. A1 B6 (100% C1),424,0.171,0.0,0.0,0.0,0.14,0.8,0.7,0.03,0.01,735.81116,0,6.600973509720644,0.13353139262452277,-1.540445040947149,
36,23476869,Grp. A1 B6 (100% C1),424,0.166,0.0,0.0,0.0,0.12,1.8,1.7,0.06,0.01,737.35223,0,6.603065702036311,0.05715841383994862,-0.6931471805599453,
37,27987378,Grp. A1 B6 (100% C1),424,0.166,0.0,0.0,0.0,0.14,1.6,1.9,0.03,0.01,738.3702,0,6.604445324844461,-0.17185025692665915,-1.540445040947149,
38,37422053,Grp. A1 B6 (100% C1),424,0.171,0.0,0.0,0.0,0.18,1.3,1.5,0.04,0.01,740.8925,0,6.607855540547782,-0.1431008436406733,-1.504077396776274,
39,32556060,Grp. A1 B6 (100% C1),424,0.171,0.0,0.0,0.0,0.16,1.4,1.3,0.06,0.01,749.2443,0,6.619065098560227,0.07410797215372183,-0.9808292530117262,
40,26678268,Grp. A1 B6 (100% C1),424,0.166,0.0,0.0,0.0,0.14,1.1,1.3,0.02,0.01,750.1395,0,6.620259189234501,-0.1670540846631662,-1.9459101490553135,
41,38233213,Grp. A1 B6 (100% C1),424,0.171,0.0,0.0,0.0,0.18,1.6,2.0,0.04,0.01,750.48004,0,6.620713055116916,-0.2231435513142097,-1.504077396776274,
42,22363992,Grp. A1 B6 (100% C1),424,0.171,0.0,0.0,0.0,0.12,1.4,1.6,0.02,0.01,756.5921,0,6.628824270695831,-0.13353139262452274,-1.791759469228055,
43,33387452,Grp. A1 B6 (100% C1),424,0.166,0.0,0.0,0.0,0.16,1.7,1.8,0.06,0.01,760.2437,0,6.633639039775359,-0.05715841383994864,-0.9808292530117262,
44,11945433,Grp. A1 B6 (100% C1),424,0.166,0.0,0.0,0.0,0.06,1.2,1.1,0.02,0.01,762.0749,0,6.636044844819366,0.0870113769896297,-1.0986122886681096,
45,47090146,Grp. A1 B6 (100% C1),424,0.171,0.0,0.0,0.0,0.22,1.1,1.4,0.04,0.01,762.21356,0,6.636226778887649,-0.24116205681688796,-1.7047480922384253,
46,8641244,Grp. A1 B6 (100% C1),424,0.166,0.0,0.0,0.0,0.04,1.8,1.7,0.02,0.01,762.52356,0,6.6366334063648775,0.05715841383994862,-0.6931471805599453,
47,60784379,Grp. A1 B6 (100% C1),424,0.166,0.0,0.0,0.0,0.28,0.3,0.1,0.03,0.01,763.05914,0,6.637335538110345,1.0986122886681096,-2.2335922215070942,
48,91563761,Grp. A1 B6 (100% C1),424,0.171,0.0,0.0,0.0,0.3,0.2,0.3,0.01,0.01,770.4918,0,6.647029012263565,-0.4054651081081643,-3.4011973816621555,
49,46845406,Grp. A1 B6 (100% C1),424,0.171,0.0,0.0,0.0,0.22,1.0,1.2,0.04,0.01,773.47375,0,6.650891732785676,-0.1823215567939546,-1.7047480922384253,
50,37685190,Grp. A1 B6 (100% C1),424,0.171,0.0,0.0,0.0,0.18,1.4,1.4,0.06,0.01,775.3501,0,6.653314669284161,0.0,-1.0986122886681098,
51,68337580,Grp. A1 B6 (100% C1),424,0.166,0.0,0.0,0.0,0.2,1.3,1.7,0.04,0.01,776.23145,0,6.654450736021733,-0.26826398659467926,-1.6094379124341005,
52,25277311,Grp. A1 B6 (100% C1),424,0.166,0.0,0.0,0.0,0.14,0.5,0.4,0.02,0.01,776.2887,0,6.654524487077429,0.22314355131420976,-1.9459101490553135,
53,37954814,Grp. A1 B6 (100% C1),424,0.166,0.0,0.0,0.0,0.18,1.5,1.9,0.04,0.01,779.5622,0,6.658732480054618,-0.2363887780642304,-1.504077396776274,
54,33387638,Grp. A1 B6 (100% C1),424,0.171,0.0,0.0,0.0,0.16,1.7,2.0,0.04,0.01,780.8266,0,6.660353102141546,-0.16251892949777494,-1.3862943611198906,
55,67585588,Grp. A1 B6 (100% C1),424,0.166,0.0,0.0,0.0,0.2,1.0,1.0,0.05,0.01,780.9717,0,6.660538913587771,0.0,-1.3862943611198906,
56,33102585,Grp. A1 B6 (100% C1),424,0.166,0.0,0.0,0.0,0.16,1.6,1.9,0.04,0.01,782.88086,0,6.662980526048282,-0.17185025692665915,-1.3862943611198906,
57,47858438,Grp. A1 B6 (100% C1),424,0.171,0.0,0.0,0.0,0.22,1.4,1.8,0.05,0.01,783.4076,0,6.66365312248669,-0.2513144282809062,-1.4816045409242153,
58,69150268,Grp. A1 B6 (100% C1),424,0.171,0.0,0.0,0.0,0.2,1.6,2.0,0.05,0.01,784.7845,0,6.665409157801273,-0.2231435513142097,-1.3862943611198906,
59,47089796,Grp. A1 B6 (100% C1),424,0.166,0.0,0.0,0.0,0.22,1.1,1.3,0.05,0.01,788.32623,0,6.669912001646503,-0.1670540846631662,-1.4816045409242153,
60,46845016,Grp. A1 B6 (100% C1),424,0.166,0.0,0.0,0.0,0.22,1.0,1.1,0.05,0.01,788.999,0,6.670765053417949,-0.0953101798043249,-1.4816045409242153,
61,22904837,Grp. A1 B6 (100% C1),424,0.171,0.0,0.0,0.0,0.12,1.6,1.4,0.06,0.01,790.32367,0,6.672442570414069,0.13353139262452277,-0.6931471805599453,
62,46133333,Grp. A1 B6 (100% C1),424,0.171,0.0,0.0,0.0,0.22,0.7,0.8,0.03,0.01,792.42426,0,6.675096930206321,-0.13353139262452274,-1.9924301646902063,
63,48128409,Grp. A1 B6 (100% C1),424,0.171,0.0,0.0,0.0,0.22,1.5,2.0,0.05,0.01,792.93677,0,6.67574348327298,-0.2876820724517809,-1.4816045409242153,
64,68871737,Grp. A1 B6 (100% C1),424,0.166,0.0,0.0,0.0,0.2,1.5,1.9,0.05,0.01,797.2602,0,6.681181099787628,-0.2363887780642304,-1.3862943611198906,
65,47339782,Grp. A1 B6 (100% C1),424,0.166,0.0,0.0,0.0,0.22,1.2,1.5,0.05,0.01,806.44354,0,6.692633888915087,-0.22314355131420985,-1.4816045409242153,
66,51784667,Grp. A1 B6 (100% C1),424,0.171,0.0,0.0,0.0,0.24,0.9,1.3,0.03,0.01,807.7864,0,6.69429766713713,-0.3677247801253174,-2.0794415416798357,
67,52772140,Grp. A1 B6 (100% C1),424,0.171,0.0,0.0,0.0,0.24,1.3,1.6,0.06,0.01,809.03564,0,6.695842970476259,-0.2076393647782445,-1.3862943611198906,
68,67830858,Grp. A1 B6 (100% C1),424,0.166,0.0,0.0,0.0,0.2,1.1,1.5,0.03,0.01,813.07043,0,6.700817735561967,-0.31015492830383945,-1.8971199848858813,
69,47595463,Grp. A1 B6 (100% C1),424,0.166,0.0,0.0,0.0,0.22,1.3,1.7,0.05,0.01,814.2818,0,6.70230649773823,-0.26826398659467926,-1.4816045409242153,
70,27182236,Grp. A1 B6 (100% C1),424,0.166,0.0,0.0,0.0,0.14,1.3,1.6,0.02,0.01,814.51654,0,6.7025947347726875,-0.2076393647782445,-1.9459101490553135,
71,32038854,Grp. A1 B6 (100% C1),424,0.171,0.0,0.0,0.0,0.16,1.2,1.0,0.06,0.01,816.08124,0,6.704513908831986,0.1823215567939546,-0.9808292530117262,
72,68601064,Grp. A1 B6 (100% C1),424,0.171,0.0,0.0,0.0,0.2,1.4,1.8,0.04,0.01,818.5406,0,6.707522998513198,-0.2513144282809062,-1.6094379124341005,
73,47858271,Grp. A1 B6 (100% C1),424,0.166,0.0,0.0,0.0,0.22,1.4,1.9,0.05,0.01,819.02966,0,6.708120298093541,-0.3053816495511819,-1.4816045409242153,
74,32555891,Grp. A1 B6 (100% C1),424,0.166,0.0,0.0,0.0,0.16,1.4,1.6,0.04,0.01,820.20306,0,6.709551943748366,-0.13353139262452274,-1.3862943611198906,
75,53034120,Grp. A1 B6 (100% C1),424,0.171,0.0,0.0,0.0,0.24,1.4,1.8,0.06,0.01,822.14795,0,6.711920366694863,-0.2513144282809062,-1.3862943611198906,
76,33102778,Grp. A1 B6 (100% C1),424,0.171,0.0,0.0,0.0,0.16,1.6,2.0,0.03,0.01,828.9616,0,6.720173833193934,-0.2231435513142097,-1.6739764335716716,
77,56274035,Grp. A1 B6 (100% C1),424,0.166,0.0,0.0,0.0,0.26,0.6,0.8,0.03,0.01,829.803,0,6.721188323221227,-0.28768207245178107,-2.1594842493533726,
78,28564210,Grp. A1 B6 (100% C1),424,0.166,0.0,0.0,0.0,0.14,1.8,1.7,0.07,0.01,831.2062,0,6.722877898852483,0.05715841383994862,-0.6931471805599453,
79,58217767,Grp. A1 B6 (100% C1),424,0.171,0.0,0.0,0.0,0.26,1.4,2.0,0.06,0.01,834.2974,0,6.72658993351818,-0.35667494393873245,-1.4663370687934272,
80,61010156,Grp. A1 B6 (100% C1),424,0.166,0.0,0.0,0.0,0.28,0.4,0.6,0.02,0.01,840.13666,0,6.733564569080889,-0.4054651081081643,-2.639057329615259,
81,62635858,Grp. A1 B6 (100% C1),424,0.171,0.0,0.0,0.0,0.28,1.1,1.7,0.05,0.01,846.09973,0,6.740637236819188,-0.4353180712578455,-1.7227665977411035,
82,52771949,Grp. A1 B6 (100% C1),424,0.166,0.0,0.0,0.0,0.24,1.3,1.7,0.06,0.01,846.1879,0,6.74074143896369,-0.26826398659467926,-1.3862943611198906,
83,62158927,Grp. A1 B6 (100% C1),424,0.171,0.0,0.0,0.0,0.28,0.9,1.4,0.04,0.01,846.4185,0,6.741013918143051,-0.4418327522790392,-1.9459101490553135,
84,21849525,Grp. A1 B6 (100% C1),424,0.166,0.0,0.0,0.0,0.12,1.2,1.1,0.04,0.01,847.3351,0,6.7420962480515785,0.0870113769896297,-1.0986122886681096,
85,31789563,Grp. A1 B6 (100% C1),424,0.166,0.0,0.0,0.0,0.16,1.1,1.0,0.05,0.01,848.4374,0,6.743396304698628,0.09531017980432493,-1.1631508098056809,
86,70913100,Grp. A1 B6 (100% C1),424,0.166,0.0,0.0,0.0,0.32,0.2,0.1,0.02,0.01,850.4331,0,6.745745749130094,0.6931471805599453,-2.772588722239781,
87,52516894,Grp. A1 B6 (100% C1),424,0.171,0.0,0.0,0.0,0.24,1.2,1.4,0.06,0.01,851.384,0,6.746863260640537,-0.15415067982725822,-1.3862943611198906,
88,92015149,Grp. A1 B6 (100% C1),424,0.171,0.0,0.0,0.0,0.3,0.4,0.4,0.03,0.01,852.7879,0,6.748510864755574,0.0,-2.3025850929940455,
89,69732359,Grp. A1 B6 (100% C1),424,0.166,0.0,0.0,0.0,0.2,1.8,2.0,0.08,0.01,852.9082,0,6.748651921536087,-0.10536051565782628,-0.9162907318741551,
90,57956351,Grp. A1 B6 (100% C1),424,0.166,0.0,0.0,0.0,0.26,1.3,1.9,0.06,0.01,854.57666,0,6.750606211814271,-0.3794896217049037,-1.4663370687934272,
91,57455034,Grp. A1 B6 (100% C1),424,0.171,0.0,0.0,0.0,0.26,1.1,1.5,0.05,0.01,855.1617,0,6.751290573862314,-0.31015492830383945,-1.6486586255873816,
92,22630406,Grp. A1 B6 (100% C1),424,0.171,0.0,0.0,0.0,0.12,1.5,1.6,0.03,0.01,855.9683,0,6.752233342745734,-0.06453852113757118,-1.3862943611198906,
93,63134314,Grp. A1 B6 (100% C1),424,0.171,0.0,0.0,0.0,0.28,1.3,2.0,0.06,0.01,857.5559,0,6.754086366419725,-0.4307829160924542,-1.540445040947149,
94,52024336,Grp. A1 B6 (100% C1),424,0.166,0.0,0.0,0.0,0.24,1.0,1.4,0.04,0.01,858.34705,0,6.755008504884563,-0.3364722366212129,-1.791759469228055,
95,32825823,Grp. A1 B6 (100% C1),424,0.166,0.0,0.0,0.0,0.16,1.5,1.9,0.03,0.01,858.4275,0,6.755102227150028,-0.2363887780642304,-1.6739764335716716,
96,68337857,Grp. A1 B6 (100% C1),424,0.171,0.0,0.0,0.0,0.2,1.3,1.8,0.03,0.01,859.41223,0,6.756248702098376,-0.325422400434628,-1.8971199848858813,
97,67831064,Grp. A1 B6 (100% C1),424,0.171,0.0,0.0,0.0,0.2,1.1,1.0,0.06,0.01,865.29694,0,6.763072731260664,0.09531017980432493,-1.2039728043259361,
98,43298484,Grp. A1 B6 (100% C1),424,0.171,0.0,0.0,0.0,0.1,1.6,1.1,0.08,0.01,866.3263,0,6.764261627433307,0.3746934494414107,-0.22314355131420985,
99,27443423,Grp. A1 B6 (100% C1),424,0.171,0.0,0.0,0.0,0.14,1.4,1.1,0.07,0.01,867.5401,0,6.765661735536543,0.24116205681688788,-0.6931471805599453,
0,97392746,Grp. A1 B6 (100% C1),425,0.166,0.0,0.0,0.0,0.42,0.5,1.9,0.01,0.01,570.75916,0,6.346967334339377,-1.3350010667323402,-3.7376696182833684,
1,117952537,Grp. A1 B6 (100% C1),425,0.166,0.0,0.0,0.0,0.4,0.6,2.0,0.01,0.01,572.05115,0,6.349228410458716,-1.2039728043259361,-3.6888794541139363,
2,107160777,Grp. A1 B6 (100% C1),425,0.166,0.0,0.0,0.0,0.46,0.3,1.5,0.01,0.01,601.06744,0,6.398707141218171,-1.6094379124341005,-3.828641396489095,
3,112020687,Grp. A1 B6 (100% C1),425,0.166,0.0,0.0,0.0,0.48,0.2,1.1,0.01,0.01,637.46576,0,6.457500565786237,-1.7047480922384253,-3.8712010109078907,
4,123382522,Grp. A1 B6 (100% C1),425,0.171,0.0,0.0,0.0,0.52,0.8,1.6,0.1,0.01,641.2042,0,6.463347970932286,-0.6931471805599453,-1.6486586255873816,
5,97178748,Grp. A1 B6 (100% C1),425,0.166,0.0,0.0,0.0,0.42,0.4,1.4,0.01,0.01,641.94775,0,6.464506914085082,-1.2527629684953678,-3.7376696182833684,
6,122405256,Grp. A1 B6 (100% C1),425,0.171,0.0,0.0,0.0,0.52,0.3,1.1,0.03,0.01,642.0489,0,6.464664469013608,-1.2992829841302609,-2.8526314299133175,
7,82147165,Grp. A1 B6 (100% C1),425,0.166,0.0,0.0,0.0,0.36,0.6,1.5,0.01,0.01,642.3346,0,6.465109351721479,-0.9162907318741551,-3.58351893845611,
8,122606336,Grp. A1 B6 (100% C1),425,0.171,0.0,0.0,0.0,0.52,0.4,0.3,0.06,0.01,645.096,0,6.469399142929916,0.287682072451781,-2.1594842493533726,
9,123189369,Grp. A1 B6 (100% C1),425,0.171,0.0,0.0,0.0,0.52,0.7,0.8,0.1,0.01,645.7655,0,6.470436434785054,-0.13353139262452274,-1.6486586255873816,
10,57454849,Grp. A1 B6 (100% C1),425,0.166,0.0,0.0,0.0,0.26,1.1,1.9,0.01,0.01,646.19525,0,6.471101702697953,-0.5465437063680699,-3.258096538021482,
11,122802640,Grp. A1 B6 (100% C1),425,0.171,0.0,0.0,0.0,0.52,0.5,0.6,0.07,0.01,647.6776,0,6.473393041678529,-0.1823215567939546,-2.005333569526114,
12,122996845,Grp. A1 B6 (100% C1),425,0.171,0.0,0.0,0.0,0.52,0.6,1.5,0.07,0.01,649.0561,0,6.475519153646276,-0.9162907318741551,-2.005333569526114,
13,112231757,Grp. A1 B6 (100% C1),425,0.166,0.0,0.0,0.0,0.48,0.3,1.2,0.02,0.01,649.65906,0,6.4764477022024085,-1.3862943611198906,-3.1780538303479453,
14,122996626,Grp. A1 B6 (100% C1),425,0.171,0.0,0.0,0.0,0.52,0.6,0.5,0.09,0.01,650.29553,0,6.477426921100905,0.1823215567939546,-1.754019141245208,
15,122802976,Grp. A1 B6 (100% C1),425,0.171,0.0,0.0,0.0,0.52,0.5,1.8,0.05,0.01,650.48846,0,6.477723557595355,-1.2809338454620642,-2.341805806147327,
16,112232409,Grp. A1 B6 (100% C1),425,0.171,0.0,0.0,0.0,0.48,0.3,1.5,0.01,0.01,653.1705,0,6.481838197798448,-1.6094379124341005,-3.8712010109078907,
17,123189619,Grp. A1 B6 (100% C1),425,0.171,0.0,0.0,0.0,0.52,0.7,1.8,0.08,0.01,656.23956,0,6.486525905207862,-0.9444616088408515,-1.8718021769015913,
18,142186174,Grp. A1 B6 (100% C1),425,0.166,0.0,0.0,0.0,0.5,0.2,0.1,0.03,0.01,657.6839,0,6.488724420761827,0.6931471805599453,-2.8134107167600364,
19,142799640,Grp. A1 B6 (100% C1),425,0.166,0.0,0.0,0.0,0.5,0.5,0.2,0.08,0.01,657.9676,0,6.489155689991402,0.9162907318741551,-1.8325814637483102,
20,143194373,Grp. A1 B6 (100% C1),425,0.166,0.0,0.0,0.0,0.5,0.7,1.3,0.09,0.01,658.4128,0,6.4898320902431434,-0.6190392084062235,-1.7147984280919266,
21,143194550,Grp. A1 B6 (100% C1),425,0.166,0.0,0.0,0.0,0.5,0.7,1.9,0.08,0.01,660.4869,0,6.492977290306194,-0.9985288301111273,-1.8325814637483102,
22,142599941,Grp. A1 B6 (100% C1),425,0.166,0.0,0.0,0.0,0.5,0.4,0.8,0.05,0.01,660.6947,0,6.493291857208599,-0.6931471805599453,-2.3025850929940455,
23,122802769,Grp. A1 B6 (100% C1),425,0.171,0.0,0.0,0.0,0.52,0.5,1.1,0.06,0.01,660.83057,0,6.493497483243248,-0.7884573603642702,-2.1594842493533726,
24,142800052,Grp. A1 B6 (100% C1),425,0.166,0.0,0.0,0.0,0.5,0.5,1.9,0.05,0.01,661.78204,0,6.494936257011077,-1.3350010667323402,-2.3025850929940455,
25,122606659,Grp. A1 B6 (100% C1),425,0.171,0.0,0.0,0.0,0.52,0.4,1.5,0.04,0.01,662.7599,0,6.496412782816904,-1.3217558399823195,-2.5649493574615367,
26,107371795,Grp. A1 B6 (100% C1),425,0.171,0.0,0.0,0.0,0.46,0.4,1.8,0.01,0.01,666.7699,0,6.502445008885949,-1.504077396776274,-3.828641396489095,
27,122198322,Grp. A1 B6 (100% C1),425,0.171,0.0,0.0,0.0,0.52,0.2,0.7,0.02,0.01,668.9048,0,6.505641748059148,-1.2527629684953678,-3.258096538021482,
28,142600148,Grp. A1 B6 (100% C1),425,0.166,0.0,0.0,0.0,0.5,0.4,1.5,0.04,0.01,670.03925,0,6.5073362927587,-1.3217558399823195,-2.5257286443082556,
29,142997597,Grp. A1 B6 (100% C1),425,0.166,0.0,0.0,0.0,0.5,0.6,0.5,0.09,0.01,671.38727,0,6.5093461239848915,0.1823215567939546,-1.7147984280919266,
30,122198154,Grp. A1 B6 (100% C1),425,0.171,0.0,0.0,0.0,0.52,0.2,0.1,0.03,0.01,671.845,0,6.510027659156344,0.6931471805599453,-2.8526314299133175,
31,122606452,Grp. A1 B6 (100% C1),425,0.171,0.0,0.0,0.0,0.52,0.4,0.8,0.05,0.01,673.6973,0,6.512780900240014,-0.6931471805599453,-2.341805806147327,
32,142187047,Grp. A1 B6 (100% C1),425,0.171,0.0,0.0,0.0,0.5,0.2,1.1,0.01,0.01,673.87744,0,6.513048254614842,-1.7047480922384253,-3.912023005428146,
33,142599823,Grp. A1 B6 (100% C1),425,0.166,0.0,0.0,0.0,0.5,0.4,0.3,0.06,0.01,675.2754,0,6.515120607663162,0.287682072451781,-2.120263536200091,
34,77435172,Grp. A1 B6 (100% C1),425,0.166,0.0,0.0,0.0,0.34,0.8,1.9,0.01,0.01,677.02356,0,6.517706072897591,-0.8649974374866044,-3.5263605246161616,
35,122802599,Grp. A1 B6 (100% C1),425,0.171,0.0,0.0,0.0,0.52,0.5,0.2,0.08,0.01,677.232,0,6.518013902538912,0.9162907318741551,-1.8718021769015913,
36,142799845,Grp. A1 B6 (100% C1),425,0.166,0.0,0.0,0.0,0.5,0.5,1.2,0.06,0.01,677.383,0,6.51823684411364,-0.8754687373538999,-2.120263536200091,
37,143194267,Grp. A1 B6 (100% C1),425,0.166,0.0,0.0,0.0,0.5,0.7,0.8,0.1,0.01,679.02704,0,6.520660950035285,-0.13353139262452274,-1.6094379124341003,
38,72270948,Grp. A1 B6 (100% C1),425,0.166,0.0,0.0,0.0,0.32,0.8,1.7,0.01,0.01,679.12225,0,6.520801155535309,-0.7537718023763801,-3.4657359027997265,
39,112020480,Grp. A1 B6 (100% C1),425,0.166,0.0,0.0,0.0,0.48,0.2,0.4,0.02,0.01,679.23535,0,6.520967680168088,-0.6931471805599453,-3.1780538303479453,
40,142997824,Grp. A1 B6 (100% C1),425,0.166,0.0,0.0,0.0,0.5,0.6,1.5,0.07,0.01,680.2042,0,6.522393047208546,-0.9162907318741551,-1.9661128563728327,
41,142396182,Grp. A1 B6 (100% C1),425,0.171,0.0,0.0,0.0,0.5,0.3,1.2,0.02,0.01,681.3802,0,6.524120446982549,-1.3862943611198906,-3.2188758248682006,
42,122996616,Grp. A1 B6 (100% C1),425,0.171,0.0,0.0,0.0,0.52,0.6,0.1,0.1,0.01,682.4025,0,6.525619659711204,1.791759469228055,-1.6486586255873816,
43,122803006,Grp. A1 B6 (100% C1),425,0.171,0.0,0.0,0.0,0.52,0.5,1.9,0.05,0.01,684.94885,0,6.529344163941321,-1.3350010667323402,-2.341805806147327,
44,143391278,Grp. A1 B6 (100% C1),425,0.166,0.0,0.0,0.0,0.5,0.8,1.7,0.1,0.01,685.46204,0,6.530093121830862,-0.7537718023763801,-1.6094379124341003,
45,123189649,Grp. A1 B6 (100% C1),425,0.171,0.0,0.0,0.0,0.52,0.7,1.9,0.08,0.01,686.28015,0,6.531285926284881,-0.9985288301111273,-1.8718021769015913,
46,122996674,Grp. A1 B6 (100% C1),425,0.171,0.0,0.0,0.0,0.52,0.6,0.9,0.08,0.01,687.0029,0,6.532338513465259,-0.40546510810816444,-1.8718021769015913,
47,113244560,Grp. A1 B6 (100% C1),425,0.166,0.0,0.0,0.0,0.48,0.8,1.7,0.08,0.01,689.88043,0,6.536518292719811,-0.7537718023763801,-1.791759469228055,
48,123189472,Grp. A1 B6 (100% C1),425,0.171,0.0,0.0,0.0,0.52,0.7,1.3,0.09,0.01,693.5421,0,6.54181194447324,-0.6190392084062235,-1.754019141245208,
49,143391248,Grp. A1 B6 (100% C1),425,0.166,0.0,0.0,0.0,0.5,0.8,1.6,0.1,0.01,696.9664,0,6.546737202998836,-0.6931471805599453,-1.6094379124341003,
50,142395592,Grp. A1 B6 (100% C1),425,0.166,0.0,0.0,0.0,0.5,0.3,1.1,0.03,0.01,699.341,0,6.550138463049777,-1.2992829841302609,-2.8134107167600364,
51,72271313,Grp. A1 B6 (100% C1),425,0.171,0.0,0.0,0.0,0.32,0.8,1.6,0.01,0.01,700.16473,0,6.5513156359294085,-0.6931471805599453,-3.4657359027997265,
52,142997854,Grp. A1 B6 (100% C1),425,0.166,0.0,0.0,0.0,0.5,0.6,1.6,0.07,0.01,702.6812,0,6.554903303891205,-0.9808292530117264,-1.9661128563728327,
53,113044053,Grp. A1 B6 (100% C1),425,0.166,0.0,0.0,0.0,0.48,0.7,1.1,0.08,0.01,703.27856,0,6.555753057992198,-0.45198512374305744,-1.791759469228055,
54,142800082,Grp. A1 B6 (100% C1),425,0.166,0.0,0.0,0.0,0.5,0.5,2.0,0.05,0.01,704.15906,0,6.55700426813801,-1.3862943611198906,-2.3025850929940455,
55,113448371,Grp. A1 B6 (100% C1),425,0.166,0.0,0.0,0.0,0.48,0.9,1.9,0.09,0.01,704.4369,0,6.557398760258522,-0.747214401830221,-1.6739764335716716,
56,122606629,Grp. A1 B6 (100% C1),425,0.171,0.0,0.0,0.0,0.52,0.4,1.4,0.04,0.01,705.59314,0,6.559038782423098,-1.2527629684953678,-2.5649493574615367,
57,142186840,Grp. A1 B6 (100% C1),425,0.171,0.0,0.0,0.0,0.5,0.2,0.4,0.02,0.01,706.5899,0,6.560450441021586,-0.6931471805599453,-3.2188758248682006,
58,142600178,Grp. A1 B6 (100% C1),425,0.166,0.0,0.0,0.0,0.5,0.4,1.6,0.04,0.01,708.0846,0,6.5625635780806,-1.3862943611198906,-2.5257286443082556,
59,77209981,Grp. A1 B6 (100% C1),425,0.171,0.0,0.0,0.0,0.34,0.7,1.5,0.01,0.01,708.59735,0,6.563287452655821,-0.7621400520468968,-3.5263605246161616,
60,142997677,Grp. A1 B6 (100% C1),425,0.166,0.0,0.0,0.0,0.5,0.6,1.0,0.08,0.01,713.93384,0,6.570790296981857,-0.5108256237659907,-1.8325814637483102,
61,142395622,Grp. A1 B6 (100% C1),425,0.166,0.0,0.0,0.0,0.5,0.3,1.2,0.03,0.01,715.1395,0,6.5724776285586275,-1.3862943611198906,-2.8134107167600364,
62,113244444,Grp. A1 B6 (100% C1),425,0.166,0.0,0.0,0.0,0.48,0.8,1.3,0.09,0.01,715.1561,0,6.57250084054362,-0.48550781578170077,-1.6739764335716716,
63,143194580,Grp. A1 B6 (100% C1),425,0.166,0.0,0.0,0.0,0.5,0.7,2.0,0.08,0.01,716.3402,0,6.574155193782342,-1.0498221244986778,-1.8325814637483102,
64,143391558,Grp. A1 B6 (100% C1),425,0.171,0.0,0.0,0.0,0.5,0.8,1.7,0.08,0.01,717.27313,0,6.575456702511607,-0.7537718023763801,-1.8325814637483102,
65,113044169,Grp. A1 B6 (100% C1),425,0.166,0.0,0.0,0.0,0.48,0.7,1.5,0.07,0.01,723.93604,0,6.584703045941848,-0.7621400520468968,-1.9252908618525775,
66,143194651,Grp. A1 B6 (100% C1),425,0.171,0.0,0.0,0.0,0.5,0.7,1.1,0.08,0.01,727.8726,0,6.5901260328824,-0.45198512374305744,-1.8325814637483102,
67,142186373,Grp. A1 B6 (100% C1),425,0.166,0.0,0.0,0.0,0.5,0.2,0.8,0.02,0.01,731.26434,0,6.594775008610198,-1.3862943611198906,-3.2188758248682006,
68,143194765,Grp. A1 B6 (100% C1),425,0.171,0.0,0.0,0.0,0.5,0.7,1.5,0.07,0.01,743.40826,0,6.611245368912535,-0.7621400520468968,-1.9661128563728327,
69,87297927,Grp. A1 B6 (100% C1),425,0.166,0.0,0.0,0.0,0.38,0.6,1.7,0.01,0.01,745.18677,0,6.613634884946648,-1.041453874828161,-3.6375861597263857,
70,122198709,Grp. A1 B6 (100% C1),425,0.171,0.0,0.0,0.0,0.52,0.2,2.0,0.01,0.01,745.8576,0,6.614534697264456,-2.3025850929940455,-3.951243718581427,
71,143592090,Grp. A1 B6 (100% C1),425,0.171,0.0,0.0,0.0,0.5,0.9,1.9,0.09,0.01,745.93915,0,6.61464402851227,-0.747214401830221,-1.7147984280919266,
72,123189443,Grp. A1 B6 (100% C1),425,0.171,0.0,0.0,0.0,0.52,0.7,1.2,0.09,0.01,749.99927,0,6.620072233196549,-0.5389965007326869,-1.754019141245208,
73,142799681,Grp. A1 B6 (100% C1),425,0.166,0.0,0.0,0.0,0.5,0.5,0.6,0.07,0.01,752.30347,0,6.623139793077138,-0.1823215567939546,-1.9661128563728327,
74,113044316,Grp. A1 B6 (100% C1),425,0.166,0.0,0.0,0.0,0.48,0.7,2.0,0.06,0.01,762.5503,0,6.636668473518941,-1.0498221244986778,-2.0794415416798357,
75,142800022,Grp. A1 B6 (100% C1),425,0.166,0.0,0.0,0.0,0.5,0.5,1.8,0.05,0.01,772.211,0,6.649257828742922,-1.2809338454620642,-2.3025850929940455,
76,122996815,Grp. A1 B6 (100% C1),425,0.171,0.0,0.0,0.0,0.52,0.6,1.4,0.07,0.01,772.5176,0,6.649654791683889,-0.8472978603872036,-2.005333569526114,
77,113448254,Grp. A1 B6 (100% C1),425,0.166,0.0,0.0,0.0,0.48,0.9,1.5,0.1,0.01,774.27875,0,6.651931950872983,-0.5108256237659907,-1.5686159179138452,
78,93392979,Grp. A1 B6 (100% C1),425,0.171,0.0,0.0,0.0,0.3,1.0,1.9,0.01,0.01,775.3986,0,6.653377219715467,-0.6418538861723948,-3.4011973816621555,
79,117737562,Grp. A1 B6 (100% C1),425,0.171,0.0,0.0,0.0,0.4,0.5,1.4,0.01,0.01,776.3805,0,6.6546427350598165,-1.0296194171811581,-3.6888794541139363,
80,143391443,Grp. A1 B6 (100% C1),425,0.171,0.0,0.0,0.0,0.5,0.8,1.3,0.09,0.01,777.9558,0,6.656669710225178,-0.48550781578170077,-1.7147984280919266,
81,143194520,Grp. A1 B6 (100% C1),425,0.166,0.0,0.0,0.0,0.5,0.7,1.8,0.08,0.01,782.03125,0,6.661894701383694,-0.9444616088408515,-1.8325814637483102,
82,112439114,Grp. A1 B6 (100% C1),425,0.166,0.0,0.0,0.0,0.48,0.4,1.4,0.03,0.01,786.33545,0,6.667383482554509,-1.2527629684953678,-2.772588722239781,
83,142799815,Grp. A1 B6 (100% C1),425,0.166,0.0,0.0,0.0,0.5,0.5,1.1,0.06,0.01,792.8713,0,6.675660913381609,-0.7884573603642702,-2.120263536200091,
84,143194589,Grp. A1 B6 (100% C1),425,0.171,0.0,0.0,0.0,0.5,0.7,0.5,0.1,0.01,793.3837,0,6.6763069633771295,0.3364722366212129,-1.6094379124341003,
85,141973594,Grp. A1 B6 (100% C1),425,0.166,0.0,0.0,0.0,0.5,0.1,0.4,0.01,0.01,797.16113,0,6.681056828996385,-1.3862943611198906,-3.912023005428146,
86,122802799,Grp. A1 B6 (100% C1),425,0.171,0.0,0.0,0.0,0.52,0.5,1.2,0.06,0.01,797.8537,0,6.6819252473088655,-0.8754687373538999,-2.1594842493533726,
87,142998053,Grp. A1 B6 (100% C1),425,0.171,0.0,0.0,0.0,0.5,0.6,0.9,0.07,0.01,801.04846,0,6.685921444614126,-0.40546510810816444,-1.9661128563728327,
88,143194912,Grp. A1 B6 (100% C1),425,0.171,0.0,0.0,0.0,0.5,0.7,2.0,0.06,0.01,801.79193,0,6.686849135303677,-1.0498221244986778,-2.120263536200091,
89,112843982,Grp. A1 B6 (100% C1),425,0.166,0.0,0.0,0.0,0.48,0.6,1.8,0.05,0.01,802.3332,0,6.687523982932979,-1.0986122886681098,-2.2617630984737906,
90,82369295,Grp. A1 B6 (100% C1),425,0.166,0.0,0.0,0.0,0.36,0.7,1.8,0.01,0.01,807.7449,0,6.694246290849949,-0.9444616088408515,-3.58351893845611,
91,112843720,Grp. A1 B6 (100% C1),425,0.166,0.0,0.0,0.0,0.48,0.6,0.9,0.07,0.01,811.6148,0,6.699025843369425,-0.40546510810816444,-1.9252908618525775,
92,123382552,Grp. A1 B6 (100% C1),425,0.171,0.0,0.0,0.0,0.52,0.8,1.7,0.1,0.01,817.4339,0,6.706170043233251,-0.7537718023763801,-1.6486586255873816,
93,142186343,Grp. A1 B6 (100% C1),425,0.166,0.0,0.0,0.0,0.5,0.2,0.7,0.02,0.01,822.8384,0,6.712759826597428,-1.2527629684953678,-3.2188758248682006,
94,143194403,Grp. A1 B6 (100% C1),425,0.166,0.0,0.0,0.0,0.5,0.7,1.4,0.09,0.01,824.0922,0,6.714282416853778,-0.6931471805599453,-1.7147984280919266,
95,112642502,Grp. A1 B6 (100% C1),425,0.166,0.0,0.0,0.0,0.48,0.5,1.6,0.04,0.01,825.44806,0,6.71592634193791,-1.1631508098056809,-2.4849066497880004,
96,123382492,Grp. A1 B6 (100% C1),425,0.171,0.0,0.0,0.0,0.52,0.8,1.5,0.1,0.01,827.4564,0,6.718356417041361,-0.6286086594223742,-1.6486586255873816,
97,97179233,Grp. A1 B6 (100% C1),425,0.171,0.0,0.0,0.0,0.42,0.4,1.2,0.01,0.01,831.21027,0,6.7228827953391015,-1.0986122886681096,-3.7376696182833684,
98,143391385,Grp. A1 B6 (100% C1),425,0.171,0.0,0.0,0.0,0.5,0.8,1.0,0.1,0.01,836.0224,0,6.728655406984115,-0.2231435513142097,-1.6094379124341003,
99,142997651,Grp. A1 B6 (100% C1),425,0.166,0.0,0.0,0.0,0.5,0.6,0.9,0.08,0.01,837.4273,0,6.730334453961216,-0.40546510810816444,-1.8325814637483102,
0,70913427,Grp. A1 B6 (100% C1),427,0.166,0.0,0.0,0.0,0.32,0.2,1.2,0.01,0.01,625.2578,0,6.438164044689912,-1.791759469228055,-3.4657359027997265,
1,76094738,Grp. A1 B6 (100% C1),427,0.171,0.0,0.0,0.0,0.34,0.2,1.6,0.01,0.01,625.2808,0,6.438200828840362,-2.0794415416798357,-3.5263605246161616,
2,76318368,Grp. A1 B6 (100% C1),427,0.171,0.0,0.0,0.0,0.34,0.3,1.6,0.02,0.01,626.13086,0,6.439559390787508,-1.6739764335716716,-2.833213344056216,
3,67586223,Grp. A1 B6 (100% C1),427,0.171,0.0,0.0,0.0,0.2,1.0,1.9,0.01,0.01,627.182,0,6.4412367696447825,-0.6418538861723948,-2.9957322735539913,
4,76318338,Grp. A1 B6 (100% C1),427,0.171,0.0,0.0,0.0,0.34,0.3,1.5,0.02,0.01,629.5457,0,6.444998448148789,-1.6094379124341005,-2.833213344056216,
5,76541031,Grp. A1 B6 (100% C1),427,0.171,0.0,0.0,0.0,0.34,0.4,1.7,0.03,0.01,631.18085,0,6.447592430034671,-1.4469189829363254,-2.427748235948052,
6,71590233,Grp. A1 B6 (100% C1),427,0.166,0.0,0.0,0.0,0.32,0.5,1.4,0.04,0.01,632.76984,0,6.450106754129244,-1.0296194171811581,-2.0794415416798357,
7,46367027,Grp. A1 B6 (100% C1),427,0.166,0.0,0.0,0.0,0.22,0.8,1.8,0.01,0.01,632.8216,0,6.450188549878478,-0.8109302162163287,-3.0910424533583156,
8,76763300,Grp. A1 B6 (100% C1),427,0.171,0.0,0.0,0.0,0.34,0.5,1.8,0.04,0.01,634.8451,0,6.453381032127346,-1.2809338454620642,-2.1400661634962708,
9,71815567,Grp. A1 B6 (100% C1),427,0.166,0.0,0.0,0.0,0.32,0.6,1.5,0.05,0.01,635.7289,0,6.4547722146047795,-0.9162907318741551,-1.8562979903656263,
10,71139931,Grp. A1 B6 (100% C1),427,0.166,0.0,0.0,0.0,0.32,0.3,1.2,0.02,0.01,637.31476,0,6.457263662259178,-1.3862943611198906,-2.772588722239781,
11,76986237,Grp. A1 B6 (100% C1),427,0.171,0.0,0.0,0.0,0.34,0.6,2.0,0.05,0.01,640.8389,0,6.462778099279943,-1.2039728043259361,-1.916922612182061,
12,51082864,Grp. A1 B6 (100% C1),427,0.166,0.0,0.0,0.0,0.24,0.6,1.5,0.01,0.01,641.9894,0,6.464571792650228,-0.9162907318741551,-3.1780538303479453,
13,56046666,Grp. A1 B6 (100% C1),427,0.171,0.0,0.0,0.0,0.26,0.5,1.3,0.01,0.01,642.1148,0,6.464767103903627,-0.9555114450274365,-3.258096538021482,
14,72270997,Grp. A1 B6 (100% C1),427,0.166,0.0,0.0,0.0,0.32,0.8,1.8,0.07,0.01,648.38025,0,6.474477329804774,-0.8109302162163287,-1.519825753744413,
15,71140630,Grp. A1 B6 (100% C1),427,0.171,0.0,0.0,0.0,0.32,0.3,1.6,0.01,0.01,651.00696,0,6.478520333395658,-1.6739764335716716,-3.4657359027997265,
16,76541001,Grp. A1 B6 (100% C1),427,0.171,0.0,0.0,0.0,0.34,0.4,1.6,0.03,0.01,653.1789,0,6.481851058063857,-1.3862943611198906,-2.427748235948052,
17,56505231,Grp. A1 B6 (100% C1),427,0.171,0.0,0.0,0.0,0.26,0.7,2.0,0.01,0.01,658.9008,0,6.490572992063824,-1.0498221244986778,-3.258096538021482,
18,71365088,Grp. A1 B6 (100% C1),427,0.166,0.0,0.0,0.0,0.32,0.4,0.6,0.04,0.01,660.16003,0,6.492482275326415,-0.4054651081081643,-2.0794415416798357,
19,70685677,Grp. A1 B6 (100% C1),427,0.166,0.0,0.0,0.0,0.32,0.1,0.1,0.01,0.01,660.3824,0,6.492819061176002,0.0,-3.4657359027997265,
20,72042374,Grp. A1 B6 (100% C1),427,0.166,0.0,0.0,0.0,0.32,0.7,1.7,0.06,0.01,665.6507,0,6.500765058481069,-0.8873031950009028,-1.6739764335716716,
21,71365295,Grp. A1 B6 (100% C1),427,0.166,0.0,0.0,0.0,0.32,0.4,1.3,0.03,0.01,665.8648,0,6.501086646929488,-1.1786549963416462,-2.367123614131617,
22,61010903,Grp. A1 B6 (100% C1),427,0.171,0.0,0.0,0.0,0.28,0.4,1.2,0.01,0.01,666.47046,0,6.501995817556285,-1.0986122886681096,-3.332204510175204,
23,72500518,Grp. A1 B6 (100% C1),427,0.166,0.0,0.0,0.0,0.32,0.9,2.0,0.08,0.01,667.582,0,6.503662229171346,-0.7985076962177716,-1.3862943611198906,
24,76094708,Grp. A1 B6 (100% C1),427,0.171,0.0,0.0,0.0,0.34,0.2,1.5,0.01,0.01,669.2354,0,6.506135866697428,-2.0149030205422647,-3.5263605246161616,
25,76763063,Grp. A1 B6 (100% C1),427,0.171,0.0,0.0,0.0,0.34,0.5,1.0,0.05,0.01,671.0443,0,6.508835155656782,-0.6931471805599453,-1.916922612182061,
26,76540764,Grp. A1 B6 (100% C1),427,0.171,0.0,0.0,0.0,0.34,0.4,0.8,0.04,0.01,671.1999,0,6.509067006166096,-0.6931471805599453,-2.1400661634962708,
27,76763330,Grp. A1 B6 (100% C1),427,0.171,0.0,0.0,0.0,0.34,0.5,1.9,0.04,0.01,671.7271,0,6.509852156851253,-1.3350010667323402,-2.1400661634962708,
28,76986000,Grp. A1 B6 (100% C1),427,0.171,0.0,0.0,0.0,0.34,0.6,1.2,0.06,0.01,673.7367,0,6.512839381768625,-0.6931471805599453,-1.7346010553881064,
29,70913397,Grp. A1 B6 (100% C1),427,0.166,0.0,0.0,0.0,0.32,0.2,1.1,0.01,0.01,674.2877,0,6.513656874435206,-1.7047480922384253,-3.4657359027997265,
30,77209970,Grp. A1 B6 (100% C1),427,0.171,0.0,0.0,0.0,0.34,0.7,1.4,0.07,0.01,677.0659,0,6.517768609386152,-0.6931471805599453,-1.5804503755608479,
31,72042197,Grp. A1 B6 (100% C1),427,0.166,0.0,0.0,0.0,0.32,0.7,1.1,0.07,0.01,679.11084,0,6.520784354295397,-0.45198512374305744,-1.519825753744413,
32,71139901,Grp. A1 B6 (100% C1),427,0.166,0.0,0.0,0.0,0.32,0.3,1.1,0.02,0.01,679.9618,0,6.522036620121607,-1.2992829841302609,-2.772588722239781,
33,71365265,Grp. A1 B6 (100% C1),427,0.166,0.0,0.0,0.0,0.32,0.4,1.2,0.03,0.01,679.982,0,6.522066327231565,-1.0986122886681096,-2.367123614131617,
34,77435490,Grp. A1 B6 (100% C1),427,0.171,0.0,0.0,0.0,0.34,0.8,1.6,0.08,0.01,680.34607,0,6.522601595181586,-0.6931471805599453,-1.4469189829363254,
35,26928346,Grp. A1 B6 (100% C1),427,0.171,0.0,0.0,0.0,0.14,1.2,1.7,0.01,0.01,680.78314,0,6.523243811970134,-0.3483066942682157,-2.639057329615259,
36,76318071,Grp. A1 B6 (100% C1),427,0.171,0.0,0.0,0.0,0.34,0.3,0.6,0.03,0.01,682.18427,0,6.525299811964387,-0.6931471805599453,-2.427748235948052,
37,77661428,Grp. A1 B6 (100% C1),427,0.171,0.0,0.0,0.0,0.34,0.9,1.8,0.09,0.01,683.3678,0,6.52703322121673,-0.6931471805599453,-1.3291359472799422,
38,77890216,Grp. A1 B6 (100% C1),427,0.171,0.0,0.0,0.0,0.34,1.0,2.0,0.1,0.01,686.08484,0,6.53100129354834,-0.6931471805599453,-1.2237754316221157,
39,92015505,Grp. A1 B6 (100% C1),427,0.171,0.0,0.0,0.0,0.3,0.4,1.6,0.01,0.01,689.7231,0,6.53629021269934,-1.3862943611198906,-3.4011973816621555,
40,72732186,Grp. A1 B6 (100% C1),427,0.166,0.0,0.0,0.0,0.32,1.0,1.6,0.1,0.01,692.6976,0,6.540593540319223,-0.4700036292457356,-1.1631508098056809,
41,72500341,Grp. A1 B6 (100% C1),427,0.166,0.0,0.0,0.0,0.32,0.9,1.4,0.09,0.01,692.81903,0,6.540768825115784,-0.4418327522790392,-1.2685113254635072,
42,76986207,Grp. A1 B6 (100% C1),427,0.171,0.0,0.0,0.0,0.34,0.6,1.9,0.05,0.01,695.539,0,6.544687084557721,-1.1526795099383855,-1.916922612182061,
43,76094768,Grp. A1 B6 (100% C1),427,0.171,0.0,0.0,0.0,0.34,0.2,1.7,0.01,0.01,703.9944,0,6.55677040158095,-2.1400661634962708,-3.5263605246161616,
44,72270718,Grp. A1 B6 (100% C1),427,0.166,0.0,0.0,0.0,0.32,0.8,0.8,0.09,0.01,711.59625,0,6.567510685963292,0.0,-1.2685113254635072,
45,72042344,Grp. A1 B6 (100% C1),427,0.166,0.0,0.0,0.0,0.32,0.7,1.6,0.06,0.01,718.6269,0,6.577342307878036,-0.826678573184468,-1.6739764335716716,
46,72500488,Grp. A1 B6 (100% C1),427,0.166,0.0,0.0,0.0,0.32,0.9,1.9,0.08,0.01,719.6088,0,6.578707731017724,-0.747214401830221,-1.3862943611198906,
47,77661458,Grp. A1 B6 (100% C1),427,0.171,0.0,0.0,0.0,0.34,0.9,1.9,0.09,0.01,723.85016,0,6.584584409640299,-0.747214401830221,-1.3291359472799422,
48,77661251,Grp. A1 B6 (100% C1),427,0.171,0.0,0.0,0.0,0.34,0.9,1.2,0.1,0.01,724.40265,0,6.585347384202457,-0.2876820724517809,-1.2237754316221157,
49,77435313,Grp. A1 B6 (100% C1),427,0.171,0.0,0.0,0.0,0.34,0.8,1.0,0.09,0.01,730.93585,0,6.594325699401003,-0.2231435513142097,-1.3291359472799422,
50,36193338,Grp. A1 B6 (100% C1),427,0.171,0.0,0.0,0.0,0.18,0.8,1.3,0.01,0.01,733.67255,0,6.598062811908434,-0.48550781578170077,-2.8903717578961645,
51,71365914,Grp. A1 B6 (100% C1),427,0.171,0.0,0.0,0.0,0.32,0.4,1.5,0.02,0.01,735.68945,0,6.600808086751125,-1.3217558399823195,-2.772588722239781,
52,76541061,Grp. A1 B6 (100% C1),427,0.171,0.0,0.0,0.0,0.34,0.4,1.8,0.03,0.01,736.8811,0,6.602426549459238,-1.504077396776274,-2.427748235948052,
53,76763270,Grp. A1 B6 (100% C1),427,0.171,0.0,0.0,0.0,0.34,0.5,1.7,0.04,0.01,740.3095,0,6.607068342002133,-1.2237754316221157,-2.1400661634962708,
54,76094381,Grp. A1 B6 (100% C1),427,0.171,0.0,0.0,0.0,0.34,0.2,0.4,0.02,0.01,741.3442,0,6.608465024868313,-0.6931471805599453,-2.833213344056216,
55,22363803,Grp. A1 B6 (100% C1),427,0.166,0.0,0.0,0.0,0.12,1.4,1.9,0.01,0.01,742.7502,0,6.610359783612287,-0.3053816495511819,-2.4849066497880004,
56,77209796,Grp. A1 B6 (100% C1),427,0.171,0.0,0.0,0.0,0.34,0.7,0.8,0.08,0.01,742.81055,0,6.610441032393306,-0.13353139262452274,-1.4469189829363254,
57,71815390,Grp. A1 B6 (100% C1),427,0.166,0.0,0.0,0.0,0.32,0.6,0.9,0.06,0.01,742.9773,0,6.610665492434085,-0.40546510810816444,-1.6739764335716716,
58,77435520,Grp. A1 B6 (100% C1),427,0.171,0.0,0.0,0.0,0.34,0.8,1.7,0.08,0.01,743.24646,0,6.611027699001072,-0.7537718023763801,-1.4469189829363254,
59,76318398,Grp. A1 B6 (100% C1),427,0.171,0.0,0.0,0.0,0.34,0.3,1.7,0.02,0.01,750.5016,0,6.620741782983303,-1.7346010553881064,-2.833213344056216,
60,92240716,Grp. A1 B6 (100% C1),427,0.166,0.0,0.0,0.0,0.3,0.5,1.9,0.02,0.01,753.8848,0,6.625239571189228,-1.3350010667323402,-2.70805020110221,
61,72270850,Grp. A1 B6 (100% C1),427,0.166,0.0,0.0,0.0,0.32,0.8,1.3,0.08,0.01,754.99475,0,6.626710795582464,-0.48550781578170077,-1.3862943611198906,
62,18154362,Grp. A1 B6 (100% C1),427,0.166,0.0,0.0,0.0,0.08,1.7,2.0,0.01,0.01,755.918,0,6.627932904688248,-0.16251892949777494,-2.0794415416798357,
63,72271027,Grp. A1 B6 (100% C1),427,0.166,0.0,0.0,0.0,0.32,0.8,1.9,0.07,0.01,757.78796,0,6.63040361036116,-0.8649974374866044,-1.519825753744413,
64,61010395,Grp. A1 B6 (100% C1),427,0.166,0.0,0.0,0.0,0.28,0.4,1.4,0.01,0.01,764.9531,0,6.639814524757631,-1.2527629684953678,-3.332204510175204,
65,72042791,Grp. A1 B6 (100% C1),427,0.171,0.0,0.0,0.0,0.32,0.7,1.6,0.05,0.01,765.2022,0,6.640140112627307,-0.826678573184468,-1.8562979903656263,
66,76985830,Grp. A1 B6 (100% C1),427,0.171,0.0,0.0,0.0,0.34,0.6,0.6,0.07,0.01,766.0235,0,6.64121284812118,0.0,-1.5804503755608479,
67,71815597,Grp. A1 B6 (100% C1),427,0.166,0.0,0.0,0.0,0.32,0.6,1.6,0.05,0.01,766.5941,0,6.641957456595419,-0.9808292530117264,-1.8562979903656263,
68,91789439,Grp. A1 B6 (100% C1),427,0.166,0.0,0.0,0.0,0.3,0.3,1.3,0.01,0.01,769.8355,0,6.6461768556605945,-1.4663370687934272,-3.4011973816621555,
69,71590056,Grp. A1 B6 (100% C1),427,0.166,0.0,0.0,0.0,0.32,0.5,0.8,0.05,0.01,769.9349,0,6.646305965819016,-0.4700036292457356,-1.8562979903656263,
70,92467303,Grp. A1 B6 (100% C1),427,0.166,0.0,0.0,0.0,0.3,0.6,1.9,0.03,0.01,770.6659,0,6.647254946313975,-1.1526795099383855,-2.3025850929940455,
71,71590794,Grp. A1 B6 (100% C1),427,0.171,0.0,0.0,0.0,0.32,0.5,1.5,0.03,0.01,772.5385,0,6.649681845717722,-1.0986122886681098,-2.367123614131617,
72,77210000,Grp. A1 B6 (100% C1),427,0.171,0.0,0.0,0.0,0.34,0.7,1.5,0.07,0.01,772.7877,0,6.650004366622577,-0.7621400520468968,-1.5804503755608479,
73,71816062,Grp. A1 B6 (100% C1),427,0.171,0.0,0.0,0.0,0.32,0.6,1.5,0.04,0.01,776.4196,0,6.654693095695429,-0.9162907318741551,-2.0794415416798357,
74,60784607,Grp. A1 B6 (100% C1),427,0.166,0.0,0.0,0.0,0.28,0.3,0.9,0.01,0.01,783.16974,0,6.663349454106261,-1.0986122886681098,-3.332204510175204,
75,71590203,Grp. A1 B6 (100% C1),427,0.166,0.0,0.0,0.0,0.32,0.5,1.3,0.04,0.01,785.1545,0,6.665880513703445,-0.9555114450274365,-2.0794415416798357,
76,67585874,Grp. A1 B6 (100% C1),427,0.166,0.0,0.0,0.0,0.2,1.0,2.0,0.01,0.01,785.26355,0,6.666019393920945,-0.6931471805599453,-2.9957322735539913,
77,72500230,Grp. A1 B6 (100% C1),427,0.166,0.0,0.0,0.0,0.32,0.9,1.0,0.1,0.01,788.0756,0,6.669594024342314,-0.10536051565782628,-1.1631508098056809,
78,77661281,Grp. A1 B6 (100% C1),427,0.171,0.0,0.0,0.0,0.34,0.9,1.3,0.1,0.01,788.80664,0,6.670521221102894,-0.3677247801253174,-1.2237754316221157,
79,22630522,Grp. A1 B6 (100% C1),427,0.171,0.0,0.0,0.0,0.12,1.5,2.0,0.01,0.01,788.95514,0,6.670709462448731,-0.2876820724517809,-2.4849066497880004,
80,71815290,Grp. A1 B6 (100% C1),427,0.166,0.0,0.0,0.0,0.32,0.6,0.5,0.07,0.01,790.2942,0,6.672405281198804,0.1823215567939546,-1.519825753744413,
81,56274361,Grp. A1 B6 (100% C1),427,0.166,0.0,0.0,0.0,0.26,0.6,1.9,0.01,0.01,794.27637,0,6.677431473731625,-1.1526795099383855,-3.258096538021482,
82,72271359,Grp. A1 B6 (100% C1),427,0.171,0.0,0.0,0.0,0.32,0.8,1.7,0.06,0.01,803.0899,0,6.688466662848369,-0.7537718023763801,-1.6739764335716716,
83,76763360,Grp. A1 B6 (100% C1),427,0.171,0.0,0.0,0.0,0.34,0.5,2.0,0.04,0.01,803.8862,0,6.689457716872354,-1.3862943611198906,-2.1400661634962708,
84,70913873,Grp. A1 B6 (100% C1),427,0.171,0.0,0.0,0.0,0.32,0.2,0.7,0.01,0.01,804.53015,0,6.6902584424238025,-1.2527629684953678,-3.4657359027997265,
85,91563257,Grp. A1 B6 (100% C1),427,0.166,0.0,0.0,0.0,0.3,0.2,0.6,0.01,0.01,806.9138,0,6.69321684719923,-1.0986122886681096,-3.4011973816621555,
86,92695711,Grp. A1 B6 (100% C1),427,0.166,0.0,0.0,0.0,0.3,0.7,1.9,0.04,0.01,809.6763,0,6.696634538163654,-0.9985288301111273,-2.0149030205422647,
87,76762899,Grp. A1 B6 (100% C1),427,0.171,0.0,0.0,0.0,0.34,0.5,0.4,0.06,0.01,809.83356,0,6.696828745070791,0.22314355131420976,-1.7346010553881064,
88,31790116,Grp. A1 B6 (100% C1),427,0.171,0.0,0.0,0.0,0.16,1.1,1.7,0.01,0.01,810.07196,0,6.697123083226662,-0.4353180712578455,-2.772588722239781,
89,76986030,Grp. A1 B6 (100% C1),427,0.171,0.0,0.0,0.0,0.34,0.6,1.3,0.06,0.01,819.3647,0,6.708529283882127,-0.7731898882334818,-1.7346010553881064,
90,46845279,Grp. A1 B6 (100% C1),427,0.166,0.0,0.0,0.0,0.22,1.0,2.0,0.02,0.01,822.12445,0,6.711891782623268,-0.6931471805599453,-2.3978952727983707,
91,77890186,Grp. A1 B6 (100% C1),427,0.171,0.0,0.0,0.0,0.34,1.0,1.9,0.1,0.01,823.0816,0,6.713055345215308,-0.6418538861723948,-1.2237754316221157,
92,76540604,Grp. A1 B6 (100% C1),427,0.171,0.0,0.0,0.0,0.34,0.4,0.2,0.05,0.01,826.36725,0,6.717039287300887,0.6931471805599453,-1.916922612182061,
93,72270820,Grp. A1 B6 (100% C1),427,0.166,0.0,0.0,0.0,0.32,0.8,1.2,0.08,0.01,828.71545,0,6.719876851339949,-0.4054651081081643,-1.3862943611198906,
94,72500800,Grp. A1 B6 (100% C1),427,0.171,0.0,0.0,0.0,0.32,0.9,1.8,0.07,0.01,829.86597,0,6.7212642058233225,-0.6931471805599453,-1.519825753744413,
95,77435343,Grp. A1 B6 (100% C1),427,0.171,0.0,0.0,0.0,0.34,0.8,1.1,0.09,0.01,830.6265,0,6.722180235334954,-0.3184537311185346,-1.3291359472799422,
96,76318308,Grp. A1 B6 (100% C1),427,0.171,0.0,0.0,0.0,0.34,0.3,1.4,0.02,0.01,830.71344,0,6.722284897840184,-1.5404450409471488,-2.833213344056216,
97,77210147,Grp. A1 B6 (100% C1),427,0.171,0.0,0.0,0.0,0.34,0.7,2.0,0.06,0.01,838.1467,0,6.731193144826799,-1.0498221244986778,-1.7346010553881064,
98,77661398,Grp. A1 B6 (100% C1),427,0.171,0.0,0.0,0.0,0.34,0.9,1.7,0.09,0.01,838.89294,0,6.732083094034263,-0.6359887667199967,-1.3291359472799422,
99,72732567,Grp. A1 B6 (100% C1),427,0.171,0.0,0.0,0.0,0.32,1.0,1.9,0.08,0.01,840.69794,0,6.734232427799246,-0.6418538861723948,-1.3862943611198906,
0,16486983,Grp. A1 B6 (100% C1),600,0.166,0.0,0.0,0.0,0.08,1.0,1.2,0.01,0.01,589.75494,0,6.379707094683393,-0.1823215567939546,-2.0794415416798357,
1,20772271,Grp. A1 B6 (100% C1),600,0.166,0.0,0.0,0.0,0.12,0.7,1.0,0.01,0.01,602.7148,0,6.4014441163514295,-0.35667494393873245,-2.4849066497880004,
2,41416226,Grp. A1 B6 (100% C1),600,0.171,0.0,0.0,0.0,0.1,0.8,1.0,0.01,0.01,635.6338,0,6.454622611348089,-0.2231435513142097,-2.302585092994046,
3,21723202,Grp. A1 B6 (100% C1),600,0.166,0.0,0.0,0.0,0.12,1.1,1.5,0.02,0.01,639.4279,0,6.4605738703312685,-0.31015492830383945,-1.791759469228055,
4,26076242,Grp. A1 B6 (100% C1),600,0.166,0.0,0.0,0.0,0.14,0.8,1.4,0.01,0.01,639.5914,0,6.460829534965712,-0.5596157879354225,-2.639057329615259,
5,36550842,Grp. A1 B6 (100% C1),600,0.171,0.0,0.0,0.0,0.18,0.9,1.8,0.02,0.01,662.04517,0,6.495333786237667,-0.6931471805599453,-2.197224577336219,
6,25844510,Grp. A1 B6 (100% C1),600,0.171,0.0,0.0,0.0,0.14,0.7,1.1,0.01,0.01,664.2438,0,6.4986492507612095,-0.45198512374305744,-2.639057329615259,
7,21238634,Grp. A1 B6 (100% C1),600,0.171,0.0,0.0,0.0,0.12,0.9,1.3,0.01,0.01,666.5504,0,6.502115755664525,-0.3677247801253174,-2.4849066497880004,
8,26076866,Grp. A1 B6 (100% C1),600,0.171,0.0,0.0,0.0,0.14,0.8,1.3,0.01,0.01,671.9945,0,6.5102501559658466,-0.48550781578170077,-2.639057329615259,
9,66992402,Grp. A1 B6 (100% C1),600,0.171,0.0,0.0,0.0,0.2,0.7,1.6,0.02,0.01,678.75195,0,6.520255744172195,-0.826678573184468,-2.302585092994046,
10,35847186,Grp. A1 B6 (100% C1),600,0.166,0.0,0.0,0.0,0.18,0.6,1.5,0.01,0.01,684.9859,0,6.529398254108767,-0.9162907318741551,-2.8903717578961645,
11,31186303,Grp. A1 B6 (100% C1),600,0.166,0.0,0.0,0.0,0.16,0.8,1.7,0.01,0.01,687.466,0,6.5330123737723556,-0.7537718023763801,-2.772588722239781,
12,36077416,Grp. A1 B6 (100% C1),600,0.166,0.0,0.0,0.0,0.18,0.7,1.4,0.02,0.01,688.0406,0,6.533847847820133,-0.6931471805599453,-2.197224577336219,
13,22230927,Grp. A1 B6 (100% C1),600,0.171,0.0,0.0,0.0,0.12,1.3,2.0,0.01,0.01,690.33746,0,6.537180550498116,-0.4307829160924542,-2.4849066497880004,
14,66083545,Grp. A1 B6 (100% C1),600,0.171,0.0,0.0,0.0,0.2,0.3,0.6,0.01,0.01,690.8723,0,6.53795500205822,-0.6931471805599453,-2.9957322735539913,
15,25616189,Grp. A1 B6 (100% C1),600,0.171,0.0,0.0,0.0,0.14,0.6,0.9,0.01,0.01,690.9504,0,6.538068041162417,-0.40546510810816444,-2.639057329615259,
16,18011268,Grp. A1 B6 (100% C1),600,0.171,0.0,0.0,0.0,0.08,1.6,2.0,0.01,0.01,692.537,0,6.540361666237072,-0.2231435513142097,-2.0794415416798357,
17,26313710,Grp. A1 B6 (100% C1),600,0.171,0.0,0.0,0.0,0.14,0.9,1.5,0.01,0.01,692.92633,0,6.540923687622723,-0.5108256237659907,-2.639057329615259,
18,11823134,Grp. A1 B6 (100% C1),600,0.166,0.0,0.0,0.0,0.06,1.1,1.2,0.01,0.01,698.7761,0,6.549330376186751,-0.08701137698962969,-1.791759469228055,
19,26313131,Grp. A1 B6 (100% C1),600,0.166,0.0,0.0,0.0,0.14,0.9,1.6,0.01,0.01,699.2603,0,6.550023062041513,-0.5753641449035618,-2.639057329615259,
20,45566042,Grp. A1 B6 (100% C1),600,0.171,0.0,0.0,0.0,0.22,0.4,1.4,0.01,0.01,701.8825,0,6.553766011099018,-1.2527629684953678,-3.0910424533583156,
21,42890306,Grp. A1 B6 (100% C1),600,0.166,0.0,0.0,0.0,0.1,1.4,2.0,0.01,0.01,703.9375,0,6.556689573807915,-0.35667494393873245,-2.302585092994046,
22,66991850,Grp. A1 B6 (100% C1),600,0.166,0.0,0.0,0.0,0.2,0.7,1.9,0.02,0.01,707.1642,0,6.561262887870143,-0.9985288301111273,-2.302585092994046,
23,36312411,Grp. A1 B6 (100% C1),600,0.171,0.0,0.0,0.0,0.18,0.8,1.9,0.01,0.01,707.8422,0,6.562221187496047,-0.8649974374866044,-2.8903717578961645,
24,31423805,Grp. A1 B6 (100% C1),600,0.166,0.0,0.0,0.0,0.16,0.9,1.6,0.02,0.01,707.8679,0,6.5622574943642435,-0.5753641449035618,-2.0794415416798357,
25,31666598,Grp. A1 B6 (100% C1),600,0.171,0.0,0.0,0.0,0.16,1.0,1.7,0.02,0.01,712.20575,0,6.568366844385925,-0.5306282510621704,-2.0794415416798357,
26,21974250,Grp. A1 B6 (100% C1),600,0.171,0.0,0.0,0.0,0.12,1.2,1.6,0.02,0.01,713.03534,0,6.5695309844033725,-0.28768207245178107,-1.791759469228055,
27,45340217,Grp. A1 B6 (100% C1),600,0.166,0.0,0.0,0.0,0.22,0.3,1.2,0.01,0.01,713.81995,0,6.570630759670817,-1.3862943611198906,-3.0910424533583156,
28,31424481,Grp. A1 B6 (100% C1),600,0.171,0.0,0.0,0.0,0.16,0.9,1.8,0.01,0.01,714.3302,0,6.571345320421606,-0.6931471805599453,-2.772588722239781,
29,36078176,Grp. A1 B6 (100% C1),600,0.171,0.0,0.0,0.0,0.18,0.7,1.6,0.01,0.01,718.42896,0,6.5770668279794995,-0.826678573184468,-2.8903717578961645,
30,26555030,Grp. A1 B6 (100% C1),600,0.171,0.0,0.0,0.0,0.14,1.0,1.7,0.01,0.01,718.74304,0,6.577503908586414,-0.5306282510621704,-2.639057329615259,
31,66760880,Grp. A1 B6 (100% C1),600,0.166,0.0,0.0,0.0,0.2,0.6,1.5,0.02,0.01,720.79553,0,6.580355504832058,-0.9162907318741551,-2.302585092994046,
32,30953570,Grp. A1 B6 (100% C1),600,0.171,0.0,0.0,0.0,0.16,0.7,1.3,0.01,0.01,728.23706,0,6.590626627058268,-0.6190392084062235,-2.772588722239781,
33,67227457,Grp. A1 B6 (100% C1),600,0.171,0.0,0.0,0.0,0.2,0.8,2.0,0.02,0.01,733.40857,0,6.597702940870289,-0.916290731874155,-2.302585092994046,
34,30274219,Grp. A1 B6 (100% C1),600,0.171,0.0,0.0,0.0,0.16,0.4,0.6,0.01,0.01,734.6106,0,6.5993405629030235,-0.4054651081081643,-2.772588722239781,
35,36311697,Grp. A1 B6 (100% C1),600,0.166,0.0,0.0,0.0,0.18,0.8,1.7,0.02,0.01,737.1484,0,6.6027892287718695,-0.7537718023763801,-2.197224577336219,
36,50520077,Grp. A1 B6 (100% C1),600,0.171,0.0,0.0,0.0,0.24,0.3,1.5,0.01,0.01,739.33246,0,6.605747697997141,-1.6094379124341005,-3.1780538303479453,
37,66307232,Grp. A1 B6 (100% C1),600,0.166,0.0,0.0,0.0,0.2,0.4,1.2,0.01,0.01,743.637,0,6.611553012543777,-1.0986122886681096,-2.9957322735539913,
38,26801737,Grp. A1 B6 (100% C1),600,0.171,0.0,0.0,0.0,0.14,1.1,1.9,0.01,0.01,745.8841,0,6.6145702262035515,-0.5465437063680699,-2.639057329615259,
39,66761670,Grp. A1 B6 (100% C1),600,0.171,0.0,0.0,0.0,0.2,0.6,1.7,0.01,0.01,746.9676,0,6.616021810698184,-1.041453874828161,-2.9957322735539913,
40,66533036,Grp. A1 B6 (100% C1),600,0.166,0.0,0.0,0.0,0.2,0.5,1.6,0.01,0.01,754.19324,0,6.625648621644337,-1.1631508098056809,-2.9957322735539913,
41,45791596,Grp. A1 B6 (100% C1),600,0.166,0.0,0.0,0.0,0.22,0.5,1.7,0.02,0.01,754.21075,0,6.625671838236333,-1.2237754316221157,-2.3978952727983707,
42,45565471,Grp. A1 B6 (100% C1),600,0.166,0.0,0.0,0.0,0.22,0.4,1.9,0.01,0.01,760.4013,0,6.633846320239325,-1.5581446180465497,-3.0910424533583156,
43,45792417,Grp. A1 B6 (100% C1),600,0.171,0.0,0.0,0.0,0.22,0.5,1.9,0.01,0.01,763.8391,0,6.638357164892544,-1.3350010667323402,-3.0910424533583156,
44,27574300,Grp. A1 B6 (100% C1),600,0.171,0.0,0.0,0.0,0.14,1.4,2.0,0.03,0.01,770.55865,0,6.647115771266221,-0.35667494393873245,-1.540445040947149,
45,22763155,Grp. A1 B6 (100% C1),600,0.166,0.0,0.0,0.0,0.12,1.5,2.0,0.03,0.01,771.94214,0,6.648909599029492,-0.2876820724517809,-1.3862943611198906,
46,41886363,Grp. A1 B6 (100% C1),600,0.171,0.0,0.0,0.0,0.1,1.0,1.3,0.01,0.01,775.4797,0,6.65348180561376,-0.2623642644674911,-2.302585092994046,
47,31912385,Grp. A1 B6 (100% C1),600,0.166,0.0,0.0,0.0,0.16,1.1,1.8,0.03,0.01,782.61487,0,6.662640710362475,-0.49247648509779407,-1.6739764335716716,
48,50520117,Grp. A1 B6 (100% C1),600,0.171,0.0,0.0,0.0,0.24,0.3,1.6,0.01,0.01,787.65283,0,6.669057421711942,-1.6739764335716716,-3.1780538303479453,
49,46020557,Grp. A1 B6 (100% C1),600,0.171,0.0,0.0,0.0,0.22,0.6,1.8,0.02,0.01,789.1754,0,6.670988602856761,-1.0986122886681098,-2.3978952727983707,
50,67226756,Grp. A1 B6 (100% C1),600,0.166,0.0,0.0,0.0,0.2,0.8,1.8,0.03,0.01,793.7782,0,6.676804077134868,-0.8109302162163287,-1.8971199848858813,
51,46020517,Grp. A1 B6 (100% C1),600,0.171,0.0,0.0,0.0,0.22,0.6,1.7,0.02,0.01,801.7872,0,6.686843236000161,-1.041453874828161,-2.3978952727983707,
52,25391038,Grp. A1 B6 (100% C1),600,0.171,0.0,0.0,0.0,0.14,0.5,0.7,0.01,0.01,812.6579,0,6.700310233784158,-0.3364722366212129,-2.639057329615259,
53,36077572,Grp. A1 B6 (100% C1),600,0.166,0.0,0.0,0.0,0.18,0.7,1.8,0.01,0.01,815.3981,0,6.703676460237724,-0.9444616088408515,-2.8903717578961645,
54,37040070,Grp. A1 B6 (100% C1),600,0.171,0.0,0.0,0.0,0.18,1.1,2.0,0.03,0.01,815.62897,0,6.703959557932163,-0.5978370007556204,-1.791759469228055,
55,45565511,Grp. A1 B6 (100% C1),600,0.166,0.0,0.0,0.0,0.22,0.4,2.0,0.01,0.01,816.5372,0,6.705072471691112,-1.6094379124341003,-3.0910424533583156,
56,41648350,Grp. A1 B6 (100% C1),600,0.166,0.0,0.0,0.0,0.1,0.9,1.2,0.01,0.01,817.5967,0,6.706369183237772,-0.2876820724517809,-2.302585092994046,
57,51200885,Grp. A1 B6 (100% C1),600,0.171,0.0,0.0,0.0,0.24,0.6,2.0,0.03,0.01,818.6954,0,6.707712097702882,-1.2039728043259361,-2.0794415416798357,
58,35620405,Grp. A1 B6 (100% C1),600,0.166,0.0,0.0,0.0,0.18,0.5,1.2,0.01,0.01,820.55725,0,6.709983682623744,-0.8754687373538999,-2.8903717578961645,
59,45115152,Grp. A1 B6 (100% C1),600,0.166,0.0,0.0,0.0,0.22,0.2,0.5,0.01,0.01,822.32855,0,6.7121400110628135,-0.916290731874155,-3.0910424533583156,
60,50294166,Grp. A1 B6 (100% C1),600,0.166,0.0,0.0,0.0,0.24,0.2,1.4,0.01,0.01,825.9816,0,6.716572497243808,-1.9459101490553132,-3.1780538303479453,
61,50745519,Grp. A1 B6 (100% C1),600,0.171,0.0,0.0,0.0,0.24,0.4,1.3,0.02,0.01,830.16364,0,6.721622837984336,-1.1786549963416462,-2.4849066497880004,
62,35847827,Grp. A1 B6 (100% C1),600,0.171,0.0,0.0,0.0,0.18,0.6,1.3,0.01,0.01,830.3344,0,6.721828511217894,-0.7731898882334818,-2.8903717578961645,
63,32164829,Grp. A1 B6 (100% C1),600,0.171,0.0,0.0,0.0,0.16,1.2,1.9,0.03,0.01,831.17,0,6.7228343467371365,-0.4595323293784402,-1.6739764335716716,
64,35847030,Grp. A1 B6 (100% C1),600,0.166,0.0,0.0,0.0,0.18,0.6,1.1,0.02,0.01,838.95496,0,6.732157022070325,-0.6061358035703156,-2.197224577336219,
65,50294126,Grp. A1 B6 (100% C1),600,0.166,0.0,0.0,0.0,0.24,0.2,1.3,0.01,0.01,839.24805,0,6.732506312354317,-1.8718021769015913,-3.1780538303479453,
66,50519213,Grp. A1 B6 (100% C1),600,0.166,0.0,0.0,0.0,0.24,0.3,1.3,0.02,0.01,841.0873,0,6.734695459579637,-1.4663370687934272,-2.4849066497880004,
67,30952799,Grp. A1 B6 (100% C1),600,0.166,0.0,0.0,0.0,0.16,0.7,1.1,0.02,0.01,841.6479,0,6.735361755763065,-0.45198512374305744,-2.0794415416798357,
68,46019774,Grp. A1 B6 (100% C1),600,0.166,0.0,0.0,0.0,0.22,0.6,1.6,0.03,0.01,846.1404,0,6.740685303283618,-0.9808292530117264,-1.9924301646902063,
69,45792457,Grp. A1 B6 (100% C1),600,0.171,0.0,0.0,0.0,0.22,0.5,2.0,0.01,0.01,847.5951,0,6.742403045348647,-1.3862943611198906,-3.0910424533583156,
70,45340885,Grp. A1 B6 (100% C1),600,0.171,0.0,0.0,0.0,0.22,0.3,0.9,0.01,0.01,848.0119,0,6.742894668712309,-1.0986122886681098,-3.0910424533583156,
71,50294206,Grp. A1 B6 (100% C1),600,0.166,0.0,0.0,0.0,0.24,0.2,1.5,0.01,0.01,851.3767,0,6.74685468632942,-2.0149030205422647,-3.1780538303479453,
72,50744758,Grp. A1 B6 (100% C1),600,0.166,0.0,0.0,0.0,0.24,0.4,1.3,0.03,0.01,851.61487,0,6.747134394116292,-1.1786549963416462,-2.0794415416798357,
73,50971318,Grp. A1 B6 (100% C1),600,0.166,0.0,0.0,0.0,0.24,0.5,1.4,0.04,0.01,854.243,0,6.750215696639322,-1.0296194171811581,-1.791759469228055,
74,50744798,Grp. A1 B6 (100% C1),600,0.166,0.0,0.0,0.0,0.24,0.4,1.4,0.03,0.01,855.5251,0,6.751715432469356,-1.2527629684953678,-2.0794415416798357,
75,51431775,Grp. A1 B6 (100% C1),600,0.166,0.0,0.0,0.0,0.24,0.7,1.7,0.06,0.01,858.2738,0,6.754923162800964,-0.8873031950009028,-1.3862943611198906,
76,50972010,Grp. A1 B6 (100% C1),600,0.171,0.0,0.0,0.0,0.24,0.5,1.3,0.03,0.01,859.0707,0,6.755851223603205,-0.9555114450274365,-2.0794415416798357,
77,51200034,Grp. A1 B6 (100% C1),600,0.166,0.0,0.0,0.0,0.24,0.6,1.6,0.05,0.01,859.3179,0,6.756138935011096,-0.9808292530117264,-1.5686159179138452,
78,51666542,Grp. A1 B6 (100% C1),600,0.166,0.0,0.0,0.0,0.24,0.8,1.8,0.07,0.01,859.3761,0,6.756206660854117,-0.8109302162163287,-1.2321436812926323,
79,51199994,Grp. A1 B6 (100% C1),600,0.166,0.0,0.0,0.0,0.24,0.6,1.5,0.05,0.01,859.7508,0,6.756642579814996,-0.9162907318741551,-1.5686159179138452,
80,50971358,Grp. A1 B6 (100% C1),600,0.166,0.0,0.0,0.0,0.24,0.5,1.5,0.04,0.01,860.08484,0,6.757031035544638,-1.0986122886681098,-1.791759469228055,
81,66307927,Grp. A1 B6 (100% C1),600,0.171,0.0,0.0,0.0,0.2,0.4,1.0,0.01,0.01,862.64307,0,6.760001013410107,-0.916290731874155,-2.9957322735539913,
82,50293690,Grp. A1 B6 (100% C1),600,0.166,0.0,0.0,0.0,0.24,0.2,0.2,0.02,0.01,863.06433,0,6.760489230599611,0.0,-2.4849066497880004,
83,67465825,Grp. A1 B6 (100% C1),600,0.171,0.0,0.0,0.0,0.2,0.9,1.9,0.03,0.01,863.50836,0,6.76100357906853,-0.747214401830221,-1.8971199848858813,
84,51904461,Grp. A1 B6 (100% C1),600,0.166,0.0,0.0,0.0,0.24,0.9,1.9,0.08,0.01,863.56476,0,6.761068891879397,-0.747214401830221,-1.0986122886681096,
85,50518857,Grp. A1 B6 (100% C1),600,0.166,0.0,0.0,0.0,0.24,0.3,0.4,0.03,0.01,864.5628,0,6.762223945631287,-0.28768207245178107,-2.0794415416798357,
86,27310207,Grp. A1 B6 (100% C1),600,0.171,0.0,0.0,0.0,0.14,1.3,1.8,0.03,0.01,864.6243,0,6.762295077320884,-0.325422400434628,-1.540445040947149,
87,50519173,Grp. A1 B6 (100% C1),600,0.166,0.0,0.0,0.0,0.24,0.3,1.2,0.02,0.01,864.9476,0,6.762668927062274,-1.3862943611198906,-2.4849066497880004,
88,50971042,Grp. A1 B6 (100% C1),600,0.166,0.0,0.0,0.0,0.24,0.5,0.7,0.05,0.01,865.38916,0,6.763179301712795,-0.3364722366212129,-1.5686159179138452,
89,51904501,Grp. A1 B6 (100% C1),600,0.166,0.0,0.0,0.0,0.24,0.9,2.0,0.08,0.01,866.23987,0,6.764161856352042,-0.7985076962177716,-1.0986122886681096,
90,50744442,Grp. A1 B6 (100% C1),600,0.166,0.0,0.0,0.0,0.24,0.4,0.5,0.04,0.01,867.4636,0,6.765573551286504,-0.2231435513142097,-1.791759469228055,
91,50519253,Grp. A1 B6 (100% C1),600,0.166,0.0,0.0,0.0,0.24,0.3,1.4,0.02,0.01,867.89014,0,6.766065139829818,-1.5404450409471488,-2.4849066497880004,
92,51431735,Grp. A1 B6 (100% C1),600,0.166,0.0,0.0,0.0,0.24,0.7,1.6,0.06,0.01,868.03406,0,6.766230953521832,-0.826678573184468,-1.3862943611198906,
93,51199718,Grp. A1 B6 (100% C1),600,0.166,0.0,0.0,0.0,0.24,0.6,0.8,0.06,0.01,868.72144,0,6.767022521518469,-0.28768207245178107,-1.3862943611198906,
94,51432542,Grp. A1 B6 (100% C1),600,0.171,0.0,0.0,0.0,0.24,0.7,2.0,0.04,0.01,869.0628,0,6.767415389627793,-1.0498221244986778,-1.791759469228055,
95,51431499,Grp. A1 B6 (100% C1),600,0.166,0.0,0.0,0.0,0.24,0.7,1.0,0.07,0.01,869.2649,0,6.767647911954752,-0.35667494393873245,-1.2321436812926323,
96,36550337,Grp. A1 B6 (100% C1),600,0.166,0.0,0.0,0.0,0.18,0.9,2.0,0.02,0.01,869.77045,0,6.76822932625923,-0.7985076962177716,-2.197224577336219,
97,51666266,Grp. A1 B6 (100% C1),600,0.166,0.0,0.0,0.0,0.24,0.8,1.1,0.08,0.01,870.4802,0,6.7690450134010245,-0.3184537311185346,-1.0986122886681096,
98,36312255,Grp. A1 B6 (100% C1),600,0.171,0.0,0.0,0.0,0.18,0.8,1.5,0.02,0.01,870.53894,0,6.769112491119876,-0.6286086594223742,-2.197224577336219,
99,52145950,Grp. A1 B6 (100% C1),600,0.166,0.0,0.0,0.0,0.24,1.0,2.0,0.09,0.01,871.01447,0,6.769658589802911,-0.6931471805599453,-0.9808292530117262,
0,81373102,Grp. A1 B6 (100% C1),601,0.166,0.0,0.0,0.0,0.36,0.2,1.3,0.02,0.01,2046.7267,0,7.623997064290453,-1.8718021769015913,-2.8903717578961645,
1,81148517,Grp. A1 B6 (100% C1),601,0.166,0.0,0.0,0.0,0.36,0.1,0.6,0.01,0.01,2047.2665,0,7.624260767709955,-1.791759469228055,-3.58351893845611,
2,81596400,Grp. A1 B6 (100% C1),601,0.166,0.0,0.0,0.0,0.36,0.3,2.0,0.03,0.01,2047.5553,0,7.624401823909508,-1.8971199848858813,-2.4849066497880004,
3,81148557,Grp. A1 B6 (100% C1),601,0.166,0.0,0.0,0.0,0.36,0.1,0.7,0.01,0.01,2048.137,0,7.624685878453309,-1.9459101490553132,-3.58351893845611,
4,81596360,Grp. A1 B6 (100% C1),601,0.166,0.0,0.0,0.0,0.36,0.3,1.9,0.03,0.01,2048.4292,0,7.624828534515108,-1.845826690498331,-2.4849066497880004,
5,81373142,Grp. A1 B6 (100% C1),601,0.166,0.0,0.0,0.0,0.36,0.2,1.4,0.02,0.01,2049.0747,0,7.625143604382566,-1.9459101490553132,-2.8903717578961645,
6,81373062,Grp. A1 B6 (100% C1),601,0.166,0.0,0.0,0.0,0.36,0.2,1.2,0.02,0.01,2051.7354,0,7.6264412506078125,-1.791759469228055,-2.8903717578961645,
7,82039778,Grp. A1 B6 (100% C1),601,0.166,0.0,0.0,0.0,0.36,0.5,1.7,0.06,0.01,2052.8174,0,7.626968470053041,-1.2237754316221157,-1.791759469228055,
8,82039818,Grp. A1 B6 (100% C1),601,0.166,0.0,0.0,0.0,0.36,0.5,1.8,0.06,0.01,2053.2012,0,7.627155415139513,-1.2809338454620642,-1.791759469228055,
9,81596320,Grp. A1 B6 (100% C1),601,0.166,0.0,0.0,0.0,0.36,0.3,1.8,0.03,0.01,2053.2468,0,7.627177624114278,-1.791759469228055,-2.4849066497880004,
10,81595844,Grp. A1 B6 (100% C1),601,0.166,0.0,0.0,0.0,0.36,0.3,0.6,0.04,0.01,2053.4011,0,7.627252770561614,-0.6931471805599453,-2.197224577336219,
11,81818065,Grp. A1 B6 (100% C1),601,0.166,0.0,0.0,0.0,0.36,0.4,1.1,0.05,0.01,2053.6863,0,7.627391652437105,-1.0116009116784799,-1.9740810260220096,
12,81817733,Grp. A1 B6 (100% C1),601,0.166,0.0,0.0,0.0,0.36,0.4,0.2,0.06,0.01,2053.8474,0,7.627470093668193,0.6931471805599453,-1.791759469228055,
13,81818105,Grp. A1 B6 (100% C1),601,0.166,0.0,0.0,0.0,0.36,0.4,1.2,0.05,0.01,2054.0493,0,7.627568392147881,-1.0986122886681096,-1.9740810260220096,
14,82484343,Grp. A1 B6 (100% C1),601,0.166,0.0,0.0,0.0,0.36,0.7,1.8,0.09,0.01,2054.529,0,7.627801903580378,-0.9444616088408515,-1.3862943611198906,
15,82039382,Grp. A1 B6 (100% C1),601,0.166,0.0,0.0,0.0,0.36,0.5,0.7,0.07,0.01,2054.6738,0,7.627872379537447,-0.3364722366212129,-1.6376087894007965,
16,82261507,Grp. A1 B6 (100% C1),601,0.166,0.0,0.0,0.0,0.36,0.6,1.2,0.08,0.01,2054.7896,0,7.627928737260468,-0.6931471805599453,-1.504077396776274,
17,82484303,Grp. A1 B6 (100% C1),601,0.166,0.0,0.0,0.0,0.36,0.7,1.7,0.09,0.01,2055.195,0,7.628126012939465,-0.8873031950009028,-1.3862943611198906,
18,82261238,Grp. A1 B6 (100% C1),601,0.166,0.0,0.0,0.0,0.36,0.6,0.4,0.09,0.01,2055.5344,0,7.628291141785343,0.4054651081081642,-1.3862943611198906,
19,81373182,Grp. A1 B6 (100% C1),601,0.166,0.0,0.0,0.0,0.36,0.2,1.5,0.02,0.01,2055.9504,0,7.6284935017704365,-2.0149030205422647,-2.8903717578961645,
20,82483987,Grp. A1 B6 (100% C1),601,0.166,0.0,0.0,0.0,0.36,0.7,0.9,0.1,0.01,2056.1357,0,7.628583626342548,-0.2513144282809062,-1.2809338454620642,
21,82261547,Grp. A1 B6 (100% C1),601,0.166,0.0,0.0,0.0,0.36,0.6,1.3,0.08,0.01,2056.7605,0,7.628887451177615,-0.7731898882334818,-1.504077396776274,
22,82039858,Grp. A1 B6 (100% C1),601,0.166,0.0,0.0,0.0,0.36,0.5,1.9,0.06,0.01,2056.9246,0,7.628967233657848,-1.3350010667323402,-1.791759469228055,
23,82039738,Grp. A1 B6 (100% C1),601,0.166,0.0,0.0,0.0,0.36,0.5,1.6,0.06,0.01,2057.3076,0,7.629153416635613,-1.1631508098056809,-1.791759469228055,
24,82484383,Grp. A1 B6 (100% C1),601,0.166,0.0,0.0,0.0,0.36,0.7,1.9,0.09,0.01,2057.5574,0,7.629274830096471,-0.9985288301111273,-1.3862943611198906,
25,82483947,Grp. A1 B6 (100% C1),601,0.166,0.0,0.0,0.0,0.36,0.7,0.8,0.1,0.01,2060.8813,0,7.630888985830634,-0.13353139262452274,-1.2809338454620642,
26,82484263,Grp. A1 B6 (100% C1),601,0.166,0.0,0.0,0.0,0.36,0.7,1.6,0.09,0.01,2061.2554,0,7.6310704936399345,-0.826678573184468,-1.3862943611198906,
27,81818145,Grp. A1 B6 (100% C1),601,0.166,0.0,0.0,0.0,0.36,0.4,1.3,0.05,0.01,2061.4385,0,7.631159319055821,-1.1786549963416462,-1.9740810260220096,
28,82039422,Grp. A1 B6 (100% C1),601,0.166,0.0,0.0,0.0,0.36,0.5,0.8,0.07,0.01,2061.509,0,7.631193517890517,-0.4700036292457356,-1.6376087894007965,
29,82261467,Grp. A1 B6 (100% C1),601,0.166,0.0,0.0,0.0,0.36,0.6,1.1,0.08,0.01,2062.6406,0,7.631742285582358,-0.6061358035703156,-1.504077396776274,
30,82039898,Grp. A1 B6 (100% C1),601,0.166,0.0,0.0,0.0,0.36,0.5,2.0,0.06,0.01,2062.926,0,7.631880642335806,-1.3862943611198906,-1.791759469228055,
31,82484423,Grp. A1 B6 (100% C1),601,0.166,0.0,0.0,0.0,0.36,0.7,2.0,0.09,0.01,2063.108,0,7.6319688626462145,-1.0498221244986778,-1.3862943611198906,
32,81596280,Grp. A1 B6 (100% C1),601,0.166,0.0,0.0,0.0,0.36,0.3,1.7,0.03,0.01,2063.532,0,7.6321743567050575,-1.7346010553881064,-2.4849066497880004,
33,81595804,Grp. A1 B6 (100% C1),601,0.166,0.0,0.0,0.0,0.36,0.3,0.5,0.04,0.01,2063.7893,0,7.632299038057262,-0.5108256237659907,-2.197224577336219,
34,82261587,Grp. A1 B6 (100% C1),601,0.166,0.0,0.0,0.0,0.36,0.6,1.4,0.08,0.01,2064.483,0,7.6326351108529105,-0.8472978603872036,-1.504077396776274,
35,82484027,Grp. A1 B6 (100% C1),601,0.166,0.0,0.0,0.0,0.36,0.7,1.0,0.1,0.01,2064.8425,0,7.632809231299897,-0.35667494393873245,-1.2809338454620642,
36,81373222,Grp. A1 B6 (100% C1),601,0.166,0.0,0.0,0.0,0.36,0.2,1.6,0.02,0.01,2065.5745,0,7.633163674934845,-2.0794415416798357,-2.8903717578961645,
37,81818025,Grp. A1 B6 (100% C1),601,0.166,0.0,0.0,0.0,0.36,0.4,1.0,0.05,0.01,2065.671,0,7.63321039208105,-0.916290731874155,-1.9740810260220096,
38,81148597,Grp. A1 B6 (100% C1),601,0.166,0.0,0.0,0.0,0.36,0.1,0.8,0.01,0.01,2065.834,0,7.633289297951954,-2.0794415416798357,-3.58351893845611,
39,82261256,Grp. A1 B6 (100% C1),601,0.166,0.0,0.0,0.0,0.36,0.6,0.5,0.09,0.01,2067.8206,0,7.63425048138172,0.1823215567939546,-1.3862943611198906,
40,81373022,Grp. A1 B6 (100% C1),601,0.166,0.0,0.0,0.0,0.36,0.2,1.1,0.02,0.01,2068.707,0,7.634679053410862,-1.7047480922384253,-2.8903717578961645,
41,82039698,Grp. A1 B6 (100% C1),601,0.166,0.0,0.0,0.0,0.36,0.5,1.5,0.06,0.01,2068.9214,0,7.634782687657085,-1.0986122886681098,-1.791759469228055,
42,81595884,Grp. A1 B6 (100% C1),601,0.166,0.0,0.0,0.0,0.36,0.3,0.7,0.04,0.01,2069.3274,0,7.634978905922793,-0.8472978603872036,-2.197224577336219,
43,82707727,Grp. A1 B6 (100% C1),601,0.166,0.0,0.0,0.0,0.36,0.8,2.0,0.1,0.01,2072.2642,0,7.636397104903218,-0.916290731874155,-1.2809338454620642,
44,82261823,Grp. A1 B6 (100% C1),601,0.166,0.0,0.0,0.0,0.36,0.6,2.0,0.07,0.01,2072.5051,0,7.636513347802562,-1.2039728043259361,-1.6376087894007965,
45,81818185,Grp. A1 B6 (100% C1),601,0.166,0.0,0.0,0.0,0.36,0.4,1.4,0.05,0.01,2072.7654,0,7.636638936711822,-1.2527629684953678,-1.9740810260220096,
46,82039342,Grp. A1 B6 (100% C1),601,0.166,0.0,0.0,0.0,0.36,0.5,0.6,0.07,0.01,2072.8284,0,7.6366693304276785,-0.1823215567939546,-1.6376087894007965,
47,82484223,Grp. A1 B6 (100% C1),601,0.166,0.0,0.0,0.0,0.36,0.7,1.5,0.09,0.01,2075.2144,0,7.637819752628312,-0.7621400520468968,-1.3862943611198906,
48,82261627,Grp. A1 B6 (100% C1),601,0.166,0.0,0.0,0.0,0.36,0.6,1.5,0.08,0.01,2075.5125,0,7.637963390120103,-0.9162907318741551,-1.504077396776274,
49,81373262,Grp. A1 B6 (100% C1),601,0.166,0.0,0.0,0.0,0.36,0.2,1.7,0.02,0.01,2076.8088,0,7.638587763788929,-2.1400661634962708,-2.8903717578961645,
50,81817759,Grp. A1 B6 (100% C1),601,0.166,0.0,0.0,0.0,0.36,0.4,0.3,0.06,0.01,2077.666,0,7.6390004272679155,0.287682072451781,-1.791759469228055,
51,82039462,Grp. A1 B6 (100% C1),601,0.166,0.0,0.0,0.0,0.36,0.5,0.9,0.07,0.01,2079.106,0,7.639693272609255,-0.587786664902119,-1.6376087894007965,
52,82484067,Grp. A1 B6 (100% C1),601,0.166,0.0,0.0,0.0,0.36,0.7,1.1,0.1,0.01,2080.0806,0,7.6401619219446015,-0.45198512374305744,-1.2809338454620642,
53,86308197,Grp. A1 B6 (100% C1),601,0.171,0.0,0.0,0.0,0.38,0.1,0.6,0.01,0.01,2080.9397,0,7.64057484952018,-1.791759469228055,-3.6375861597263857,
54,81596240,Grp. A1 B6 (100% C1),601,0.166,0.0,0.0,0.0,0.36,0.3,1.6,0.03,0.01,2081.441,0,7.640815721289754,-1.6739764335716716,-2.4849066497880004,
55,86531868,Grp. A1 B6 (100% C1),601,0.171,0.0,0.0,0.0,0.38,0.2,1.2,0.02,0.01,2083.44,0,7.6417756527516625,-1.791759469228055,-2.9444389791664407,
56,86753820,Grp. A1 B6 (100% C1),601,0.171,0.0,0.0,0.0,0.38,0.3,1.8,0.03,0.01,2084.461,0,7.642265587623159,-1.791759469228055,-2.538973871058276,
57,81818225,Grp. A1 B6 (100% C1),601,0.166,0.0,0.0,0.0,0.36,0.4,1.5,0.05,0.01,2086.1938,0,7.643096536326803,-1.3217558399823195,-1.9740810260220096,
58,86753860,Grp. A1 B6 (100% C1),601,0.171,0.0,0.0,0.0,0.38,0.3,1.9,0.03,0.01,2086.28,0,7.64313785474084,-1.845826690498331,-2.538973871058276,
59,82261427,Grp. A1 B6 (100% C1),601,0.166,0.0,0.0,0.0,0.36,0.6,1.0,0.08,0.01,2087.2737,0,7.6436140436628985,-0.5108256237659907,-1.504077396776274,
60,86753780,Grp. A1 B6 (100% C1),601,0.171,0.0,0.0,0.0,0.38,0.3,1.7,0.03,0.01,2087.9158,0,7.6439216225189295,-1.7346010553881064,-2.538973871058276,
61,86531908,Grp. A1 B6 (100% C1),601,0.171,0.0,0.0,0.0,0.38,0.2,1.3,0.02,0.01,2088.244,0,7.644078800412685,-1.8718021769015913,-2.9444389791664407,
62,82261667,Grp. A1 B6 (100% C1),601,0.166,0.0,0.0,0.0,0.36,0.6,1.6,0.08,0.01,2088.3523,0,7.64413066082353,-0.9808292530117264,-1.504077396776274,
63,81373302,Grp. A1 B6 (100% C1),601,0.166,0.0,0.0,0.0,0.36,0.2,1.8,0.02,0.01,2088.9148,0,7.644399975660209,-2.197224577336219,-2.8903717578961645,
64,82707687,Grp. A1 B6 (100% C1),601,0.166,0.0,0.0,0.0,0.36,0.8,1.9,0.1,0.01,2088.973,0,7.6444278366286165,-0.8649974374866044,-1.2809338454620642,
65,81148637,Grp. A1 B6 (100% C1),601,0.166,0.0,0.0,0.0,0.36,0.1,0.9,0.01,0.01,2089.548,0,7.644703053626989,-2.197224577336219,-3.58351893845611,
66,82261783,Grp. A1 B6 (100% C1),601,0.166,0.0,0.0,0.0,0.36,0.6,1.9,0.07,0.01,2089.7253,0,7.6447879009137685,-1.1526795099383855,-1.6376087894007965,
67,81148477,Grp. A1 B6 (100% C1),601,0.166,0.0,0.0,0.0,0.36,0.1,0.5,0.01,0.01,2090.1025,0,7.644968386818486,-1.6094379124341003,-3.58351893845611,
68,86531828,Grp. A1 B6 (100% C1),601,0.171,0.0,0.0,0.0,0.38,0.2,1.1,0.02,0.01,2090.1597,0,7.644995753522902,-1.7047480922384253,-2.9444389791664407,
69,87193181,Grp. A1 B6 (100% C1),601,0.171,0.0,0.0,0.0,0.38,0.5,1.6,0.06,0.01,2090.2896,0,7.645057899952971,-1.1631508098056809,-1.845826690498331,
70,82039658,Grp. A1 B6 (100% C1),601,0.166,0.0,0.0,0.0,0.36,0.5,1.4,0.06,0.01,2091.019,0,7.645406785948805,-1.0296194171811581,-1.791759469228055,
71,86753304,Grp. A1 B6 (100% C1),601,0.171,0.0,0.0,0.0,0.38,0.3,0.5,0.04,0.01,2091.4998,0,7.6456366952570995,-0.5108256237659907,-2.2512917986064953,
72,86753900,Grp. A1 B6 (100% C1),601,0.171,0.0,0.0,0.0,0.38,0.3,2.0,0.03,0.01,2091.7913,0,7.64577605921409,-1.8971199848858813,-2.538973871058276,
73,86973621,Grp. A1 B6 (100% C1),601,0.171,0.0,0.0,0.0,0.38,0.4,1.1,0.05,0.01,2092.263,0,7.6460015343003,-1.0116009116784799,-2.0281482472922856,
74,87631876,Grp. A1 B6 (100% C1),601,0.171,0.0,0.0,0.0,0.38,0.7,1.6,0.09,0.01,2092.571,0,7.646148732492896,-0.826678573184468,-1.4403615823901665,
75,86973581,Grp. A1 B6 (100% C1),601,0.171,0.0,0.0,0.0,0.38,0.4,1.0,0.05,0.01,2092.598,0,7.646161635197661,-0.916290731874155,-2.0281482472922856,
76,82483919,Grp. A1 B6 (100% C1),601,0.166,0.0,0.0,0.0,0.36,0.7,0.7,0.1,0.01,2092.7947,0,7.646255628767318,0.0,-1.2809338454620642,
77,87412106,Grp. A1 B6 (100% C1),601,0.171,0.0,0.0,0.0,0.38,0.6,1.1,0.08,0.01,2093.0786,0,7.646391275491473,-0.6061358035703156,-1.55814461804655,
78,87193221,Grp. A1 B6 (100% C1),601,0.171,0.0,0.0,0.0,0.38,0.5,1.7,0.06,0.01,2093.4353,0,7.646561679798915,-1.2237754316221157,-1.845826690498331,
79,87631562,Grp. A1 B6 (100% C1),601,0.171,0.0,0.0,0.0,0.38,0.7,0.8,0.1,0.01,2093.9216,0,7.646793950423941,-0.13353139262452274,-1.3350010667323402,
80,87193141,Grp. A1 B6 (100% C1),601,0.171,0.0,0.0,0.0,0.38,0.5,1.5,0.06,0.01,2094.031,0,7.646846195523384,-1.0986122886681098,-1.845826690498331,
81,87631916,Grp. A1 B6 (100% C1),601,0.171,0.0,0.0,0.0,0.38,0.7,1.7,0.09,0.01,2094.2024,0,7.646928043875053,-0.8873031950009028,-1.4403615823901665,
82,81595924,Grp. A1 B6 (100% C1),601,0.166,0.0,0.0,0.0,0.36,0.3,0.8,0.04,0.01,2094.4763,0,7.647058824973345,-0.9808292530117264,-2.197224577336219,
83,86973289,Grp. A1 B6 (100% C1),601,0.171,0.0,0.0,0.0,0.38,0.4,0.2,0.06,0.01,2095.4807,0,7.6475382571103525,0.6931471805599453,-1.845826690498331,
84,82261224,Grp. A1 B6 (100% C1),601,0.166,0.0,0.0,0.0,0.36,0.6,0.3,0.09,0.01,2095.5647,0,7.647578342574476,0.6931471805599453,-1.3862943611198906,
85,87412462,Grp. A1 B6 (100% C1),601,0.171,0.0,0.0,0.0,0.38,0.6,2.0,0.07,0.01,2095.7961,0,7.647688760174524,-1.2039728043259361,-1.6916760106710724,
86,87412146,Grp. A1 B6 (100% C1),601,0.171,0.0,0.0,0.0,0.38,0.6,1.2,0.08,0.01,2096.112,0,7.647839479127832,-0.6931471805599453,-1.55814461804655,
87,82261278,Grp. A1 B6 (100% C1),601,0.166,0.0,0.0,0.0,0.36,0.6,0.6,0.09,0.01,2096.5474,0,7.648047175465657,0.0,-1.3862943611198906,
88,87192825,Grp. A1 B6 (100% C1),601,0.171,0.0,0.0,0.0,0.38,0.5,0.7,0.07,0.01,2096.6472,0,7.648094776404578,-0.3364722366212129,-1.6916760106710724,
89,87851505,Grp. A1 B6 (100% C1),601,0.171,0.0,0.0,0.0,0.38,0.8,2.0,0.1,0.01,2096.822,0,7.648178144132712,-0.916290731874155,-1.3350010667323402,
90,87411879,Grp. A1 B6 (100% C1),601,0.171,0.0,0.0,0.0,0.38,0.6,0.4,0.09,0.01,2096.9573,0,7.648242668272094,0.4054651081081642,-1.4403615823901665,
91,87192785,Grp. A1 B6 (100% C1),601,0.171,0.0,0.0,0.0,0.38,0.5,0.6,0.07,0.01,2097.3284,0,7.648419623314031,-0.1823215567939546,-1.6916760106710724,
92,82484107,Grp. A1 B6 (100% C1),601,0.166,0.0,0.0,0.0,0.36,0.7,1.2,0.1,0.01,2098.2302,0,7.648849506483289,-0.5389965007326869,-1.2809338454620642,
93,87631836,Grp. A1 B6 (100% C1),601,0.171,0.0,0.0,0.0,0.38,0.7,1.5,0.09,0.01,2098.668,0,7.649058136752943,-0.7621400520468968,-1.4403615823901665,
94,86753740,Grp. A1 B6 (100% C1),601,0.171,0.0,0.0,0.0,0.38,0.3,1.6,0.03,0.01,2098.9065,0,7.649171773807035,-1.6739764335716716,-2.538973871058276,
95,81817985,Grp. A1 B6 (100% C1),601,0.166,0.0,0.0,0.0,0.36,0.4,0.9,0.05,0.01,2099.4585,0,7.649434733317788,-0.8109302162163287,-1.9740810260220096,
96,86531948,Grp. A1 B6 (100% C1),601,0.171,0.0,0.0,0.0,0.38,0.2,1.4,0.02,0.01,2099.8037,0,7.649599143151867,-1.9459101490553132,-2.9444389791664407,
97,86308237,Grp. A1 B6 (100% C1),601,0.171,0.0,0.0,0.0,0.38,0.1,0.7,0.01,0.01,2100.4087,0,7.6498872238233036,-1.9459101490553132,-3.6375861597263857,
98,81818265,Grp. A1 B6 (100% C1),601,0.166,0.0,0.0,0.0,0.36,0.4,1.6,0.05,0.01,2100.6165,0,7.649986152056426,-1.3862943611198906,-1.9740810260220096,
99,82484183,Grp. A1 B6 (100% C1),601,0.166,0.0,0.0,0.0,0.36,0.7,1.4,0.09,0.01,2100.8289,0,7.650087260118037,-0.6931471805599453,-1.3862943611198906,
0,142087213,Grp. A1 B6 (100% C1),602,0.171,0.0,0.0,0.0,0.5,0.1,0.5,0.08,0.01,2897.7305,0,7.971683123387227,-1.6094379124341003,-1.8325814637483102,
1,142087237,Grp. A1 B6 (100% C1),602,0.171,0.0,0.0,0.0,0.5,0.1,0.6,0.04,0.01,2897.7305,0,7.971683123387227,-1.791759469228055,-2.5257286443082556,
2,142087241,Grp. A1 B6 (100% C1),602,0.171,0.0,0.0,0.0,0.5,0.1,0.6,0.05,0.01,2897.7305,0,7.971683123387227,-1.791759469228055,-2.3025850929940455,
3,142087245,Grp. A1 B6 (100% C1),602,0.171,0.0,0.0,0.0,0.5,0.1,0.6,0.06,0.01,2897.7305,0,7.971683123387227,-1.791759469228055,-2.120263536200091,
4,142087249,Grp. A1 B6 (100% C1),602,0.171,0.0,0.0,0.0,0.5,0.1,0.6,0.07,0.01,2897.7305,0,7.971683123387227,-1.791759469228055,-1.9661128563728327,
5,142087253,Grp. A1 B6 (100% C1),602,0.171,0.0,0.0,0.0,0.5,0.1,0.6,0.08,0.01,2897.7305,0,7.971683123387227,-1.791759469228055,-1.8325814637483102,
6,142087257,Grp. A1 B6 (100% C1),602,0.171,0.0,0.0,0.0,0.5,0.1,0.6,0.09,0.01,2897.7305,0,7.971683123387227,-1.791759469228055,-1.7147984280919266,
7,142299464,Grp. A1 B6 (100% C1),602,0.171,0.0,0.0,0.0,0.5,0.2,2.0,0.08,0.01,2897.7305,0,7.971683123387227,-2.3025850929940455,-1.8325814637483102,
8,142087209,Grp. A1 B6 (100% C1),602,0.171,0.0,0.0,0.0,0.5,0.1,0.5,0.07,0.01,2897.7305,0,7.971683123387227,-1.6094379124341003,-1.9661128563728327,
9,142087233,Grp. A1 B6 (100% C1),602,0.171,0.0,0.0,0.0,0.5,0.1,0.6,0.03,0.01,2897.7305,0,7.971683123387227,-1.791759469228055,-2.8134107167600364,
10,142087217,Grp. A1 B6 (100% C1),602,0.171,0.0,0.0,0.0,0.5,0.1,0.5,0.09,0.01,2897.7305,0,7.971683123387227,-1.6094379124341003,-1.7147984280919266,
11,142087221,Grp. A1 B6 (100% C1),602,0.171,0.0,0.0,0.0,0.5,0.1,0.5,0.1,0.01,2897.7305,0,7.971683123387227,-1.6094379124341003,-1.6094379124341003,
12,142087153,Grp. A1 B6 (100% C1),602,0.171,0.0,0.0,0.0,0.5,0.1,0.4,0.03,0.01,2897.7305,0,7.971683123387227,-1.3862943611198906,-2.8134107167600364,
13,142087157,Grp. A1 B6 (100% C1),602,0.171,0.0,0.0,0.0,0.5,0.1,0.4,0.04,0.01,2897.7305,0,7.971683123387227,-1.3862943611198906,-2.5257286443082556,
14,142087161,Grp. A1 B6 (100% C1),602,0.171,0.0,0.0,0.0,0.5,0.1,0.4,0.05,0.01,2897.7305,0,7.971683123387227,-1.3862943611198906,-2.3025850929940455,
15,142087165,Grp. A1 B6 (100% C1),602,0.171,0.0,0.0,0.0,0.5,0.1,0.4,0.06,0.01,2897.7305,0,7.971683123387227,-1.3862943611198906,-2.120263536200091,
16,142087169,Grp. A1 B6 (100% C1),602,0.171,0.0,0.0,0.0,0.5,0.1,0.4,0.07,0.01,2897.7305,0,7.971683123387227,-1.3862943611198906,-1.9661128563728327,
17,142087173,Grp. A1 B6 (100% C1),602,0.171,0.0,0.0,0.0,0.5,0.1,0.4,0.08,0.01,2897.7305,0,7.971683123387227,-1.3862943611198906,-1.8325814637483102,
18,142087229,Grp. A1 B6 (100% C1),602,0.171,0.0,0.0,0.0,0.5,0.1,0.6,0.02,0.01,2897.7305,0,7.971683123387227,-1.791759469228055,-3.2188758248682006,
19,142299460,Grp. A1 B6 (100% C1),602,0.171,0.0,0.0,0.0,0.5,0.2,2.0,0.07,0.01,2897.7305,0,7.971683123387227,-2.3025850929940455,-1.9661128563728327,
20,142299456,Grp. A1 B6 (100% C1),602,0.171,0.0,0.0,0.0,0.5,0.2,2.0,0.06,0.01,2897.7305,0,7.971683123387227,-2.3025850929940455,-2.120263536200091,
21,142299452,Grp. A1 B6 (100% C1),602,0.171,0.0,0.0,0.0,0.5,0.2,2.0,0.05,0.01,2897.7305,0,7.971683123387227,-2.3025850929940455,-2.3025850929940455,
22,142087261,Grp. A1 B6 (100% C1),602,0.171,0.0,0.0,0.0,0.5,0.1,0.6,0.1,0.01,2897.7305,0,7.971683123387227,-1.791759469228055,-1.6094379124341003,
23,142299392,Grp. A1 B6 (100% C1),602,0.171,0.0,0.0,0.0,0.5,0.2,1.8,0.1,0.01,2897.7305,0,7.971683123387227,-2.197224577336219,-1.6094379124341003,
24,142299388,Grp. A1 B6 (100% C1),602,0.171,0.0,0.0,0.0,0.5,0.2,1.8,0.09,0.01,2897.7305,0,7.971683123387227,-2.197224577336219,-1.7147984280919266,
25,142299384,Grp. A1 B6 (100% C1),602,0.171,0.0,0.0,0.0,0.5,0.2,1.8,0.08,0.01,2897.7305,0,7.971683123387227,-2.197224577336219,-1.8325814637483102,
26,142299380,Grp. A1 B6 (100% C1),602,0.171,0.0,0.0,0.0,0.5,0.2,1.8,0.07,0.01,2897.7305,0,7.971683123387227,-2.197224577336219,-1.9661128563728327,
27,142506826,Grp. A1 B6 (100% C1),602,0.171,0.0,0.0,0.0,0.5,0.3,0.4,0.06,0.01,2897.7305,0,7.971683123387227,-0.28768207245178107,-2.120263536200091,
28,142506804,Grp. A1 B6 (100% C1),602,0.171,0.0,0.0,0.0,0.5,0.3,0.3,0.1,0.01,2897.7305,0,7.971683123387227,0.0,-1.6094379124341003,
29,142506800,Grp. A1 B6 (100% C1),602,0.171,0.0,0.0,0.0,0.5,0.3,0.3,0.09,0.01,2897.7305,0,7.971683123387227,0.0,-1.7147984280919266,
30,142506796,Grp. A1 B6 (100% C1),602,0.171,0.0,0.0,0.0,0.5,0.3,0.3,0.08,0.01,2897.7305,0,7.971683123387227,0.0,-1.8325814637483102,
31,142506792,Grp. A1 B6 (100% C1),602,0.171,0.0,0.0,0.0,0.5,0.3,0.3,0.07,0.01,2897.7305,0,7.971683123387227,0.0,-1.9661128563728327,
32,142506788,Grp. A1 B6 (100% C1),602,0.171,0.0,0.0,0.0,0.5,0.3,0.3,0.06,0.01,2897.7305,0,7.971683123387227,0.0,-2.120263536200091,
33,142299288,Grp. A1 B6 (100% C1),602,0.171,0.0,0.0,0.0,0.5,0.2,1.6,0.04,0.01,2897.7305,0,7.971683123387227,-2.0794415416798357,-2.5257286443082556,
34,142299416,Grp. A1 B6 (100% C1),602,0.171,0.0,0.0,0.0,0.5,0.2,1.9,0.06,0.01,2897.7305,0,7.971683123387227,-2.251291798606495,-2.120263536200091,
35,142299420,Grp. A1 B6 (100% C1),602,0.171,0.0,0.0,0.0,0.5,0.2,1.9,0.07,0.01,2897.7305,0,7.971683123387227,-2.251291798606495,-1.9661128563728327,
36,142299424,Grp. A1 B6 (100% C1),602,0.171,0.0,0.0,0.0,0.5,0.2,1.9,0.08,0.01,2897.7305,0,7.971683123387227,-2.251291798606495,-1.8325814637483102,
37,142299428,Grp. A1 B6 (100% C1),602,0.171,0.0,0.0,0.0,0.5,0.2,1.9,0.09,0.01,2897.7305,0,7.971683123387227,-2.251291798606495,-1.7147984280919266,
38,142299432,Grp. A1 B6 (100% C1),602,0.171,0.0,0.0,0.0,0.5,0.2,1.9,0.1,0.01,2897.7305,0,7.971683123387227,-2.251291798606495,-1.6094379124341003,
39,142299264,Grp. A1 B6 (100% C1),602,0.171,0.0,0.0,0.0,0.5,0.2,1.5,0.08,0.01,2897.7305,0,7.971683123387227,-2.0149030205422647,-1.8325814637483102,
40,142299268,Grp. A1 B6 (100% C1),602,0.171,0.0,0.0,0.0,0.5,0.2,1.5,0.09,0.01,2897.7305,0,7.971683123387227,-2.0149030205422647,-1.7147984280919266,
41,142299272,Grp. A1 B6 (100% C1),602,0.171,0.0,0.0,0.0,0.5,0.2,1.5,0.1,0.01,2897.7305,0,7.971683123387227,-2.0149030205422647,-1.6094379124341003,
42,142299412,Grp. A1 B6 (100% C1),602,0.171,0.0,0.0,0.0,0.5,0.2,1.9,0.05,0.01,2897.7305,0,7.971683123387227,-2.251291798606495,-2.3025850929940455,
43,142299292,Grp. A1 B6 (100% C1),602,0.171,0.0,0.0,0.0,0.5,0.2,1.6,0.05,0.01,2897.7305,0,7.971683123387227,-2.0794415416798357,-2.3025850929940455,
44,142299296,Grp. A1 B6 (100% C1),602,0.171,0.0,0.0,0.0,0.5,0.2,1.6,0.06,0.01,2897.7305,0,7.971683123387227,-2.0794415416798357,-2.120263536200091,
45,142299300,Grp. A1 B6 (100% C1),602,0.171,0.0,0.0,0.0,0.5,0.2,1.6,0.07,0.01,2897.7305,0,7.971683123387227,-2.0794415416798357,-1.9661128563728327,
46,142299224,Grp. A1 B6 (100% C1),602,0.171,0.0,0.0,0.0,0.5,0.2,1.4,0.08,0.01,2897.7305,0,7.971683123387227,-1.9459101490553132,-1.8325814637483102,
47,142299228,Grp. A1 B6 (100% C1),602,0.171,0.0,0.0,0.0,0.5,0.2,1.4,0.09,0.01,2897.7305,0,7.971683123387227,-1.9459101490553132,-1.7147984280919266,
48,142299232,Grp. A1 B6 (100% C1),602,0.171,0.0,0.0,0.0,0.5,0.2,1.4,0.1,0.01,2897.7305,0,7.971683123387227,-1.9459101490553132,-1.6094379124341003,
49,142299248,Grp. A1 B6 (100% C1),602,0.171,0.0,0.0,0.0,0.5,0.2,1.5,0.04,0.01,2897.7305,0,7.971683123387227,-2.0149030205422647,-2.5257286443082556,
50,142087097,Grp. A1 B6 (100% C1),602,0.171,0.0,0.0,0.0,0.5,0.1,0.2,0.09,0.01,2897.7305,0,7.971683123387227,-0.6931471805599453,-1.7147984280919266,
51,142299408,Grp. A1 B6 (100% C1),602,0.171,0.0,0.0,0.0,0.5,0.2,1.9,0.04,0.01,2897.7305,0,7.971683123387227,-2.251291798606495,-2.5257286443082556,
52,142087273,Grp. A1 B6 (100% C1),602,0.171,0.0,0.0,0.0,0.5,0.1,0.7,0.03,0.01,2897.7305,0,7.971683123387227,-1.9459101490553132,-2.8134107167600364,
53,142087269,Grp. A1 B6 (100% C1),602,0.171,0.0,0.0,0.0,0.5,0.1,0.7,0.02,0.01,2897.7305,0,7.971683123387227,-1.9459101490553132,-3.2188758248682006,
54,142299352,Grp. A1 B6 (100% C1),602,0.171,0.0,0.0,0.0,0.5,0.2,1.7,0.1,0.01,2897.7305,0,7.971683123387227,-2.1400661634962708,-1.6094379124341003,
55,142299348,Grp. A1 B6 (100% C1),602,0.171,0.0,0.0,0.0,0.5,0.2,1.7,0.09,0.01,2897.7305,0,7.971683123387227,-2.1400661634962708,-1.7147984280919266,
56,142299472,Grp. A1 B6 (100% C1),602,0.171,0.0,0.0,0.0,0.5,0.2,2.0,0.1,0.01,2897.7305,0,7.971683123387227,-2.3025850929940455,-1.6094379124341003,
57,142299468,Grp. A1 B6 (100% C1),602,0.171,0.0,0.0,0.0,0.5,0.2,2.0,0.09,0.01,2897.7305,0,7.971683123387227,-2.3025850929940455,-1.7147984280919266,
58,142299448,Grp. A1 B6 (100% C1),602,0.171,0.0,0.0,0.0,0.5,0.2,2.0,0.04,0.01,2897.7305,0,7.971683123387227,-2.3025850929940455,-2.5257286443082556,
59,142087409,Grp. A1 B6 (100% C1),602,0.171,0.0,0.0,0.0,0.5,0.1,1.0,0.07,0.01,2897.7305,0,7.971683123387227,-2.3025850929940455,-1.9661128563728327,
60,142087405,Grp. A1 B6 (100% C1),602,0.171,0.0,0.0,0.0,0.5,0.1,1.0,0.06,0.01,2897.7305,0,7.971683123387227,-2.3025850929940455,-2.120263536200091,
61,142087401,Grp. A1 B6 (100% C1),602,0.171,0.0,0.0,0.0,0.5,0.1,1.0,0.05,0.01,2897.7305,0,7.971683123387227,-2.3025850929940455,-2.3025850929940455,
62,142087281,Grp. A1 B6 (100% C1),602,0.171,0.0,0.0,0.0,0.5,0.1,0.7,0.05,0.01,2897.7305,0,7.971683123387227,-1.9459101490553132,-2.3025850929940455,
63,142087277,Grp. A1 B6 (100% C1),602,0.171,0.0,0.0,0.0,0.5,0.1,0.7,0.04,0.01,2897.7305,0,7.971683123387227,-1.9459101490553132,-2.5257286443082556,
64,142087181,Grp. A1 B6 (100% C1),602,0.171,0.0,0.0,0.0,0.5,0.1,0.4,0.1,0.01,2897.7305,0,7.971683123387227,-1.3862943611198906,-1.6094379124341003,
65,142087177,Grp. A1 B6 (100% C1),602,0.171,0.0,0.0,0.0,0.5,0.1,0.4,0.09,0.01,2897.7305,0,7.971683123387227,-1.3862943611198906,-1.7147984280919266,
66,142087577,Grp. A1 B6 (100% C1),602,0.171,0.0,0.0,0.0,0.5,0.1,1.4,0.09,0.01,2897.7305,0,7.971683123387227,-2.6390573296152584,-1.7147984280919266,
67,142087645,Grp. A1 B6 (100% C1),602,0.171,0.0,0.0,0.0,0.5,0.1,1.6,0.06,0.01,2897.7305,0,7.971683123387227,-2.772588722239781,-2.120263536200091,
68,142087649,Grp. A1 B6 (100% C1),602,0.171,0.0,0.0,0.0,0.5,0.1,1.6,0.07,0.01,2897.7305,0,7.971683123387227,-2.772588722239781,-1.9661128563728327,
69,142087653,Grp. A1 B6 (100% C1),602,0.171,0.0,0.0,0.0,0.5,0.1,1.6,0.08,0.01,2897.7305,0,7.971683123387227,-2.772588722239781,-1.8325814637483102,
70,142087657,Grp. A1 B6 (100% C1),602,0.171,0.0,0.0,0.0,0.5,0.1,1.6,0.09,0.01,2897.7305,0,7.971683123387227,-2.772588722239781,-1.7147984280919266,
71,142087661,Grp. A1 B6 (100% C1),602,0.171,0.0,0.0,0.0,0.5,0.1,1.6,0.1,0.01,2897.7305,0,7.971683123387227,-2.772588722239781,-1.6094379124341003,
72,142087669,Grp. A1 B6 (100% C1),602,0.171,0.0,0.0,0.0,0.5,0.1,1.7,0.02,0.01,2897.7305,0,7.971683123387227,-2.833213344056216,-3.2188758248682006,
73,142087569,Grp. A1 B6 (100% C1),602,0.171,0.0,0.0,0.0,0.5,0.1,1.4,0.07,0.01,2897.7305,0,7.971683123387227,-2.6390573296152584,-1.9661128563728327,
74,142087573,Grp. A1 B6 (100% C1),602,0.171,0.0,0.0,0.0,0.5,0.1,1.4,0.08,0.01,2897.7305,0,7.971683123387227,-2.6390573296152584,-1.8325814637483102,
75,142087641,Grp. A1 B6 (100% C1),602,0.171,0.0,0.0,0.0,0.5,0.1,1.6,0.05,0.01,2897.7305,0,7.971683123387227,-2.772588722239781,-2.3025850929940455,
76,142087581,Grp. A1 B6 (100% C1),602,0.171,0.0,0.0,0.0,0.5,0.1,1.4,0.1,0.01,2897.7305,0,7.971683123387227,-2.6390573296152584,-1.6094379124341003,
77,142087329,Grp. A1 B6 (100% C1),602,0.171,0.0,0.0,0.0,0.5,0.1,0.8,0.07,0.01,2897.7305,0,7.971683123387227,-2.0794415416798357,-1.9661128563728327,
78,142087333,Grp. A1 B6 (100% C1),602,0.171,0.0,0.0,0.0,0.5,0.1,0.8,0.08,0.01,2897.7305,0,7.971683123387227,-2.0794415416798357,-1.8325814637483102,
79,142087633,Grp. A1 B6 (100% C1),602,0.171,0.0,0.0,0.0,0.5,0.1,1.6,0.03,0.01,2897.7305,0,7.971683123387227,-2.772588722239781,-2.8134107167600364,
80,142087637,Grp. A1 B6 (100% C1),602,0.171,0.0,0.0,0.0,0.5,0.1,1.6,0.04,0.01,2897.7305,0,7.971683123387227,-2.772588722239781,-2.5257286443082556,
81,142087525,Grp. A1 B6 (100% C1),602,0.171,0.0,0.0,0.0,0.5,0.1,1.3,0.06,0.01,2897.7305,0,7.971683123387227,-2.5649493574615367,-2.120263536200091,
82,142087529,Grp. A1 B6 (100% C1),602,0.171,0.0,0.0,0.0,0.5,0.1,1.3,0.07,0.01,2897.7305,0,7.971683123387227,-2.5649493574615367,-1.9661128563728327,
83,142087533,Grp. A1 B6 (100% C1),602,0.171,0.0,0.0,0.0,0.5,0.1,1.3,0.08,0.01,2897.7305,0,7.971683123387227,-2.5649493574615367,-1.8325814637483102,
84,142506946,Grp. A1 B6 (100% C1),602,0.171,0.0,0.0,0.0,0.5,0.3,0.7,0.06,0.01,2897.7305,0,7.971683123387227,-0.8472978603872036,-2.120263536200091,
85,142506748,Grp. A1 B6 (100% C1),602,0.171,0.0,0.0,0.0,0.5,0.3,0.1,0.1,0.01,2897.7305,0,7.971683123387227,1.0986122886681096,-1.6094379124341003,
86,142506744,Grp. A1 B6 (100% C1),602,0.171,0.0,0.0,0.0,0.5,0.3,0.1,0.09,0.01,2897.7305,0,7.971683123387227,1.0986122886681096,-1.7147984280919266,
87,142506740,Grp. A1 B6 (100% C1),602,0.171,0.0,0.0,0.0,0.5,0.3,0.1,0.08,0.01,2897.7305,0,7.971683123387227,1.0986122886681096,-1.8325814637483102,
88,142506878,Grp. A1 B6 (100% C1),602,0.171,0.0,0.0,0.0,0.5,0.3,0.5,0.09,0.01,2897.7305,0,7.971683123387227,-0.5108256237659907,-1.7147984280919266,
89,142506954,Grp. A1 B6 (100% C1),602,0.171,0.0,0.0,0.0,0.5,0.3,0.7,0.08,0.01,2897.7305,0,7.971683123387227,-0.8472978603872036,-1.8325814637483102,
90,142506950,Grp. A1 B6 (100% C1),602,0.171,0.0,0.0,0.0,0.5,0.3,0.7,0.07,0.01,2897.7305,0,7.971683123387227,-0.8472978603872036,-1.9661128563728327,
91,142506922,Grp. A1 B6 (100% C1),602,0.171,0.0,0.0,0.0,0.5,0.3,0.6,0.1,0.01,2897.7305,0,7.971683123387227,-0.6931471805599453,-1.6094379124341003,
92,142506918,Grp. A1 B6 (100% C1),602,0.171,0.0,0.0,0.0,0.5,0.3,0.6,0.09,0.01,2897.7305,0,7.971683123387227,-0.6931471805599453,-1.7147984280919266,
93,142506914,Grp. A1 B6 (100% C1),602,0.171,0.0,0.0,0.0,0.5,0.3,0.6,0.08,0.01,2897.7305,0,7.971683123387227,-0.6931471805599453,-1.8325814637483102,
94,142506910,Grp. A1 B6 (100% C1),602,0.171,0.0,0.0,0.0,0.5,0.3,0.6,0.07,0.01,2897.7305,0,7.971683123387227,-0.6931471805599453,-1.9661128563728327,
95,142506906,Grp. A1 B6 (100% C1),602,0.171,0.0,0.0,0.0,0.5,0.3,0.6,0.06,0.01,2897.7305,0,7.971683123387227,-0.6931471805599453,-2.120263536200091,
96,142710119,Grp. A1 B6 (100% C1),602,0.171,0.0,0.0,0.0,0.5,0.4,1.0,0.1,0.01,2897.7305,0,7.971683123387227,-0.916290731874155,-1.6094379124341003,
97,142506774,Grp. A1 B6 (100% C1),602,0.171,0.0,0.0,0.0,0.5,0.3,0.2,0.1,0.01,2897.7305,0,7.971683123387227,0.4054651081081642,-1.6094379124341003,
98,142506770,Grp. A1 B6 (100% C1),602,0.171,0.0,0.0,0.0,0.5,0.3,0.2,0.09,0.01,2897.7305,0,7.971683123387227,0.4054651081081642,-1.7147984280919266,
99,142087133,Grp. A1 B6 (100% C1),602,0.171,0.0,0.0,0.0,0.5,0.1,0.3,0.08,0.01,2897.7305,0,7.971683123387227,-1.0986122886681096,-1.8325814637483102,
100,142087197,Grp. A1 B6 (100% C1),602,0.171,0.0,0.0,0.0,0.5,0.1,0.5,0.04,0.01,2897.7305,0,7.971683123387227,-1.6094379124341003,-2.5257286443082556,
101,142087101,Grp. A1 B6 (100% C1),602,0.171,0.0,0.0,0.0,0.5,0.1,0.2,0.1,0.01,2897.7305,0,7.971683123387227,-0.6931471805599453,-1.6094379124341003,
102,142087109,Grp. A1 B6 (100% C1),602,0.171,0.0,0.0,0.0,0.5,0.1,0.3,0.02,0.01,2897.7305,0,7.971683123387227,-1.0986122886681096,-3.2188758248682006,
103,142087113,Grp. A1 B6 (100% C1),602,0.171,0.0,0.0,0.0,0.5,0.1,0.3,0.03,0.01,2897.7305,0,7.971683123387227,-1.0986122886681096,-2.8134107167600364,
104,142087117,Grp. A1 B6 (100% C1),602,0.171,0.0,0.0,0.0,0.5,0.1,0.3,0.04,0.01,2897.7305,0,7.971683123387227,-1.0986122886681096,-2.5257286443082556,
105,142087121,Grp. A1 B6 (100% C1),602,0.171,0.0,0.0,0.0,0.5,0.1,0.3,0.05,0.01,2897.7305,0,7.971683123387227,-1.0986122886681096,-2.3025850929940455,
106,142087125,Grp. A1 B6 (100% C1),602,0.171,0.0,0.0,0.0,0.5,0.1,0.3,0.06,0.01,2897.7305,0,7.971683123387227,-1.0986122886681096,-2.120263536200091,
107,142087129,Grp. A1 B6 (100% C1),602,0.171,0.0,0.0,0.0,0.5,0.1,0.3,0.07,0.01,2897.7305,0,7.971683123387227,-1.0986122886681096,-1.9661128563728327,
108,142087149,Grp. A1 B6 (100% C1),602,0.171,0.0,0.0,0.0,0.5,0.1,0.4,0.02,0.01,2897.7305,0,7.971683123387227,-1.3862943611198906,-3.2188758248682006,
109,142087029,Grp. A1 B6 (100% C1),602,0.171,0.0,0.0,0.0,0.5,0.1,0.1,0.02,0.01,2897.7305,0,7.971683123387227,0.0,-3.2188758248682006,
110,142087033,Grp. A1 B6 (100% C1),602,0.171,0.0,0.0,0.0,0.5,0.1,0.1,0.03,0.01,2897.7305,0,7.971683123387227,0.0,-2.8134107167600364,
111,142087037,Grp. A1 B6 (100% C1),602,0.171,0.0,0.0,0.0,0.5,0.1,0.1,0.04,0.01,2897.7305,0,7.971683123387227,0.0,-2.5257286443082556,
112,142087081,Grp. A1 B6 (100% C1),602,0.171,0.0,0.0,0.0,0.5,0.1,0.2,0.05,0.01,2897.7305,0,7.971683123387227,-0.6931471805599453,-2.3025850929940455,
113,142087085,Grp. A1 B6 (100% C1),602,0.171,0.0,0.0,0.0,0.5,0.1,0.2,0.06,0.01,2897.7305,0,7.971683123387227,-0.6931471805599453,-2.120263536200091,
114,142087089,Grp. A1 B6 (100% C1),602,0.171,0.0,0.0,0.0,0.5,0.1,0.2,0.07,0.01,2897.7305,0,7.971683123387227,-0.6931471805599453,-1.9661128563728327,
115,142087093,Grp. A1 B6 (100% C1),602,0.171,0.0,0.0,0.0,0.5,0.1,0.2,0.08,0.01,2897.7305,0,7.971683123387227,-0.6931471805599453,-1.8325814637483102,
116,142299252,Grp. A1 B6 (100% C1),602,0.171,0.0,0.0,0.0,0.5,0.2,1.5,0.05,0.01,2897.7305,0,7.971683123387227,-2.0149030205422647,-2.3025850929940455,
117,142087141,Grp. A1 B6 (100% C1),602,0.171,0.0,0.0,0.0,0.5,0.1,0.3,0.1,0.01,2897.7305,0,7.971683123387227,-1.0986122886681096,-1.6094379124341003,
118,142087137,Grp. A1 B6 (100% C1),602,0.171,0.0,0.0,0.0,0.5,0.1,0.3,0.09,0.01,2897.7305,0,7.971683123387227,-1.0986122886681096,-1.7147984280919266,
119,142087521,Grp. A1 B6 (100% C1),602,0.171,0.0,0.0,0.0,0.5,0.1,1.3,0.05,0.01,2897.7305,0,7.971683123387227,-2.5649493574615367,-2.3025850929940455,
120,142087517,Grp. A1 B6 (100% C1),602,0.171,0.0,0.0,0.0,0.5,0.1,1.3,0.04,0.01,2897.7305,0,7.971683123387227,-2.5649493574615367,-2.5257286443082556,
121,142087513,Grp. A1 B6 (100% C1),602,0.171,0.0,0.0,0.0,0.5,0.1,1.3,0.03,0.01,2897.7305,0,7.971683123387227,-2.5649493574615367,-2.8134107167600364,
122,142087509,Grp. A1 B6 (100% C1),602,0.171,0.0,0.0,0.0,0.5,0.1,1.3,0.02,0.01,2897.7305,0,7.971683123387227,-2.5649493574615367,-3.2188758248682006,
123,142087501,Grp. A1 B6 (100% C1),602,0.171,0.0,0.0,0.0,0.5,0.1,1.2,0.1,0.01,2897.7305,0,7.971683123387227,-2.4849066497880004,-1.6094379124341003,
124,142087497,Grp. A1 B6 (100% C1),602,0.171,0.0,0.0,0.0,0.5,0.1,1.2,0.09,0.01,2897.7305,0,7.971683123387227,-2.4849066497880004,-1.7147984280919266,
125,142087493,Grp. A1 B6 (100% C1),602,0.171,0.0,0.0,0.0,0.5,0.1,1.2,0.08,0.01,2897.7305,0,7.971683123387227,-2.4849066497880004,-1.8325814637483102,
126,142087489,Grp. A1 B6 (100% C1),602,0.171,0.0,0.0,0.0,0.5,0.1,1.2,0.07,0.01,2897.7305,0,7.971683123387227,-2.4849066497880004,-1.9661128563728327,
127,142087565,Grp. A1 B6 (100% C1),602,0.171,0.0,0.0,0.0,0.5,0.1,1.4,0.06,0.01,2897.7305,0,7.971683123387227,-2.6390573296152584,-2.120263536200091,
128,142087561,Grp. A1 B6 (100% C1),602,0.171,0.0,0.0,0.0,0.5,0.1,1.4,0.05,0.01,2897.7305,0,7.971683123387227,-2.6390573296152584,-2.3025850929940455,
129,142087557,Grp. A1 B6 (100% C1),602,0.171,0.0,0.0,0.0,0.5,0.1,1.4,0.04,0.01,2897.7305,0,7.971683123387227,-2.6390573296152584,-2.5257286443082556,
130,142087553,Grp. A1 B6 (100% C1),602,0.171,0.0,0.0,0.0,0.5,0.1,1.4,0.03,0.01,2897.7305,0,7.971683123387227,-2.6390573296152584,-2.8134107167600364,
131,142087549,Grp. A1 B6 (100% C1),602,0.171,0.0,0.0,0.0,0.5,0.1,1.4,0.02,0.01,2897.7305,0,7.971683123387227,-2.6390573296152584,-3.2188758248682006,
132,142087337,Grp. A1 B6 (100% C1),602,0.171,0.0,0.0,0.0,0.5,0.1,0.8,0.09,0.01,2897.7305,0,7.971683123387227,-2.0794415416798357,-1.7147984280919266,
133,142087373,Grp. A1 B6 (100% C1),602,0.171,0.0,0.0,0.0,0.5,0.1,0.9,0.08,0.01,2897.7305,0,7.971683123387227,-2.197224577336219,-1.8325814637483102,
134,142087377,Grp. A1 B6 (100% C1),602,0.171,0.0,0.0,0.0,0.5,0.1,0.9,0.09,0.01,2897.7305,0,7.971683123387227,-2.197224577336219,-1.7147984280919266,
135,142087621,Grp. A1 B6 (100% C1),602,0.171,0.0,0.0,0.0,0.5,0.1,1.5,0.1,0.01,2897.7305,0,7.971683123387227,-2.70805020110221,-1.6094379124341003,
136,142087389,Grp. A1 B6 (100% C1),602,0.171,0.0,0.0,0.0,0.5,0.1,1.0,0.02,0.01,2897.7305,0,7.971683123387227,-2.3025850929940455,-3.2188758248682006,
137,142087393,Grp. A1 B6 (100% C1),602,0.171,0.0,0.0,0.0,0.5,0.1,1.0,0.03,0.01,2897.7305,0,7.971683123387227,-2.3025850929940455,-2.8134107167600364,
138,142087325,Grp. A1 B6 (100% C1),602,0.171,0.0,0.0,0.0,0.5,0.1,0.8,0.06,0.01,2897.7305,0,7.971683123387227,-2.0794415416798357,-2.120263536200091,
139,142087073,Grp. A1 B6 (100% C1),602,0.171,0.0,0.0,0.0,0.5,0.1,0.2,0.03,0.01,2897.7305,0,7.971683123387227,-0.6931471805599453,-2.8134107167600364,
140,142087077,Grp. A1 B6 (100% C1),602,0.171,0.0,0.0,0.0,0.5,0.1,0.2,0.04,0.01,2897.7305,0,7.971683123387227,-0.6931471805599453,-2.5257286443082556,
141,142087369,Grp. A1 B6 (100% C1),602,0.171,0.0,0.0,0.0,0.5,0.1,0.9,0.07,0.01,2897.7305,0,7.971683123387227,-2.197224577336219,-1.9661128563728327,
142,142087341,Grp. A1 B6 (100% C1),602,0.171,0.0,0.0,0.0,0.5,0.1,0.8,0.1,0.01,2897.7305,0,7.971683123387227,-2.0794415416798357,-1.6094379124341003,
143,142087349,Grp. A1 B6 (100% C1),602,0.171,0.0,0.0,0.0,0.5,0.1,0.9,0.02,0.01,2897.7305,0,7.971683123387227,-2.197224577336219,-3.2188758248682006,
144,142087353,Grp. A1 B6 (100% C1),602,0.171,0.0,0.0,0.0,0.5,0.1,0.9,0.03,0.01,2897.7305,0,7.971683123387227,-2.197224577336219,-2.8134107167600364,
145,142087357,Grp. A1 B6 (100% C1),602,0.171,0.0,0.0,0.0,0.5,0.1,0.9,0.04,0.01,2897.7305,0,7.971683123387227,-2.197224577336219,-2.5257286443082556,
146,142299188,Grp. A1 B6 (100% C1),602,0.171,0.0,0.0,0.0,0.5,0.2,1.3,0.09,0.01,2897.7305,0,7.971683123387227,-1.8718021769015913,-1.7147984280919266,
147,142299208,Grp. A1 B6 (100% C1),602,0.171,0.0,0.0,0.0,0.5,0.2,1.4,0.04,0.01,2897.7305,0,7.971683123387227,-1.9459101490553132,-2.5257286443082556,
148,142299212,Grp. A1 B6 (100% C1),602,0.171,0.0,0.0,0.0,0.5,0.2,1.4,0.05,0.01,2897.7305,0,7.971683123387227,-1.9459101490553132,-2.3025850929940455,
149,142087309,Grp. A1 B6 (100% C1),602,0.171,0.0,0.0,0.0,0.5,0.1,0.8,0.02,0.01,2897.7305,0,7.971683123387227,-2.0794415416798357,-3.2188758248682006,
150,142087365,Grp. A1 B6 (100% C1),602,0.171,0.0,0.0,0.0,0.5,0.1,0.9,0.06,0.01,2897.7305,0,7.971683123387227,-2.197224577336219,-2.120263536200091,
151,142087361,Grp. A1 B6 (100% C1),602,0.171,0.0,0.0,0.0,0.5,0.1,0.9,0.05,0.01,2897.7305,0,7.971683123387227,-2.197224577336219,-2.3025850929940455,
152,142298968,Grp. A1 B6 (100% C1),602,0.171,0.0,0.0,0.0,0.5,0.2,0.8,0.04,0.01,2897.7305,0,7.971683123387227,-1.3862943611198906,-2.5257286443082556,
153,142087429,Grp. A1 B6 (100% C1),602,0.171,0.0,0.0,0.0,0.5,0.1,1.1,0.02,0.01,2897.7305,0,7.971683123387227,-2.3978952727983707,-3.2188758248682006,
154,142087421,Grp. A1 B6 (100% C1),602,0.171,0.0,0.0,0.0,0.5,0.1,1.0,0.1,0.01,2897.7305,0,7.971683123387227,-2.3025850929940455,-1.6094379124341003,
155,142087417,Grp. A1 B6 (100% C1),602,0.171,0.0,0.0,0.0,0.5,0.1,1.0,0.09,0.01,2897.7305,0,7.971683123387227,-2.3025850929940455,-1.7147984280919266,
156,142087413,Grp. A1 B6 (100% C1),602,0.171,0.0,0.0,0.0,0.5,0.1,1.0,0.08,0.01,2897.7305,0,7.971683123387227,-2.3025850929940455,-1.8325814637483102,
157,142087709,Grp. A1 B6 (100% C1),602,0.171,0.0,0.0,0.0,0.5,0.1,1.8,0.02,0.01,2897.7305,0,7.971683123387227,-2.8903717578961645,-3.2188758248682006,
158,142087397,Grp. A1 B6 (100% C1),602,0.171,0.0,0.0,0.0,0.5,0.1,1.0,0.04,0.01,2897.7305,0,7.971683123387227,-2.3025850929940455,-2.5257286443082556,
159,142299376,Grp. A1 B6 (100% C1),602,0.171,0.0,0.0,0.0,0.5,0.2,1.8,0.06,0.01,2897.7305,0,7.971683123387227,-2.197224577336219,-2.120263536200091,
160,142299372,Grp. A1 B6 (100% C1),602,0.171,0.0,0.0,0.0,0.5,0.2,1.8,0.05,0.01,2897.7305,0,7.971683123387227,-2.197224577336219,-2.3025850929940455,
161,142299368,Grp. A1 B6 (100% C1),602,0.171,0.0,0.0,0.0,0.5,0.2,1.8,0.04,0.01,2897.7305,0,7.971683123387227,-2.197224577336219,-2.5257286443082556,
162,142299312,Grp. A1 B6 (100% C1),602,0.171,0.0,0.0,0.0,0.5,0.2,1.6,0.1,0.01,2897.7305,0,7.971683123387227,-2.0794415416798357,-1.6094379124341003,
163,142299308,Grp. A1 B6 (100% C1),602,0.171,0.0,0.0,0.0,0.5,0.2,1.6,0.09,0.01,2897.7305,0,7.971683123387227,-2.0794415416798357,-1.7147984280919266,
164,142299304,Grp. A1 B6 (100% C1),602,0.171,0.0,0.0,0.0,0.5,0.2,1.6,0.08,0.01,2897.7305,0,7.971683123387227,-2.0794415416798357,-1.8325814637483102,
165,142710471,Grp. A1 B6 (100% C1),602,0.171,0.0,0.0,0.0,0.5,0.4,1.9,0.08,0.01,2897.7305,0,7.971683123387227,-1.5581446180465497,-1.8325814637483102,
166,142087381,Grp. A1 B6 (100% C1),602,0.171,0.0,0.0,0.0,0.5,0.1,0.9,0.1,0.01,2897.7305,0,7.971683123387227,-2.197224577336219,-1.6094379124341003,
167,142710439,Grp. A1 B6 (100% C1),602,0.171,0.0,0.0,0.0,0.5,0.4,1.8,0.1,0.01,2897.7305,0,7.971683123387227,-1.504077396776274,-1.6094379124341003,
168,142710391,Grp. A1 B6 (100% C1),602,0.171,0.0,0.0,0.0,0.5,0.4,1.7,0.08,0.01,2897.7305,0,7.971683123387227,-1.4469189829363254,-1.8325814637483102,
169,142710395,Grp. A1 B6 (100% C1),602,0.171,0.0,0.0,0.0,0.5,0.4,1.7,0.09,0.01,2897.7305,0,7.971683123387227,-1.4469189829363254,-1.7147984280919266,
170,142710399,Grp. A1 B6 (100% C1),602,0.171,0.0,0.0,0.0,0.5,0.4,1.7,0.1,0.01,2897.7305,0,7.971683123387227,-1.4469189829363254,-1.6094379124341003,
171,142710151,Grp. A1 B6 (100% C1),602,0.171,0.0,0.0,0.0,0.5,0.4,1.1,0.08,0.01,2897.7305,0,7.971683123387227,-1.0116009116784799,-1.8325814637483102,
172,142710155,Grp. A1 B6 (100% C1),602,0.171,0.0,0.0,0.0,0.5,0.4,1.1,0.09,0.01,2897.7305,0,7.971683123387227,-1.0116009116784799,-1.7147984280919266,
173,142710159,Grp. A1 B6 (100% C1),602,0.171,0.0,0.0,0.0,0.5,0.4,1.1,0.1,0.01,2897.7305,0,7.971683123387227,-1.0116009116784799,-1.6094379124341003,
174,142710231,Grp. A1 B6 (100% C1),602,0.171,0.0,0.0,0.0,0.5,0.4,1.3,0.08,0.01,2897.7305,0,7.971683123387227,-1.1786549963416462,-1.8325814637483102,
175,142710475,Grp. A1 B6 (100% C1),602,0.171,0.0,0.0,0.0,0.5,0.4,1.9,0.09,0.01,2897.7305,0,7.971683123387227,-1.5581446180465497,-1.7147984280919266,
176,142709861,Grp. A1 B6 (100% C1),602,0.171,0.0,0.0,0.0,0.5,0.4,0.3,0.09,0.01,2897.7305,0,7.971683123387227,0.287682072451781,-1.7147984280919266,
177,142709865,Grp. A1 B6 (100% C1),602,0.171,0.0,0.0,0.0,0.5,0.4,0.3,0.1,0.01,2897.7305,0,7.971683123387227,0.287682072451781,-1.6094379124341003,
178,142710195,Grp. A1 B6 (100% C1),602,0.171,0.0,0.0,0.0,0.5,0.4,1.2,0.09,0.01,2897.7305,0,7.971683123387227,-1.0986122886681096,-1.7147984280919266,
179,142710199,Grp. A1 B6 (100% C1),602,0.171,0.0,0.0,0.0,0.5,0.4,1.2,0.1,0.01,2897.7305,0,7.971683123387227,-1.0986122886681096,-1.6094379124341003,
180,142709991,Grp. A1 B6 (100% C1),602,0.171,0.0,0.0,0.0,0.5,0.4,0.7,0.08,0.01,2897.7305,0,7.971683123387227,-0.5596157879354225,-1.8325814637483102,
181,142709995,Grp. A1 B6 (100% C1),602,0.171,0.0,0.0,0.0,0.5,0.4,0.7,0.09,0.01,2897.7305,0,7.971683123387227,-0.5596157879354225,-1.7147984280919266,
182,142299104,Grp. A1 B6 (100% C1),602,0.171,0.0,0.0,0.0,0.5,0.2,1.1,0.08,0.01,2897.7305,0,7.971683123387227,-1.7047480922384253,-1.8325814637483102,
183,142710479,Grp. A1 B6 (100% C1),602,0.171,0.0,0.0,0.0,0.5,0.4,1.9,0.1,0.01,2897.7305,0,7.971683123387227,-1.5581446180465497,-1.6094379124341003,
184,142298776,Grp. A1 B6 (100% C1),602,0.171,0.0,0.0,0.0,0.5,0.2,0.3,0.06,0.01,2897.7305,0,7.971683123387227,-0.4054651081081643,-2.120263536200091,
185,142298772,Grp. A1 B6 (100% C1),602,0.171,0.0,0.0,0.0,0.5,0.2,0.3,0.05,0.01,2897.7305,0,7.971683123387227,-0.4054651081081643,-2.3025850929940455,
186,142299064,Grp. A1 B6 (100% C1),602,0.171,0.0,0.0,0.0,0.5,0.2,1.0,0.08,0.01,2897.7305,0,7.971683123387227,-1.6094379124341003,-1.8325814637483102,
187,142298808,Grp. A1 B6 (100% C1),602,0.171,0.0,0.0,0.0,0.5,0.2,0.4,0.04,0.01,2897.7305,0,7.971683123387227,-0.6931471805599453,-2.5257286443082556,
188,142709999,Grp. A1 B6 (100% C1),602,0.171,0.0,0.0,0.0,0.5,0.4,0.7,0.1,0.01,2897.7305,0,7.971683123387227,-0.5596157879354225,-1.6094379124341003,
189,142087741,Grp. A1 B6 (100% C1),602,0.171,0.0,0.0,0.0,0.5,0.1,1.8,0.1,0.01,2897.7305,0,7.971683123387227,-2.8903717578961645,-1.6094379124341003,
190,142087737,Grp. A1 B6 (100% C1),602,0.171,0.0,0.0,0.0,0.5,0.1,1.8,0.09,0.01,2897.7305,0,7.971683123387227,-2.8903717578961645,-1.7147984280919266,
191,142087765,Grp. A1 B6 (100% C1),602,0.171,0.0,0.0,0.0,0.5,0.1,1.9,0.06,0.01,2897.7305,0,7.971683123387227,-2.9444389791664403,-2.120263536200091,
192,142087761,Grp. A1 B6 (100% C1),602,0.171,0.0,0.0,0.0,0.5,0.1,1.9,0.05,0.01,2897.7305,0,7.971683123387227,-2.9444389791664403,-2.3025850929940455,
193,142087757,Grp. A1 B6 (100% C1),602,0.171,0.0,0.0,0.0,0.5,0.1,1.9,0.04,0.01,2897.7305,0,7.971683123387227,-2.9444389791664403,-2.5257286443082556,
194,142087753,Grp. A1 B6 (100% C1),602,0.171,0.0,0.0,0.0,0.5,0.1,1.9,0.03,0.01,2897.7305,0,7.971683123387227,-2.9444389791664403,-2.8134107167600364,
195,142087321,Grp. A1 B6 (100% C1),602,0.171,0.0,0.0,0.0,0.5,0.1,0.8,0.05,0.01,2897.7305,0,7.971683123387227,-2.0794415416798357,-2.3025850929940455,
196,142087317,Grp. A1 B6 (100% C1),602,0.171,0.0,0.0,0.0,0.5,0.1,0.8,0.04,0.01,2897.7305,0,7.971683123387227,-2.0794415416798357,-2.5257286443082556,
197,142087313,Grp. A1 B6 (100% C1),602,0.171,0.0,0.0,0.0,0.5,0.1,0.8,0.03,0.01,2897.7305,0,7.971683123387227,-2.0794415416798357,-2.8134107167600364,
198,142299056,Grp. A1 B6 (100% C1),602,0.171,0.0,0.0,0.0,0.5,0.2,1.0,0.06,0.01,2897.7305,0,7.971683123387227,-1.6094379124341003,-2.120263536200091,
199,142087453,Grp. A1 B6 (100% C1),602,0.171,0.0,0.0,0.0,0.5,0.1,1.1,0.08,0.01,2897.7305,0,7.971683123387227,-2.3978952727983707,-1.8325814637483102,
200,142087201,Grp. A1 B6 (100% C1),602,0.171,0.0,0.0,0.0,0.5,0.1,0.5,0.05,0.01,2897.7305,0,7.971683123387227,-1.6094379124341003,-2.3025850929940455,
201,142087205,Grp. A1 B6 (100% C1),602,0.171,0.0,0.0,0.0,0.5,0.1,0.5,0.06,0.01,2897.7305,0,7.971683123387227,-1.6094379124341003,-2.120263536200091,
202,142087473,Grp. A1 B6 (100% C1),602,0.171,0.0,0.0,0.0,0.5,0.1,1.2,0.03,0.01,2897.7305,0,7.971683123387227,-2.4849066497880004,-2.8134107167600364,
203,142087477,Grp. A1 B6 (100% C1),602,0.171,0.0,0.0,0.0,0.5,0.1,1.2,0.04,0.01,2897.7305,0,7.971683123387227,-2.4849066497880004,-2.5257286443082556,
204,142087481,Grp. A1 B6 (100% C1),602,0.171,0.0,0.0,0.0,0.5,0.1,1.2,0.05,0.01,2897.7305,0,7.971683123387227,-2.4849066497880004,-2.3025850929940455,
205,142087485,Grp. A1 B6 (100% C1),602,0.171,0.0,0.0,0.0,0.5,0.1,1.2,0.06,0.01,2897.7305,0,7.971683123387227,-2.4849066497880004,-2.120263536200091,
206,142299052,Grp. A1 B6 (100% C1),602,0.171,0.0,0.0,0.0,0.5,0.2,1.0,0.05,0.01,2897.7305,0,7.971683123387227,-1.6094379124341003,-2.3025850929940455,
207,142087449,Grp. A1 B6 (100% C1),602,0.171,0.0,0.0,0.0,0.5,0.1,1.1,0.07,0.01,2897.7305,0,7.971683123387227,-2.3978952727983707,-1.9661128563728327,
208,142299060,Grp. A1 B6 (100% C1),602,0.171,0.0,0.0,0.0,0.5,0.2,1.0,0.07,0.01,2897.7305,0,7.971683123387227,-1.6094379124341003,-1.9661128563728327,
209,142299092,Grp. A1 B6 (100% C1),602,0.171,0.0,0.0,0.0,0.5,0.2,1.1,0.05,0.01,2897.7305,0,7.971683123387227,-1.7047480922384253,-2.3025850929940455,
210,142087433,Grp. A1 B6 (100% C1),602,0.171,0.0,0.0,0.0,0.5,0.1,1.1,0.03,0.01,2897.7305,0,7.971683123387227,-2.3978952727983707,-2.8134107167600364,
211,142087437,Grp. A1 B6 (100% C1),602,0.171,0.0,0.0,0.0,0.5,0.1,1.1,0.04,0.01,2897.7305,0,7.971683123387227,-2.3978952727983707,-2.5257286443082556,
212,142087441,Grp. A1 B6 (100% C1),602,0.171,0.0,0.0,0.0,0.5,0.1,1.1,0.05,0.01,2897.7305,0,7.971683123387227,-2.3978952727983707,-2.3025850929940455,
213,142087445,Grp. A1 B6 (100% C1),602,0.171,0.0,0.0,0.0,0.5,0.1,1.1,0.06,0.01,2897.7305,0,7.971683123387227,-2.3978952727983707,-2.120263536200091,
214,142299012,Grp. A1 B6 (100% C1),602,0.171,0.0,0.0,0.0,0.5,0.2,0.9,0.05,0.01,2897.7305,0,7.971683123387227,-1.504077396776274,-2.3025850929940455,
215,142299016,Grp. A1 B6 (100% C1),602,0.171,0.0,0.0,0.0,0.5,0.2,0.9,0.06,0.01,2897.7305,0,7.971683123387227,-1.504077396776274,-2.120263536200091,
216,142087297,Grp. A1 B6 (100% C1),602,0.171,0.0,0.0,0.0,0.5,0.1,0.7,0.09,0.01,2897.7305,0,7.971683123387227,-1.9459101490553132,-1.7147984280919266,
217,142087293,Grp. A1 B6 (100% C1),602,0.171,0.0,0.0,0.0,0.5,0.1,0.7,0.08,0.01,2897.7305,0,7.971683123387227,-1.9459101490553132,-1.8325814637483102,
218,142087289,Grp. A1 B6 (100% C1),602,0.171,0.0,0.0,0.0,0.5,0.1,0.7,0.07,0.01,2897.7305,0,7.971683123387227,-1.9459101490553132,-1.9661128563728327,
219,142087285,Grp. A1 B6 (100% C1),602,0.171,0.0,0.0,0.0,0.5,0.1,0.7,0.06,0.01,2897.7305,0,7.971683123387227,-1.9459101490553132,-2.120263536200091,
220,142087541,Grp. A1 B6 (100% C1),602,0.171,0.0,0.0,0.0,0.5,0.1,1.3,0.1,0.01,2897.7305,0,7.971683123387227,-2.5649493574615367,-1.6094379124341003,
221,142087537,Grp. A1 B6 (100% C1),602,0.171,0.0,0.0,0.0,0.5,0.1,1.3,0.09,0.01,2897.7305,0,7.971683123387227,-2.5649493574615367,-1.7147984280919266,
222,142087193,Grp. A1 B6 (100% C1),602,0.171,0.0,0.0,0.0,0.5,0.1,0.5,0.03,0.01,2897.7305,0,7.971683123387227,-1.6094379124341003,-2.8134107167600364,
223,142087189,Grp. A1 B6 (100% C1),602,0.171,0.0,0.0,0.0,0.5,0.1,0.5,0.02,0.01,2897.7305,0,7.971683123387227,-1.6094379124341003,-3.2188758248682006,
224,142299220,Grp. A1 B6 (100% C1),602,0.171,0.0,0.0,0.0,0.5,0.2,1.4,0.07,0.01,2897.7305,0,7.971683123387227,-1.9459101490553132,-1.9661128563728327,
225,142299216,Grp. A1 B6 (100% C1),602,0.171,0.0,0.0,0.0,0.5,0.2,1.4,0.06,0.01,2897.7305,0,7.971683123387227,-1.9459101490553132,-2.120263536200091,
226,142299088,Grp. A1 B6 (100% C1),602,0.171,0.0,0.0,0.0,0.5,0.2,1.1,0.04,0.01,2897.7305,0,7.971683123387227,-1.7047480922384253,-2.5257286443082556,
227,142299344,Grp. A1 B6 (100% C1),602,0.171,0.0,0.0,0.0,0.5,0.2,1.7,0.08,0.01,2897.7305,0,7.971683123387227,-2.1400661634962708,-1.8325814637483102,
228,142087301,Grp. A1 B6 (100% C1),602,0.171,0.0,0.0,0.0,0.5,0.1,0.7,0.1,0.01,2897.7305,0,7.971683123387227,-1.9459101490553132,-1.6094379124341003,
229,142299260,Grp. A1 B6 (100% C1),602,0.171,0.0,0.0,0.0,0.5,0.2,1.5,0.07,0.01,2897.7305,0,7.971683123387227,-2.0149030205422647,-1.9661128563728327,
230,142299256,Grp. A1 B6 (100% C1),602,0.171,0.0,0.0,0.0,0.5,0.2,1.5,0.06,0.01,2897.7305,0,7.971683123387227,-2.0149030205422647,-2.120263536200091,
231,142299140,Grp. A1 B6 (100% C1),602,0.171,0.0,0.0,0.0,0.5,0.2,1.2,0.07,0.01,2897.7305,0,7.971683123387227,-1.791759469228055,-1.9661128563728327,
232,142299176,Grp. A1 B6 (100% C1),602,0.171,0.0,0.0,0.0,0.5,0.2,1.3,0.06,0.01,2897.7305,0,7.971683123387227,-1.8718021769015913,-2.120263536200091,
233,142299180,Grp. A1 B6 (100% C1),602,0.171,0.0,0.0,0.0,0.5,0.2,1.3,0.07,0.01,2897.7305,0,7.971683123387227,-1.8718021769015913,-1.9661128563728327,
234,142299184,Grp. A1 B6 (100% C1),602,0.171,0.0,0.0,0.0,0.5,0.2,1.3,0.08,0.01,2897.7305,0,7.971683123387227,-1.8718021769015913,-1.8325814637483102,
235,142299108,Grp. A1 B6 (100% C1),602,0.171,0.0,0.0,0.0,0.5,0.2,1.1,0.09,0.01,2897.7305,0,7.971683123387227,-1.7047480922384253,-1.7147984280919266,
236,142299112,Grp. A1 B6 (100% C1),602,0.171,0.0,0.0,0.0,0.5,0.2,1.1,0.1,0.01,2897.7305,0,7.971683123387227,-1.7047480922384253,-1.6094379124341003,
237,142299128,Grp. A1 B6 (100% C1),602,0.171,0.0,0.0,0.0,0.5,0.2,1.2,0.04,0.01,2897.7305,0,7.971683123387227,-1.791759469228055,-2.5257286443082556,
238,142299132,Grp. A1 B6 (100% C1),602,0.171,0.0,0.0,0.0,0.5,0.2,1.2,0.05,0.01,2897.7305,0,7.971683123387227,-1.791759469228055,-2.3025850929940455,
239,142299136,Grp. A1 B6 (100% C1),602,0.171,0.0,0.0,0.0,0.5,0.2,1.2,0.06,0.01,2897.7305,0,7.971683123387227,-1.791759469228055,-2.120263536200091,
240,142299172,Grp. A1 B6 (100% C1),602,0.171,0.0,0.0,0.0,0.5,0.2,1.3,0.05,0.01,2897.7305,0,7.971683123387227,-1.8718021769015913,-2.3025850929940455,
241,142299144,Grp. A1 B6 (100% C1),602,0.171,0.0,0.0,0.0,0.5,0.2,1.2,0.08,0.01,2897.7305,0,7.971683123387227,-1.791759469228055,-1.8325814637483102,
242,142299328,Grp. A1 B6 (100% C1),602,0.171,0.0,0.0,0.0,0.5,0.2,1.7,0.04,0.01,2897.7305,0,7.971683123387227,-2.1400661634962708,-2.5257286443082556,
243,142299332,Grp. A1 B6 (100% C1),602,0.171,0.0,0.0,0.0,0.5,0.2,1.7,0.05,0.01,2897.7305,0,7.971683123387227,-2.1400661634962708,-2.3025850929940455,
244,142299336,Grp. A1 B6 (100% C1),602,0.171,0.0,0.0,0.0,0.5,0.2,1.7,0.06,0.01,2897.7305,0,7.971683123387227,-2.1400661634962708,-2.120263536200091,
245,142299340,Grp. A1 B6 (100% C1),602,0.171,0.0,0.0,0.0,0.5,0.2,1.7,0.07,0.01,2897.7305,0,7.971683123387227,-2.1400661634962708,-1.9661128563728327,
246,142299096,Grp. A1 B6 (100% C1),602,0.171,0.0,0.0,0.0,0.5,0.2,1.1,0.06,0.01,2897.7305,0,7.971683123387227,-1.7047480922384253,-2.120263536200091,
247,142299100,Grp. A1 B6 (100% C1),602,0.171,0.0,0.0,0.0,0.5,0.2,1.1,0.07,0.01,2897.7305,0,7.971683123387227,-1.7047480922384253,-1.9661128563728327,
248,142506882,Grp. A1 B6 (100% C1),602,0.171,0.0,0.0,0.0,0.5,0.3,0.5,0.1,0.01,2897.7305,0,7.971683123387227,-0.5108256237659907,-1.6094379124341003,
249,142299168,Grp. A1 B6 (100% C1),602,0.171,0.0,0.0,0.0,0.5,0.2,1.3,0.04,0.01,2897.7305,0,7.971683123387227,-1.8718021769015913,-2.5257286443082556,
250,142299152,Grp. A1 B6 (100% C1),602,0.171,0.0,0.0,0.0,0.5,0.2,1.2,0.1,0.01,2897.7305,0,7.971683123387227,-1.791759469228055,-1.6094379124341003,
251,142299148,Grp. A1 B6 (100% C1),602,0.171,0.0,0.0,0.0,0.5,0.2,1.2,0.09,0.01,2897.7305,0,7.971683123387227,-1.791759469228055,-1.7147984280919266,
252,142299008,Grp. A1 B6 (100% C1),602,0.171,0.0,0.0,0.0,0.5,0.2,0.9,0.04,0.01,2897.7305,0,7.971683123387227,-1.504077396776274,-2.5257286443082556,
253,142298992,Grp. A1 B6 (100% C1),602,0.171,0.0,0.0,0.0,0.5,0.2,0.8,0.1,0.01,2897.7305,0,7.971683123387227,-1.3862943611198906,-1.6094379124341003,
254,142298988,Grp. A1 B6 (100% C1),602,0.171,0.0,0.0,0.0,0.5,0.2,0.8,0.09,0.01,2897.7305,0,7.971683123387227,-1.3862943611198906,-1.7147984280919266,
255,142298984,Grp. A1 B6 (100% C1),602,0.171,0.0,0.0,0.0,0.5,0.2,0.8,0.08,0.01,2897.7305,0,7.971683123387227,-1.3862943611198906,-1.8325814637483102,
256,142298980,Grp. A1 B6 (100% C1),602,0.171,0.0,0.0,0.0,0.5,0.2,0.8,0.07,0.01,2897.7305,0,7.971683123387227,-1.3862943611198906,-1.9661128563728327,
257,142298976,Grp. A1 B6 (100% C1),602,0.171,0.0,0.0,0.0,0.5,0.2,0.8,0.06,0.01,2897.7305,0,7.971683123387227,-1.3862943611198906,-2.120263536200091,
258,142298972,Grp. A1 B6 (100% C1),602,0.171,0.0,0.0,0.0,0.5,0.2,0.8,0.05,0.01,2897.7305,0,7.971683123387227,-1.3862943611198906,-2.3025850929940455,
259,142299048,Grp. A1 B6 (100% C1),602,0.171,0.0,0.0,0.0,0.5,0.2,1.0,0.04,0.01,2897.7305,0,7.971683123387227,-1.6094379124341003,-2.5257286443082556,
260,142299032,Grp. A1 B6 (100% C1),602,0.171,0.0,0.0,0.0,0.5,0.2,0.9,0.1,0.01,2897.7305,0,7.971683123387227,-1.504077396776274,-1.6094379124341003,
261,142299028,Grp. A1 B6 (100% C1),602,0.171,0.0,0.0,0.0,0.5,0.2,0.9,0.09,0.01,2897.7305,0,7.971683123387227,-1.504077396776274,-1.7147984280919266,
262,142299024,Grp. A1 B6 (100% C1),602,0.171,0.0,0.0,0.0,0.5,0.2,0.9,0.08,0.01,2897.7305,0,7.971683123387227,-1.504077396776274,-1.8325814637483102,
263,142299020,Grp. A1 B6 (100% C1),602,0.171,0.0,0.0,0.0,0.5,0.2,0.9,0.07,0.01,2897.7305,0,7.971683123387227,-1.504077396776274,-1.9661128563728327,
264,142709955,Grp. A1 B6 (100% C1),602,0.171,0.0,0.0,0.0,0.5,0.4,0.6,0.09,0.01,2897.7305,0,7.971683123387227,-0.4054651081081643,-1.7147984280919266,
265,142298848,Grp. A1 B6 (100% C1),602,0.171,0.0,0.0,0.0,0.5,0.2,0.5,0.04,0.01,2897.7305,0,7.971683123387227,-0.916290731874155,-2.5257286443082556,
266,142298832,Grp. A1 B6 (100% C1),602,0.171,0.0,0.0,0.0,0.5,0.2,0.4,0.1,0.01,2897.7305,0,7.971683123387227,-0.6931471805599453,-1.6094379124341003,
267,142298828,Grp. A1 B6 (100% C1),602,0.171,0.0,0.0,0.0,0.5,0.2,0.4,0.09,0.01,2897.7305,0,7.971683123387227,-0.6931471805599453,-1.7147984280919266,
268,142298824,Grp. A1 B6 (100% C1),602,0.171,0.0,0.0,0.0,0.5,0.2,0.4,0.08,0.01,2897.7305,0,7.971683123387227,-0.6931471805599453,-1.8325814637483102,
269,142298820,Grp. A1 B6 (100% C1),602,0.171,0.0,0.0,0.0,0.5,0.2,0.4,0.07,0.01,2897.7305,0,7.971683123387227,-0.6931471805599453,-1.9661128563728327,
270,142298816,Grp. A1 B6 (100% C1),602,0.171,0.0,0.0,0.0,0.5,0.2,0.4,0.06,0.01,2897.7305,0,7.971683123387227,-0.6931471805599453,-2.120263536200091,
271,142298812,Grp. A1 B6 (100% C1),602,0.171,0.0,0.0,0.0,0.5,0.2,0.4,0.05,0.01,2897.7305,0,7.971683123387227,-0.6931471805599453,-2.3025850929940455,
272,142298698,Grp. A1 B6 (100% C1),602,0.171,0.0,0.0,0.0,0.5,0.2,0.1,0.05,0.01,2897.7305,0,7.971683123387227,0.6931471805599453,-2.3025850929940455,
273,142298694,Grp. A1 B6 (100% C1),602,0.171,0.0,0.0,0.0,0.5,0.2,0.1,0.04,0.01,2897.7305,0,7.971683123387227,0.6931471805599453,-2.5257286443082556,
274,142298936,Grp. A1 B6 (100% C1),602,0.171,0.0,0.0,0.0,0.5,0.2,0.7,0.06,0.01,2897.7305,0,7.971683123387227,-1.2527629684953678,-2.120263536200091,
275,142298932,Grp. A1 B6 (100% C1),602,0.171,0.0,0.0,0.0,0.5,0.2,0.7,0.05,0.01,2897.7305,0,7.971683123387227,-1.2527629684953678,-2.3025850929940455,
276,142298928,Grp. A1 B6 (100% C1),602,0.171,0.0,0.0,0.0,0.5,0.2,0.7,0.04,0.01,2897.7305,0,7.971683123387227,-1.2527629684953678,-2.5257286443082556,
277,142298912,Grp. A1 B6 (100% C1),602,0.171,0.0,0.0,0.0,0.5,0.2,0.6,0.1,0.01,2897.7305,0,7.971683123387227,-1.0986122886681096,-1.6094379124341003,
278,142298856,Grp. A1 B6 (100% C1),602,0.171,0.0,0.0,0.0,0.5,0.2,0.5,0.06,0.01,2897.7305,0,7.971683123387227,-0.916290731874155,-2.120263536200091,
279,142709959,Grp. A1 B6 (100% C1),602,0.171,0.0,0.0,0.0,0.5,0.4,0.6,0.1,0.01,2897.7305,0,7.971683123387227,-0.4054651081081643,-1.6094379124341003,
280,142298852,Grp. A1 B6 (100% C1),602,0.171,0.0,0.0,0.0,0.5,0.2,0.5,0.05,0.01,2897.7305,0,7.971683123387227,-0.916290731874155,-2.3025850929940455,
281,142709951,Grp. A1 B6 (100% C1),602,0.171,0.0,0.0,0.0,0.5,0.4,0.6,0.08,0.01,2897.7305,0,7.971683123387227,-0.4054651081081643,-1.8325814637483102,
282,142709838,Grp. A1 B6 (100% C1),602,0.171,0.0,0.0,0.0,0.5,0.4,0.2,0.08,0.01,2897.7305,0,7.971683123387227,0.6931471805599453,-1.8325814637483102,
283,142709828,Grp. A1 B6 (100% C1),602,0.171,0.0,0.0,0.0,0.5,0.4,0.1,0.1,0.01,2897.7305,0,7.971683123387227,1.3862943611198906,-1.6094379124341003,
284,142709824,Grp. A1 B6 (100% C1),602,0.171,0.0,0.0,0.0,0.5,0.4,0.1,0.09,0.01,2897.7305,0,7.971683123387227,1.3862943611198906,-1.7147984280919266,
285,142709820,Grp. A1 B6 (100% C1),602,0.171,0.0,0.0,0.0,0.5,0.4,0.1,0.08,0.01,2897.7305,0,7.971683123387227,1.3862943611198906,-1.8325814637483102,
286,142909220,Grp. A1 B6 (100% C1),602,0.171,0.0,0.0,0.0,0.5,0.5,0.4,0.1,0.01,2897.7305,0,7.971683123387227,0.22314355131420976,-1.6094379124341003,
287,142909260,Grp. A1 B6 (100% C1),602,0.171,0.0,0.0,0.0,0.5,0.5,0.6,0.1,0.01,2897.7305,0,7.971683123387227,-0.1823215567939546,-1.6094379124341003,
288,142909335,Grp. A1 B6 (100% C1),602,0.171,0.0,0.0,0.0,0.5,0.5,0.8,0.1,0.01,2897.7305,0,7.971683123387227,-0.4700036292457356,-1.6094379124341003,
289,142909185,Grp. A1 B6 (100% C1),602,0.171,0.0,0.0,0.0,0.5,0.5,0.1,0.1,0.01,2897.7305,0,7.971683123387227,1.6094379124341003,-1.6094379124341003,
290,142709842,Grp. A1 B6 (100% C1),602,0.171,0.0,0.0,0.0,0.5,0.4,0.2,0.09,0.01,2897.7305,0,7.971683123387227,0.6931471805599453,-1.7147984280919266,
291,142909415,Grp. A1 B6 (100% C1),602,0.171,0.0,0.0,0.0,0.5,0.5,1.0,0.1,0.01,2897.7305,0,7.971683123387227,-0.6931471805599453,-1.6094379124341003,
292,142909236,Grp. A1 B6 (100% C1),602,0.171,0.0,0.0,0.0,0.5,0.5,0.5,0.1,0.01,2897.7305,0,7.971683123387227,0.0,-1.6094379124341003,
293,142909207,Grp. A1 B6 (100% C1),602,0.171,0.0,0.0,0.0,0.5,0.5,0.3,0.1,0.01,2897.7305,0,7.971683123387227,0.5108256237659907,-1.6094379124341003,
294,142909195,Grp. A1 B6 (100% C1),602,0.171,0.0,0.0,0.0,0.5,0.5,0.2,0.1,0.01,2897.7305,0,7.971683123387227,0.9162907318741551,-1.6094379124341003,
295,142909495,Grp. A1 B6 (100% C1),602,0.171,0.0,0.0,0.0,0.5,0.5,1.2,0.1,0.01,2897.7305,0,7.971683123387227,-0.8754687373538999,-1.6094379124341003,
296,142507434,Grp. A1 B6 (100% C1),602,0.171,0.0,0.0,0.0,0.5,0.3,1.9,0.08,0.01,2897.7305,0,7.971683123387227,-1.845826690498331,-1.8325814637483102,
297,142507430,Grp. A1 B6 (100% C1),602,0.171,0.0,0.0,0.0,0.5,0.3,1.9,0.07,0.01,2897.7305,0,7.971683123387227,-1.845826690498331,-1.9661128563728327,
298,142507470,Grp. A1 B6 (100% C1),602,0.171,0.0,0.0,0.0,0.5,0.3,2.0,0.07,0.01,2897.7305,0,7.971683123387227,-1.8971199848858813,-1.9661128563728327,
299,142909375,Grp. A1 B6 (100% C1),602,0.171,0.0,0.0,0.0,0.5,0.5,0.9,0.1,0.01,2897.7305,0,7.971683123387227,-0.587786664902119,-1.6094379124341003,
300,142909295,Grp. A1 B6 (100% C1),602,0.171,0.0,0.0,0.0,0.5,0.5,0.7,0.1,0.01,2897.7305,0,7.971683123387227,-0.3364722366212129,-1.6094379124341003,
301,142909455,Grp. A1 B6 (100% C1),602,0.171,0.0,0.0,0.0,0.5,0.5,1.1,0.1,0.01,2897.7305,0,7.971683123387227,-0.7884573603642702,-1.6094379124341003,
302,142506766,Grp. A1 B6 (100% C1),602,0.171,0.0,0.0,0.0,0.5,0.3,0.2,0.08,0.01,2897.7305,0,7.971683123387227,0.4054651081081642,-1.8325814637483102,
303,142507478,Grp. A1 B6 (100% C1),602,0.171,0.0,0.0,0.0,0.5,0.3,2.0,0.09,0.01,2897.7305,0,7.971683123387227,-1.8971199848858813,-1.7147984280919266,
304,142507474,Grp. A1 B6 (100% C1),602,0.171,0.0,0.0,0.0,0.5,0.3,2.0,0.08,0.01,2897.7305,0,7.971683123387227,-1.8971199848858813,-1.8325814637483102,
305,142507402,Grp. A1 B6 (100% C1),602,0.171,0.0,0.0,0.0,0.5,0.3,1.8,0.1,0.01,2897.7305,0,7.971683123387227,-1.791759469228055,-1.6094379124341003,
306,142507398,Grp. A1 B6 (100% C1),602,0.171,0.0,0.0,0.0,0.5,0.3,1.8,0.09,0.01,2897.7305,0,7.971683123387227,-1.791759469228055,-1.7147984280919266,
307,142507394,Grp. A1 B6 (100% C1),602,0.171,0.0,0.0,0.0,0.5,0.3,1.8,0.08,0.01,2897.7305,0,7.971683123387227,-1.791759469228055,-1.8325814637483102,
308,142507390,Grp. A1 B6 (100% C1),602,0.171,0.0,0.0,0.0,0.5,0.3,1.8,0.07,0.01,2897.7305,0,7.971683123387227,-1.791759469228055,-1.9661128563728327,
309,142507386,Grp. A1 B6 (100% C1),602,0.171,0.0,0.0,0.0,0.5,0.3,1.8,0.06,0.01,2897.7305,0,7.971683123387227,-1.791759469228055,-2.120263536200091,
310,142909535,Grp. A1 B6 (100% C1),602,0.171,0.0,0.0,0.0,0.5,0.5,1.3,0.1,0.01,2897.7305,0,7.971683123387227,-0.9555114450274365,-1.6094379124341003,
311,142710355,Grp. A1 B6 (100% C1),602,0.171,0.0,0.0,0.0,0.5,0.4,1.6,0.09,0.01,2897.7305,0,7.971683123387227,-1.3862943611198906,-1.7147984280919266,
312,142298748,Grp. A1 B6 (100% C1),602,0.171,0.0,0.0,0.0,0.5,0.2,0.2,0.09,0.01,2897.7305,0,7.971683123387227,0.0,-1.7147984280919266,
313,142087733,Grp. A1 B6 (100% C1),602,0.171,0.0,0.0,0.0,0.5,0.1,1.8,0.08,0.01,2897.7305,0,7.971683123387227,-2.8903717578961645,-1.8325814637483102,
314,142087729,Grp. A1 B6 (100% C1),602,0.171,0.0,0.0,0.0,0.5,0.1,1.8,0.07,0.01,2897.7305,0,7.971683123387227,-2.8903717578961645,-1.9661128563728327,
315,142087725,Grp. A1 B6 (100% C1),602,0.171,0.0,0.0,0.0,0.5,0.1,1.8,0.06,0.01,2897.7305,0,7.971683123387227,-2.8903717578961645,-2.120263536200091,
316,142087721,Grp. A1 B6 (100% C1),602,0.171,0.0,0.0,0.0,0.5,0.1,1.8,0.05,0.01,2897.7305,0,7.971683123387227,-2.8903717578961645,-2.3025850929940455,
317,142087717,Grp. A1 B6 (100% C1),602,0.171,0.0,0.0,0.0,0.5,0.1,1.8,0.04,0.01,2897.7305,0,7.971683123387227,-2.8903717578961645,-2.5257286443082556,
318,142087713,Grp. A1 B6 (100% C1),602,0.171,0.0,0.0,0.0,0.5,0.1,1.8,0.03,0.01,2897.7305,0,7.971683123387227,-2.8903717578961645,-2.8134107167600364,
319,142299192,Grp. A1 B6 (100% C1),602,0.171,0.0,0.0,0.0,0.5,0.2,1.3,0.1,0.01,2897.7305,0,7.971683123387227,-1.8718021769015913,-1.6094379124341003,
320,142299072,Grp. A1 B6 (100% C1),602,0.171,0.0,0.0,0.0,0.5,0.2,1.0,0.1,0.01,2897.7305,0,7.971683123387227,-1.6094379124341003,-1.6094379124341003,
321,142299068,Grp. A1 B6 (100% C1),602,0.171,0.0,0.0,0.0,0.5,0.2,1.0,0.09,0.01,2897.7305,0,7.971683123387227,-1.6094379124341003,-1.7147984280919266,
322,142298952,Grp. A1 B6 (100% C1),602,0.171,0.0,0.0,0.0,0.5,0.2,0.7,0.1,0.01,2897.7305,0,7.971683123387227,-1.2527629684953678,-1.6094379124341003,
323,142298948,Grp. A1 B6 (100% C1),602,0.171,0.0,0.0,0.0,0.5,0.2,0.7,0.09,0.01,2897.7305,0,7.971683123387227,-1.2527629684953678,-1.7147984280919266,
324,142298944,Grp. A1 B6 (100% C1),602,0.171,0.0,0.0,0.0,0.5,0.2,0.7,0.08,0.01,2897.7305,0,7.971683123387227,-1.2527629684953678,-1.8325814637483102,
325,142298940,Grp. A1 B6 (100% C1),602,0.171,0.0,0.0,0.0,0.5,0.2,0.7,0.07,0.01,2897.7305,0,7.971683123387227,-1.2527629684953678,-1.9661128563728327,
326,142710111,Grp. A1 B6 (100% C1),602,0.171,0.0,0.0,0.0,0.5,0.4,1.0,0.08,0.01,2897.7305,0,7.971683123387227,-0.916290731874155,-1.8325814637483102,
327,142087629,Grp. A1 B6 (100% C1),602,0.171,0.0,0.0,0.0,0.5,0.1,1.6,0.02,0.01,2897.7305,0,7.971683123387227,-2.772588722239781,-3.2188758248682006,
328,142709884,Grp. A1 B6 (100% C1),602,0.171,0.0,0.0,0.0,0.5,0.4,0.4,0.09,0.01,2897.7305,0,7.971683123387227,0.0,-1.7147984280919266,
329,142087617,Grp. A1 B6 (100% C1),602,0.171,0.0,0.0,0.0,0.5,0.1,1.5,0.09,0.01,2897.7305,0,7.971683123387227,-2.70805020110221,-1.7147984280919266,
330,142087613,Grp. A1 B6 (100% C1),602,0.171,0.0,0.0,0.0,0.5,0.1,1.5,0.08,0.01,2897.7305,0,7.971683123387227,-2.70805020110221,-1.8325814637483102,
331,142087609,Grp. A1 B6 (100% C1),602,0.171,0.0,0.0,0.0,0.5,0.1,1.5,0.07,0.01,2897.7305,0,7.971683123387227,-2.70805020110221,-1.9661128563728327,
332,142087605,Grp. A1 B6 (100% C1),602,0.171,0.0,0.0,0.0,0.5,0.1,1.5,0.06,0.01,2897.7305,0,7.971683123387227,-2.70805020110221,-2.120263536200091,
333,142087601,Grp. A1 B6 (100% C1),602,0.171,0.0,0.0,0.0,0.5,0.1,1.5,0.05,0.01,2897.7305,0,7.971683123387227,-2.70805020110221,-2.3025850929940455,
334,142298768,Grp. A1 B6 (100% C1),602,0.171,0.0,0.0,0.0,0.5,0.2,0.3,0.04,0.01,2897.7305,0,7.971683123387227,-0.4054651081081643,-2.5257286443082556,
335,142298752,Grp. A1 B6 (100% C1),602,0.171,0.0,0.0,0.0,0.5,0.2,0.2,0.1,0.01,2897.7305,0,7.971683123387227,0.0,-1.6094379124341003,
336,142087749,Grp. A1 B6 (100% C1),602,0.171,0.0,0.0,0.0,0.5,0.1,1.9,0.02,0.01,2897.7305,0,7.971683123387227,-2.9444389791664403,-3.2188758248682006,
337,142298788,Grp. A1 B6 (100% C1),602,0.171,0.0,0.0,0.0,0.5,0.2,0.3,0.09,0.01,2897.7305,0,7.971683123387227,-0.4054651081081643,-1.7147984280919266,
338,142298784,Grp. A1 B6 (100% C1),602,0.171,0.0,0.0,0.0,0.5,0.2,0.3,0.08,0.01,2897.7305,0,7.971683123387227,-0.4054651081081643,-1.8325814637483102,
339,142298780,Grp. A1 B6 (100% C1),602,0.171,0.0,0.0,0.0,0.5,0.2,0.3,0.07,0.01,2897.7305,0,7.971683123387227,-0.4054651081081643,-1.9661128563728327,
340,142710035,Grp. A1 B6 (100% C1),602,0.171,0.0,0.0,0.0,0.5,0.4,0.8,0.09,0.01,2897.7305,0,7.971683123387227,-0.6931471805599453,-1.7147984280919266,
341,142710031,Grp. A1 B6 (100% C1),602,0.171,0.0,0.0,0.0,0.5,0.4,0.8,0.08,0.01,2897.7305,0,7.971683123387227,-0.6931471805599453,-1.8325814637483102,
342,142298740,Grp. A1 B6 (100% C1),602,0.171,0.0,0.0,0.0,0.5,0.2,0.2,0.07,0.01,2897.7305,0,7.971683123387227,0.0,-1.9661128563728327,
343,142710351,Grp. A1 B6 (100% C1),602,0.171,0.0,0.0,0.0,0.5,0.4,1.6,0.08,0.01,2897.7305,0,7.971683123387227,-1.3862943611198906,-1.8325814637483102,
344,142710319,Grp. A1 B6 (100% C1),602,0.171,0.0,0.0,0.0,0.5,0.4,1.5,0.1,0.01,2897.7305,0,7.971683123387227,-1.3217558399823195,-1.6094379124341003,
345,142710315,Grp. A1 B6 (100% C1),602,0.171,0.0,0.0,0.0,0.5,0.4,1.5,0.09,0.01,2897.7305,0,7.971683123387227,-1.3217558399823195,-1.7147984280919266,
346,142710039,Grp. A1 B6 (100% C1),602,0.171,0.0,0.0,0.0,0.5,0.4,0.8,0.1,0.01,2897.7305,0,7.971683123387227,-0.6931471805599453,-1.6094379124341003,
347,142709880,Grp. A1 B6 (100% C1),602,0.171,0.0,0.0,0.0,0.5,0.4,0.4,0.08,0.01,2897.7305,0,7.971683123387227,0.0,-1.8325814637483102,
348,142710359,Grp. A1 B6 (100% C1),602,0.171,0.0,0.0,0.0,0.5,0.4,1.6,0.1,0.01,2897.7305,0,7.971683123387227,-1.3862943611198906,-1.6094379124341003,
349,142710239,Grp. A1 B6 (100% C1),602,0.171,0.0,0.0,0.0,0.5,0.4,1.3,0.1,0.01,2897.7305,0,7.971683123387227,-1.1786549963416462,-1.6094379124341003,
350,142710235,Grp. A1 B6 (100% C1),602,0.171,0.0,0.0,0.0,0.5,0.4,1.3,0.09,0.01,2897.7305,0,7.971683123387227,-1.1786549963416462,-1.7147984280919266,
351,142710115,Grp. A1 B6 (100% C1),602,0.171,0.0,0.0,0.0,0.5,0.4,1.0,0.09,0.01,2897.7305,0,7.971683123387227,-0.916290731874155,-1.7147984280919266,
352,142710191,Grp. A1 B6 (100% C1),602,0.171,0.0,0.0,0.0,0.5,0.4,1.2,0.08,0.01,2897.7305,0,7.971683123387227,-1.0986122886681096,-1.8325814637483102,
353,142709919,Grp. A1 B6 (100% C1),602,0.171,0.0,0.0,0.0,0.5,0.4,0.5,0.1,0.01,2897.7305,0,7.971683123387227,-0.2231435513142097,-1.6094379124341003,
354,142709915,Grp. A1 B6 (100% C1),602,0.171,0.0,0.0,0.0,0.5,0.4,0.5,0.09,0.01,2897.7305,0,7.971683123387227,-0.2231435513142097,-1.7147984280919266,
355,142709911,Grp. A1 B6 (100% C1),602,0.171,0.0,0.0,0.0,0.5,0.4,0.5,0.08,0.01,2897.7305,0,7.971683123387227,-0.2231435513142097,-1.8325814637483102,
356,142709888,Grp. A1 B6 (100% C1),602,0.171,0.0,0.0,0.0,0.5,0.4,0.4,0.1,0.01,2897.7305,0,7.971683123387227,0.0,-1.6094379124341003,
357,142298736,Grp. A1 B6 (100% C1),602,0.171,0.0,0.0,0.0,0.5,0.2,0.2,0.06,0.01,2897.7305,0,7.971683123387227,0.0,-2.120263536200091,
358,142710311,Grp. A1 B6 (100% C1),602,0.171,0.0,0.0,0.0,0.5,0.4,1.5,0.08,0.01,2897.7305,0,7.971683123387227,-1.3217558399823195,-1.8325814637483102,
359,142710279,Grp. A1 B6 (100% C1),602,0.171,0.0,0.0,0.0,0.5,0.4,1.4,0.1,0.01,2897.7305,0,7.971683123387227,-1.2527629684953678,-1.6094379124341003,
360,142710275,Grp. A1 B6 (100% C1),602,0.171,0.0,0.0,0.0,0.5,0.4,1.4,0.09,0.01,2897.7305,0,7.971683123387227,-1.2527629684953678,-1.7147984280919266,
361,142710271,Grp. A1 B6 (100% C1),602,0.171,0.0,0.0,0.0,0.5,0.4,1.4,0.08,0.01,2897.7305,0,7.971683123387227,-1.2527629684953678,-1.8325814637483102,
362,142710519,Grp. A1 B6 (100% C1),602,0.171,0.0,0.0,0.0,0.5,0.4,2.0,0.1,0.01,2897.7305,0,7.971683123387227,-1.6094379124341003,-1.6094379124341003,
363,142710515,Grp. A1 B6 (100% C1),602,0.171,0.0,0.0,0.0,0.5,0.4,2.0,0.09,0.01,2897.7305,0,7.971683123387227,-1.6094379124341003,-1.7147984280919266,
364,142710075,Grp. A1 B6 (100% C1),602,0.171,0.0,0.0,0.0,0.5,0.4,0.9,0.09,0.01,2897.7305,0,7.971683123387227,-0.8109302162163287,-1.7147984280919266,
365,142710071,Grp. A1 B6 (100% C1),602,0.171,0.0,0.0,0.0,0.5,0.4,0.9,0.08,0.01,2897.7305,0,7.971683123387227,-0.8109302162163287,-1.8325814637483102,
366,142710511,Grp. A1 B6 (100% C1),602,0.171,0.0,0.0,0.0,0.5,0.4,2.0,0.08,0.01,2897.7305,0,7.971683123387227,-1.6094379124341003,-1.8325814637483102,
367,142298792,Grp. A1 B6 (100% C1),602,0.171,0.0,0.0,0.0,0.5,0.2,0.3,0.1,0.01,2897.7305,0,7.971683123387227,-0.4054651081081643,-1.6094379124341003,
368,142710435,Grp. A1 B6 (100% C1),602,0.171,0.0,0.0,0.0,0.5,0.4,1.8,0.09,0.01,2897.7305,0,7.971683123387227,-1.504077396776274,-1.7147984280919266,
369,142709846,Grp. A1 B6 (100% C1),602,0.171,0.0,0.0,0.0,0.5,0.4,0.2,0.1,0.01,2897.7305,0,7.971683123387227,0.6931471805599453,-1.6094379124341003,
370,142710431,Grp. A1 B6 (100% C1),602,0.171,0.0,0.0,0.0,0.5,0.4,1.8,0.08,0.01,2897.7305,0,7.971683123387227,-1.504077396776274,-1.8325814637483102,
371,142709857,Grp. A1 B6 (100% C1),602,0.171,0.0,0.0,0.0,0.5,0.4,0.3,0.08,0.01,2897.7305,0,7.971683123387227,0.287682072451781,-1.8325814637483102,
372,142710079,Grp. A1 B6 (100% C1),602,0.171,0.0,0.0,0.0,0.5,0.4,0.9,0.1,0.01,2897.7305,0,7.971683123387227,-0.8109302162163287,-1.6094379124341003,
373,142507482,Grp. A1 B6 (100% C1),602,0.171,0.0,0.0,0.0,0.5,0.3,2.0,0.1,0.01,2897.7305,0,7.971683123387227,-1.8971199848858813,-1.6094379124341003,
374,142298732,Grp. A1 B6 (100% C1),602,0.171,0.0,0.0,0.0,0.5,0.2,0.2,0.05,0.01,2897.7305,0,7.971683123387227,0.0,-2.3025850929940455,
375,142298728,Grp. A1 B6 (100% C1),602,0.171,0.0,0.0,0.0,0.5,0.2,0.2,0.04,0.01,2897.7305,0,7.971683123387227,0.0,-2.5257286443082556,
376,142298718,Grp. A1 B6 (100% C1),602,0.171,0.0,0.0,0.0,0.5,0.2,0.1,0.1,0.01,2897.7305,0,7.971683123387227,0.6931471805599453,-1.6094379124341003,
377,142298714,Grp. A1 B6 (100% C1),602,0.171,0.0,0.0,0.0,0.5,0.2,0.1,0.09,0.01,2897.7305,0,7.971683123387227,0.6931471805599453,-1.7147984280919266,
378,142298710,Grp. A1 B6 (100% C1),602,0.171,0.0,0.0,0.0,0.5,0.2,0.1,0.08,0.01,2897.7305,0,7.971683123387227,0.6931471805599453,-1.8325814637483102,
379,142298706,Grp. A1 B6 (100% C1),602,0.171,0.0,0.0,0.0,0.5,0.2,0.1,0.07,0.01,2897.7305,0,7.971683123387227,0.6931471805599453,-1.9661128563728327,
380,142298702,Grp. A1 B6 (100% C1),602,0.171,0.0,0.0,0.0,0.5,0.2,0.1,0.06,0.01,2897.7305,0,7.971683123387227,0.6931471805599453,-2.120263536200091,
381,142087597,Grp. A1 B6 (100% C1),602,0.171,0.0,0.0,0.0,0.5,0.1,1.5,0.04,0.01,2897.7305,0,7.971683123387227,-2.70805020110221,-2.5257286443082556,
382,142087773,Grp. A1 B6 (100% C1),602,0.171,0.0,0.0,0.0,0.5,0.1,1.9,0.08,0.01,2897.7305,0,7.971683123387227,-2.9444389791664403,-1.8325814637483102,
383,142087769,Grp. A1 B6 (100% C1),602,0.171,0.0,0.0,0.0,0.5,0.1,1.9,0.07,0.01,2897.7305,0,7.971683123387227,-2.9444389791664403,-1.9661128563728327,
384,142087469,Grp. A1 B6 (100% C1),602,0.171,0.0,0.0,0.0,0.5,0.1,1.2,0.02,0.01,2897.7305,0,7.971683123387227,-2.4849066497880004,-3.2188758248682006,
385,142087461,Grp. A1 B6 (100% C1),602,0.171,0.0,0.0,0.0,0.5,0.1,1.1,0.1,0.01,2897.7305,0,7.971683123387227,-2.3978952727983707,-1.6094379124341003,
386,142087457,Grp. A1 B6 (100% C1),602,0.171,0.0,0.0,0.0,0.5,0.1,1.1,0.09,0.01,2897.7305,0,7.971683123387227,-2.3978952727983707,-1.7147984280919266,
387,142298744,Grp. A1 B6 (100% C1),602,0.171,0.0,0.0,0.0,0.5,0.2,0.2,0.08,0.01,2897.7305,0,7.971683123387227,0.0,-1.8325814637483102,
388,142087689,Grp. A1 B6 (100% C1),602,0.171,0.0,0.0,0.0,0.5,0.1,1.7,0.07,0.01,2897.7305,0,7.971683123387227,-2.833213344056216,-1.9661128563728327,
389,142506866,Grp. A1 B6 (100% C1),602,0.171,0.0,0.0,0.0,0.5,0.3,0.5,0.06,0.01,2897.7305,0,7.971683123387227,-0.5108256237659907,-2.120263536200091,
390,142506842,Grp. A1 B6 (100% C1),602,0.171,0.0,0.0,0.0,0.5,0.3,0.4,0.1,0.01,2897.7305,0,7.971683123387227,-0.28768207245178107,-1.6094379124341003,
391,142506838,Grp. A1 B6 (100% C1),602,0.171,0.0,0.0,0.0,0.5,0.3,0.4,0.09,0.01,2897.7305,0,7.971683123387227,-0.28768207245178107,-1.7147984280919266,
392,142506834,Grp. A1 B6 (100% C1),602,0.171,0.0,0.0,0.0,0.5,0.3,0.4,0.08,0.01,2897.7305,0,7.971683123387227,-0.28768207245178107,-1.8325814637483102,
393,142506962,Grp. A1 B6 (100% C1),602,0.171,0.0,0.0,0.0,0.5,0.3,0.7,0.1,0.01,2897.7305,0,7.971683123387227,-0.8472978603872036,-1.6094379124341003,
394,142506958,Grp. A1 B6 (100% C1),602,0.171,0.0,0.0,0.0,0.5,0.3,0.7,0.09,0.01,2897.7305,0,7.971683123387227,-0.8472978603872036,-1.7147984280919266,
395,142507162,Grp. A1 B6 (100% C1),602,0.171,0.0,0.0,0.0,0.5,0.3,1.2,0.1,0.01,2897.7305,0,7.971683123387227,-1.3862943611198906,-1.6094379124341003,
396,142507158,Grp. A1 B6 (100% C1),602,0.171,0.0,0.0,0.0,0.5,0.3,1.2,0.09,0.01,2897.7305,0,7.971683123387227,-1.3862943611198906,-1.7147984280919266,
397,142507154,Grp. A1 B6 (100% C1),602,0.171,0.0,0.0,0.0,0.5,0.3,1.2,0.08,0.01,2897.7305,0,7.971683123387227,-1.3862943611198906,-1.8325814637483102,
398,142507150,Grp. A1 B6 (100% C1),602,0.171,0.0,0.0,0.0,0.5,0.3,1.2,0.07,0.01,2897.7305,0,7.971683123387227,-1.3862943611198906,-1.9661128563728327,
399,142507146,Grp. A1 B6 (100% C1),602,0.171,0.0,0.0,0.0,0.5,0.3,1.2,0.06,0.01,2897.7305,0,7.971683123387227,-1.3862943611198906,-2.120263536200091,
400,142506874,Grp. A1 B6 (100% C1),602,0.171,0.0,0.0,0.0,0.5,0.3,0.5,0.08,0.01,2897.7305,0,7.971683123387227,-0.5108256237659907,-1.8325814637483102,
401,142087701,Grp. A1 B6 (100% C1),602,0.171,0.0,0.0,0.0,0.5,0.1,1.7,0.1,0.01,2897.7305,0,7.971683123387227,-2.833213344056216,-1.6094379124341003,
402,142087697,Grp. A1 B6 (100% C1),602,0.171,0.0,0.0,0.0,0.5,0.1,1.7,0.09,0.01,2897.7305,0,7.971683123387227,-2.833213344056216,-1.7147984280919266,
403,142087693,Grp. A1 B6 (100% C1),602,0.171,0.0,0.0,0.0,0.5,0.1,1.7,0.08,0.01,2897.7305,0,7.971683123387227,-2.833213344056216,-1.8325814637483102,
404,142506870,Grp. A1 B6 (100% C1),602,0.171,0.0,0.0,0.0,0.5,0.3,0.5,0.07,0.01,2897.7305,0,7.971683123387227,-0.5108256237659907,-1.9661128563728327,
405,142087685,Grp. A1 B6 (100% C1),602,0.171,0.0,0.0,0.0,0.5,0.1,1.7,0.06,0.01,2897.7305,0,7.971683123387227,-2.833213344056216,-2.120263536200091,
406,142087681,Grp. A1 B6 (100% C1),602,0.171,0.0,0.0,0.0,0.5,0.1,1.7,0.05,0.01,2897.7305,0,7.971683123387227,-2.833213344056216,-2.3025850929940455,
407,142087677,Grp. A1 B6 (100% C1),602,0.171,0.0,0.0,0.0,0.5,0.1,1.7,0.04,0.01,2897.7305,0,7.971683123387227,-2.833213344056216,-2.5257286443082556,
408,142087673,Grp. A1 B6 (100% C1),602,0.171,0.0,0.0,0.0,0.5,0.1,1.7,0.03,0.01,2897.7305,0,7.971683123387227,-2.833213344056216,-2.8134107167600364,
409,142087809,Grp. A1 B6 (100% C1),602,0.171,0.0,0.0,0.0,0.5,0.1,2.0,0.07,0.01,2897.7305,0,7.971683123387227,-2.995732273553991,-1.9661128563728327,
410,142087805,Grp. A1 B6 (100% C1),602,0.171,0.0,0.0,0.0,0.5,0.1,2.0,0.06,0.01,2897.7305,0,7.971683123387227,-2.995732273553991,-2.120263536200091,
411,142087801,Grp. A1 B6 (100% C1),602,0.171,0.0,0.0,0.0,0.5,0.1,2.0,0.05,0.01,2897.7305,0,7.971683123387227,-2.995732273553991,-2.3025850929940455,
412,142087797,Grp. A1 B6 (100% C1),602,0.171,0.0,0.0,0.0,0.5,0.1,2.0,0.04,0.01,2897.7305,0,7.971683123387227,-2.995732273553991,-2.5257286443082556,
413,142087793,Grp. A1 B6 (100% C1),602,0.171,0.0,0.0,0.0,0.5,0.1,2.0,0.03,0.01,2897.7305,0,7.971683123387227,-2.995732273553991,-2.8134107167600364,
414,142507438,Grp. A1 B6 (100% C1),602,0.171,0.0,0.0,0.0,0.5,0.3,1.9,0.09,0.01,2897.7305,0,7.971683123387227,-1.845826690498331,-1.7147984280919266,
415,142087781,Grp. A1 B6 (100% C1),602,0.171,0.0,0.0,0.0,0.5,0.1,1.9,0.1,0.01,2897.7305,0,7.971683123387227,-2.9444389791664403,-1.6094379124341003,
416,142087777,Grp. A1 B6 (100% C1),602,0.171,0.0,0.0,0.0,0.5,0.1,1.9,0.09,0.01,2897.7305,0,7.971683123387227,-2.9444389791664403,-1.7147984280919266,
417,142298864,Grp. A1 B6 (100% C1),602,0.171,0.0,0.0,0.0,0.5,0.2,0.5,0.08,0.01,2897.7305,0,7.971683123387227,-0.916290731874155,-1.8325814637483102,
418,142298860,Grp. A1 B6 (100% C1),602,0.171,0.0,0.0,0.0,0.5,0.2,0.5,0.07,0.01,2897.7305,0,7.971683123387227,-0.916290731874155,-1.9661128563728327,
419,142087593,Grp. A1 B6 (100% C1),602,0.171,0.0,0.0,0.0,0.5,0.1,1.5,0.03,0.01,2897.7305,0,7.971683123387227,-2.70805020110221,-2.8134107167600364,
420,142506732,Grp. A1 B6 (100% C1),602,0.171,0.0,0.0,0.0,0.5,0.3,0.1,0.06,0.01,2897.7305,0,7.971683123387227,1.0986122886681096,-2.120263536200091,
421,142506762,Grp. A1 B6 (100% C1),602,0.171,0.0,0.0,0.0,0.5,0.3,0.2,0.07,0.01,2897.7305,0,7.971683123387227,0.4054651081081642,-1.9661128563728327,
422,142506758,Grp. A1 B6 (100% C1),602,0.171,0.0,0.0,0.0,0.5,0.3,0.2,0.06,0.01,2897.7305,0,7.971683123387227,0.4054651081081642,-2.120263536200091,
423,142087069,Grp. A1 B6 (100% C1),602,0.171,0.0,0.0,0.0,0.5,0.1,0.2,0.02,0.01,2897.7305,0,7.971683123387227,-0.6931471805599453,-3.2188758248682006,
424,142087061,Grp. A1 B6 (100% C1),602,0.171,0.0,0.0,0.0,0.5,0.1,0.1,0.1,0.01,2897.7305,0,7.971683123387227,0.0,-1.6094379124341003,
425,142507198,Grp. A1 B6 (100% C1),602,0.171,0.0,0.0,0.0,0.5,0.3,1.3,0.09,0.01,2897.7305,0,7.971683123387227,-1.4663370687934272,-1.7147984280919266,
426,142507194,Grp. A1 B6 (100% C1),602,0.171,0.0,0.0,0.0,0.5,0.3,1.3,0.08,0.01,2897.7305,0,7.971683123387227,-1.4663370687934272,-1.8325814637483102,
427,142507190,Grp. A1 B6 (100% C1),602,0.171,0.0,0.0,0.0,0.5,0.3,1.3,0.07,0.01,2897.7305,0,7.971683123387227,-1.4663370687934272,-1.9661128563728327,
428,142507186,Grp. A1 B6 (100% C1),602,0.171,0.0,0.0,0.0,0.5,0.3,1.3,0.06,0.01,2897.7305,0,7.971683123387227,-1.4663370687934272,-2.120263536200091,
429,142909775,Grp. A1 B6 (100% C1),602,0.171,0.0,0.0,0.0,0.5,0.5,1.9,0.1,0.01,2897.7305,0,7.971683123387227,-1.3350010667323402,-1.6094379124341003,
430,142909735,Grp. A1 B6 (100% C1),602,0.171,0.0,0.0,0.0,0.5,0.5,1.8,0.1,0.01,2897.7305,0,7.971683123387227,-1.2809338454620642,-1.6094379124341003,
431,142507034,Grp. A1 B6 (100% C1),602,0.171,0.0,0.0,0.0,0.5,0.3,0.9,0.08,0.01,2897.7305,0,7.971683123387227,-1.0986122886681098,-1.8325814637483102,
432,142507030,Grp. A1 B6 (100% C1),602,0.171,0.0,0.0,0.0,0.5,0.3,0.9,0.07,0.01,2897.7305,0,7.971683123387227,-1.0986122886681098,-1.9661128563728327,
433,142507026,Grp. A1 B6 (100% C1),602,0.171,0.0,0.0,0.0,0.5,0.3,0.9,0.06,0.01,2897.7305,0,7.971683123387227,-1.0986122886681098,-2.120263536200091,
434,142909815,Grp. A1 B6 (100% C1),602,0.171,0.0,0.0,0.0,0.5,0.5,2.0,0.1,0.01,2897.7305,0,7.971683123387227,-1.3862943611198906,-1.6094379124341003,
435,142506736,Grp. A1 B6 (100% C1),602,0.171,0.0,0.0,0.0,0.5,0.3,0.1,0.07,0.01,2897.7305,0,7.971683123387227,1.0986122886681096,-1.9661128563728327,
436,142087789,Grp. A1 B6 (100% C1),602,0.171,0.0,0.0,0.0,0.5,0.1,2.0,0.02,0.01,2897.7305,0,7.971683123387227,-2.995732273553991,-3.2188758248682006,
437,142507070,Grp. A1 B6 (100% C1),602,0.171,0.0,0.0,0.0,0.5,0.3,1.0,0.07,0.01,2897.7305,0,7.971683123387227,-1.2039728043259361,-1.9661128563728327,
438,142507066,Grp. A1 B6 (100% C1),602,0.171,0.0,0.0,0.0,0.5,0.3,1.0,0.06,0.01,2897.7305,0,7.971683123387227,-1.2039728043259361,-2.120263536200091,
439,142507042,Grp. A1 B6 (100% C1),602,0.171,0.0,0.0,0.0,0.5,0.3,0.9,0.1,0.01,2897.7305,0,7.971683123387227,-1.0986122886681098,-1.6094379124341003,
440,142507038,Grp. A1 B6 (100% C1),602,0.171,0.0,0.0,0.0,0.5,0.3,0.9,0.09,0.01,2897.7305,0,7.971683123387227,-1.0986122886681098,-1.7147984280919266,
441,142087049,Grp. A1 B6 (100% C1),602,0.171,0.0,0.0,0.0,0.5,0.1,0.1,0.07,0.01,2897.7305,0,7.971683123387227,0.0,-1.9661128563728327,
442,142087045,Grp. A1 B6 (100% C1),602,0.171,0.0,0.0,0.0,0.5,0.1,0.1,0.06,0.01,2897.7305,0,7.971683123387227,0.0,-2.120263536200091,
443,142087041,Grp. A1 B6 (100% C1),602,0.171,0.0,0.0,0.0,0.5,0.1,0.1,0.05,0.01,2897.7305,0,7.971683123387227,0.0,-2.3025850929940455,
444,142909655,Grp. A1 B6 (100% C1),602,0.171,0.0,0.0,0.0,0.5,0.5,1.6,0.1,0.01,2897.7305,0,7.971683123387227,-1.1631508098056809,-1.6094379124341003,
445,142507202,Grp. A1 B6 (100% C1),602,0.171,0.0,0.0,0.0,0.5,0.3,1.3,0.1,0.01,2897.7305,0,7.971683123387227,-1.4663370687934272,-1.6094379124341003,
446,142506830,Grp. A1 B6 (100% C1),602,0.171,0.0,0.0,0.0,0.5,0.3,0.4,0.07,0.01,2897.7305,0,7.971683123387227,-0.28768207245178107,-1.9661128563728327,
447,142507082,Grp. A1 B6 (100% C1),602,0.171,0.0,0.0,0.0,0.5,0.3,1.0,0.1,0.01,2897.7305,0,7.971683123387227,-1.2039728043259361,-1.6094379124341003,
448,142507078,Grp. A1 B6 (100% C1),602,0.171,0.0,0.0,0.0,0.5,0.3,1.0,0.09,0.01,2897.7305,0,7.971683123387227,-1.2039728043259361,-1.7147984280919266,
449,142507074,Grp. A1 B6 (100% C1),602,0.171,0.0,0.0,0.0,0.5,0.3,1.0,0.08,0.01,2897.7305,0,7.971683123387227,-1.2039728043259361,-1.8325814637483102,
450,142087057,Grp. A1 B6 (100% C1),602,0.171,0.0,0.0,0.0,0.5,0.1,0.1,0.09,0.01,2897.7305,0,7.971683123387227,0.0,-1.7147984280919266,
451,142087053,Grp. A1 B6 (100% C1),602,0.171,0.0,0.0,0.0,0.5,0.1,0.1,0.08,0.01,2897.7305,0,7.971683123387227,0.0,-1.8325814637483102,
452,142507238,Grp. A1 B6 (100% C1),602,0.171,0.0,0.0,0.0,0.5,0.3,1.4,0.09,0.01,2897.7305,0,7.971683123387227,-1.5404450409471488,-1.7147984280919266,
453,142507466,Grp. A1 B6 (100% C1),602,0.171,0.0,0.0,0.0,0.5,0.3,2.0,0.06,0.01,2897.7305,0,7.971683123387227,-1.8971199848858813,-2.120263536200091,
454,142507322,Grp. A1 B6 (100% C1),602,0.171,0.0,0.0,0.0,0.5,0.3,1.6,0.1,0.01,2897.7305,0,7.971683123387227,-1.6739764335716716,-1.6094379124341003,
455,142507318,Grp. A1 B6 (100% C1),602,0.171,0.0,0.0,0.0,0.5,0.3,1.6,0.09,0.01,2897.7305,0,7.971683123387227,-1.6739764335716716,-1.7147984280919266,
456,142506990,Grp. A1 B6 (100% C1),602,0.171,0.0,0.0,0.0,0.5,0.3,0.8,0.07,0.01,2897.7305,0,7.971683123387227,-0.9808292530117264,-1.9661128563728327,
457,142506986,Grp. A1 B6 (100% C1),602,0.171,0.0,0.0,0.0,0.5,0.3,0.8,0.06,0.01,2897.7305,0,7.971683123387227,-0.9808292530117264,-2.120263536200091,
458,142909615,Grp. A1 B6 (100% C1),602,0.171,0.0,0.0,0.0,0.5,0.5,1.5,0.1,0.01,2897.7305,0,7.971683123387227,-1.0986122886681098,-1.6094379124341003,
459,142507274,Grp. A1 B6 (100% C1),602,0.171,0.0,0.0,0.0,0.5,0.3,1.5,0.08,0.01,2897.7305,0,7.971683123387227,-1.6094379124341005,-1.8325814637483102,
460,142507270,Grp. A1 B6 (100% C1),602,0.171,0.0,0.0,0.0,0.5,0.3,1.5,0.07,0.01,2897.7305,0,7.971683123387227,-1.6094379124341005,-1.9661128563728327,
461,142507266,Grp. A1 B6 (100% C1),602,0.171,0.0,0.0,0.0,0.5,0.3,1.5,0.06,0.01,2897.7305,0,7.971683123387227,-1.6094379124341005,-2.120263536200091,
462,142507002,Grp. A1 B6 (100% C1),602,0.171,0.0,0.0,0.0,0.5,0.3,0.8,0.1,0.01,2897.7305,0,7.971683123387227,-0.9808292530117264,-1.6094379124341003,
463,142506998,Grp. A1 B6 (100% C1),602,0.171,0.0,0.0,0.0,0.5,0.3,0.8,0.09,0.01,2897.7305,0,7.971683123387227,-0.9808292530117264,-1.7147984280919266,
464,142087589,Grp. A1 B6 (100% C1),602,0.171,0.0,0.0,0.0,0.5,0.1,1.5,0.02,0.01,2897.7305,0,7.971683123387227,-2.70805020110221,-3.2188758248682006,
465,142507242,Grp. A1 B6 (100% C1),602,0.171,0.0,0.0,0.0,0.5,0.3,1.4,0.1,0.01,2897.7305,0,7.971683123387227,-1.5404450409471488,-1.6094379124341003,
466,142506994,Grp. A1 B6 (100% C1),602,0.171,0.0,0.0,0.0,0.5,0.3,0.8,0.08,0.01,2897.7305,0,7.971683123387227,-0.9808292530117264,-1.8325814637483102,
467,142507106,Grp. A1 B6 (100% C1),602,0.171,0.0,0.0,0.0,0.5,0.3,1.1,0.06,0.01,2897.7305,0,7.971683123387227,-1.2992829841302609,-2.120263536200091,
468,142507362,Grp. A1 B6 (100% C1),602,0.171,0.0,0.0,0.0,0.5,0.3,1.7,0.1,0.01,2897.7305,0,7.971683123387227,-1.7346010553881064,-1.6094379124341003,
469,142507358,Grp. A1 B6 (100% C1),602,0.171,0.0,0.0,0.0,0.5,0.3,1.7,0.09,0.01,2897.7305,0,7.971683123387227,-1.7346010553881064,-1.7147984280919266,
470,142507354,Grp. A1 B6 (100% C1),602,0.171,0.0,0.0,0.0,0.5,0.3,1.7,0.08,0.01,2897.7305,0,7.971683123387227,-1.7346010553881064,-1.8325814637483102,
471,142507350,Grp. A1 B6 (100% C1),602,0.171,0.0,0.0,0.0,0.5,0.3,1.7,0.07,0.01,2897.7305,0,7.971683123387227,-1.7346010553881064,-1.9661128563728327,
472,142507346,Grp. A1 B6 (100% C1),602,0.171,0.0,0.0,0.0,0.5,0.3,1.7,0.06,0.01,2897.7305,0,7.971683123387227,-1.7346010553881064,-2.120263536200091,
473,142507426,Grp. A1 B6 (100% C1),602,0.171,0.0,0.0,0.0,0.5,0.3,1.9,0.06,0.01,2897.7305,0,7.971683123387227,-1.845826690498331,-2.120263536200091,
474,142507122,Grp. A1 B6 (100% C1),602,0.171,0.0,0.0,0.0,0.5,0.3,1.1,0.1,0.01,2897.7305,0,7.971683123387227,-1.2992829841302609,-1.6094379124341003,
475,142507118,Grp. A1 B6 (100% C1),602,0.171,0.0,0.0,0.0,0.5,0.3,1.1,0.09,0.01,2897.7305,0,7.971683123387227,-1.2992829841302609,-1.7147984280919266,
476,142507114,Grp. A1 B6 (100% C1),602,0.171,0.0,0.0,0.0,0.5,0.3,1.1,0.08,0.01,2897.7305,0,7.971683123387227,-1.2992829841302609,-1.8325814637483102,
477,142507110,Grp. A1 B6 (100% C1),602,0.171,0.0,0.0,0.0,0.5,0.3,1.1,0.07,0.01,2897.7305,0,7.971683123387227,-1.2992829841302609,-1.9661128563728327,
478,142909695,Grp. A1 B6 (100% C1),602,0.171,0.0,0.0,0.0,0.5,0.5,1.7,0.1,0.01,2897.7305,0,7.971683123387227,-1.2237754316221157,-1.6094379124341003,
479,142507442,Grp. A1 B6 (100% C1),602,0.171,0.0,0.0,0.0,0.5,0.3,1.9,0.1,0.01,2897.7305,0,7.971683123387227,-1.845826690498331,-1.6094379124341003,
480,142507230,Grp. A1 B6 (100% C1),602,0.171,0.0,0.0,0.0,0.5,0.3,1.4,0.07,0.01,2897.7305,0,7.971683123387227,-1.5404450409471488,-1.9661128563728327,
481,142087821,Grp. A1 B6 (100% C1),602,0.171,0.0,0.0,0.0,0.5,0.1,2.0,0.1,0.01,2897.7305,0,7.971683123387227,-2.995732273553991,-1.6094379124341003,
482,142087817,Grp. A1 B6 (100% C1),602,0.171,0.0,0.0,0.0,0.5,0.1,2.0,0.09,0.01,2897.7305,0,7.971683123387227,-2.995732273553991,-1.7147984280919266,
483,142087813,Grp. A1 B6 (100% C1),602,0.171,0.0,0.0,0.0,0.5,0.1,2.0,0.08,0.01,2897.7305,0,7.971683123387227,-2.995732273553991,-1.8325814637483102,
484,142298908,Grp. A1 B6 (100% C1),602,0.171,0.0,0.0,0.0,0.5,0.2,0.6,0.09,0.01,2897.7305,0,7.971683123387227,-1.0986122886681096,-1.7147984280919266,
485,142298904,Grp. A1 B6 (100% C1),602,0.171,0.0,0.0,0.0,0.5,0.2,0.6,0.08,0.01,2897.7305,0,7.971683123387227,-1.0986122886681096,-1.8325814637483102,
486,142298900,Grp. A1 B6 (100% C1),602,0.171,0.0,0.0,0.0,0.5,0.2,0.6,0.07,0.01,2897.7305,0,7.971683123387227,-1.0986122886681096,-1.9661128563728327,
487,142298896,Grp. A1 B6 (100% C1),602,0.171,0.0,0.0,0.0,0.5,0.2,0.6,0.06,0.01,2897.7305,0,7.971683123387227,-1.0986122886681096,-2.120263536200091,
488,142298892,Grp. A1 B6 (100% C1),602,0.171,0.0,0.0,0.0,0.5,0.2,0.6,0.05,0.01,2897.7305,0,7.971683123387227,-1.0986122886681096,-2.3025850929940455,
489,142298888,Grp. A1 B6 (100% C1),602,0.171,0.0,0.0,0.0,0.5,0.2,0.6,0.04,0.01,2897.7305,0,7.971683123387227,-1.0986122886681096,-2.5257286443082556,
490,142298872,Grp. A1 B6 (100% C1),602,0.171,0.0,0.0,0.0,0.5,0.2,0.5,0.1,0.01,2897.7305,0,7.971683123387227,-0.916290731874155,-1.6094379124341003,
491,142298868,Grp. A1 B6 (100% C1),602,0.171,0.0,0.0,0.0,0.5,0.2,0.5,0.09,0.01,2897.7305,0,7.971683123387227,-0.916290731874155,-1.7147984280919266,
492,142507310,Grp. A1 B6 (100% C1),602,0.171,0.0,0.0,0.0,0.5,0.3,1.6,0.07,0.01,2897.7305,0,7.971683123387227,-1.6739764335716716,-1.9661128563728327,
493,142507226,Grp. A1 B6 (100% C1),602,0.171,0.0,0.0,0.0,0.5,0.3,1.4,0.06,0.01,2897.7305,0,7.971683123387227,-1.5404450409471488,-2.120263536200091,
494,142507234,Grp. A1 B6 (100% C1),602,0.171,0.0,0.0,0.0,0.5,0.3,1.4,0.08,0.01,2897.7305,0,7.971683123387227,-1.5404450409471488,-1.8325814637483102,
495,142909575,Grp. A1 B6 (100% C1),602,0.171,0.0,0.0,0.0,0.5,0.5,1.4,0.1,0.01,2897.7305,0,7.971683123387227,-1.0296194171811581,-1.6094379124341003,
496,142507278,Grp. A1 B6 (100% C1),602,0.171,0.0,0.0,0.0,0.5,0.3,1.5,0.09,0.01,2897.7305,0,7.971683123387227,-1.6094379124341005,-1.7147984280919266,
497,142507282,Grp. A1 B6 (100% C1),602,0.171,0.0,0.0,0.0,0.5,0.3,1.5,0.1,0.01,2897.7305,0,7.971683123387227,-1.6094379124341005,-1.6094379124341003,
498,142507314,Grp. A1 B6 (100% C1),602,0.171,0.0,0.0,0.0,0.5,0.3,1.6,0.08,0.01,2897.7305,0,7.971683123387227,-1.6739764335716716,-1.8325814637483102,
499,142507306,Grp. A1 B6 (100% C1),602,0.171,0.0,0.0,0.0,0.5,0.3,1.6,0.06,0.01,2897.7305,0,7.971683123387227,-1.6739764335716716,-2.120263536200091,
0,6101458,Grp. A1 B6 (100% C1),609,0.171,0.0,0.0,0.0,0.04,0.7,0.6,0.01,0.01,1197.924,0,7.088345337597944,0.15415067982725836,-1.3862943611198906,
1,4271681,Grp. A1 B6 (100% C1),609,0.171,0.0,0.0,0.0,0.02,1.9,1.7,0.02,0.01,2366.734,0,7.769266224660809,0.1112256351102244,0.0,
2,7978639,Grp. A1 B6 (100% C1),609,0.166,0.0,0.0,0.0,0.04,1.5,1.6,0.01,0.01,2579.6724,0,7.855417693109247,-0.06453852113757118,-1.3862943611198906,
3,12819627,Grp. A1 B6 (100% C1),609,0.166,0.0,0.0,0.0,0.06,1.5,1.8,0.01,0.01,2991.6194,0,8.00357012512066,-0.1823215567939547,-1.791759469228055,
4,8236394,Grp. A1 B6 (100% C1),609,0.171,0.0,0.0,0.0,0.04,1.6,1.7,0.01,0.01,3016.6545,0,8.011903714868557,-0.060624621816434736,-1.3862943611198906,
5,17477084,Grp. A1 B6 (100% C1),609,0.166,0.0,0.0,0.0,0.08,1.4,1.9,0.01,0.01,3284.2998,0,8.096908757513944,-0.3053816495511819,-2.0794415416798357,
6,12310674,Grp. A1 B6 (100% C1),609,0.171,0.0,0.0,0.0,0.06,1.3,1.5,0.01,0.01,3309.1633,0,8.104450656960804,-0.1431008436406733,-1.791759469228055,
7,40522443,Grp. A1 B6 (100% C1),609,0.171,0.0,0.0,0.0,0.1,0.4,0.4,0.01,0.01,3323.722,0,8.108840518302115,0.0,-2.302585092994046,
8,11588380,Grp. A1 B6 (100% C1),609,0.171,0.0,0.0,0.0,0.06,1.0,1.1,0.01,0.01,3378.7676,0,8.125266306604097,-0.0953101798043249,-1.791759469228055,
9,42129099,Grp. A1 B6 (100% C1),609,0.171,0.0,0.0,0.0,0.1,1.1,1.6,0.01,0.01,3390.9824,0,8.128874951902791,-0.3746934494414107,-2.302585092994046,
10,13084807,Grp. A1 B6 (100% C1),609,0.171,0.0,0.0,0.0,0.06,1.6,1.9,0.01,0.01,3401.242,0,8.131895938018248,-0.17185025692665915,-1.791759469228055,
11,16970454,Grp. A1 B6 (100% C1),609,0.166,0.0,0.0,0.0,0.08,1.2,1.6,0.01,0.01,3431.9766,0,8.14089164240279,-0.28768207245178107,-2.0794415416798357,
12,41885842,Grp. A1 B6 (100% C1),609,0.166,0.0,0.0,0.0,0.1,1.0,1.5,0.01,0.01,3512.7075,0,8.164142386630253,-0.40546510810816444,-2.302585092994046,
13,12063760,Grp. A1 B6 (100% C1),609,0.166,0.0,0.0,0.0,0.06,1.2,1.4,0.01,0.01,3574.7114,0,8.181639724596758,-0.15415067982725822,-1.791759469228055,
14,17740721,Grp. A1 B6 (100% C1),609,0.171,0.0,0.0,0.0,0.08,1.5,2.0,0.01,0.01,3580.366,0,8.183220308806014,-0.2876820724517809,-2.0794415416798357,
15,17220896,Grp. A1 B6 (100% C1),609,0.171,0.0,0.0,0.0,0.08,1.3,1.7,0.01,0.01,3598.698,0,8.188327392360373,-0.26826398659467926,-2.0794415416798357,
16,16726874,Grp. A1 B6 (100% C1),609,0.171,0.0,0.0,0.0,0.08,1.1,1.4,0.01,0.01,3615.9868,0,8.193120071062927,-0.24116205681688796,-2.0794415416798357,
17,16252826,Grp. A1 B6 (100% C1),609,0.171,0.0,0.0,0.0,0.08,0.9,1.1,0.01,0.01,3648.7441,0,8.202138305174897,-0.20067069546215124,-2.0794415416798357,
18,21723891,Grp. A1 B6 (100% C1),609,0.171,0.0,0.0,0.0,0.12,1.1,1.9,0.01,0.01,3657.628,0,8.204570128864278,-0.5465437063680699,-2.4849066497880004,
19,21479238,Grp. A1 B6 (100% C1),609,0.171,0.0,0.0,0.0,0.12,1.0,1.7,0.01,0.01,3697.1042,0,8.21530514355432,-0.5306282510621704,-2.4849066497880004,
20,8773033,Grp. A1 B6 (100% C1),609,0.166,0.0,0.0,0.0,0.04,1.8,1.8,0.02,0.01,3714.6316,0,8.220034786689544,0.0,-0.6931471805599453,
21,21238122,Grp. A1 B6 (100% C1),609,0.166,0.0,0.0,0.0,0.12,0.9,1.6,0.01,0.01,3720.3271,0,8.221566873509094,-0.5753641449035618,-2.4849066497880004,
22,6545522,Grp. A1 B6 (100% C1),609,0.166,0.0,0.0,0.0,0.04,0.9,0.7,0.02,0.01,3748.678,0,8.22915852347664,0.25131442828090617,-0.6931471805599453,
23,21238717,Grp. A1 B6 (100% C1),609,0.171,0.0,0.0,0.0,0.12,0.9,1.5,0.01,0.01,3755.4094,0,8.230952586217835,-0.5108256237659907,-2.4849066497880004,
24,21478692,Grp. A1 B6 (100% C1),609,0.166,0.0,0.0,0.0,0.12,1.0,1.8,0.01,0.01,3763.67,0,8.233149824173166,-0.587786664902119,-2.4849066497880004,
25,2761606,Grp. A1 B6 (100% C1),609,0.166,0.0,0.0,0.0,0.02,1.3,1.2,0.01,0.01,3786.0374,0,8.239075210220212,0.08004270767353656,-0.6931471805599453,
26,42128586,Grp. A1 B6 (100% C1),609,0.166,0.0,0.0,0.0,0.1,1.1,1.7,0.01,0.01,3833.966,0,8.251655055543315,-0.4353180712578455,-2.302585092994046,
27,21003582,Grp. A1 B6 (100% C1),609,0.171,0.0,0.0,0.0,0.12,0.8,1.3,0.01,0.01,3841.794,0,8.25369472398367,-0.48550781578170077,-2.4849066497880004,
28,26313833,Grp. A1 B6 (100% C1),609,0.171,0.0,0.0,0.0,0.14,0.9,1.8,0.01,0.01,3876.005,0,8.262560262999505,-0.6931471805599453,-2.639057329615259,
29,41416269,Grp. A1 B6 (100% C1),609,0.171,0.0,0.0,0.0,0.1,0.8,1.1,0.01,0.01,3877.1238,0,8.262848869067229,-0.3184537311185346,-2.302585092994046,
30,15797698,Grp. A1 B6 (100% C1),609,0.171,0.0,0.0,0.0,0.08,0.7,0.8,0.01,0.01,3887.8127,0,8.26560199055162,-0.13353139262452274,-2.0794415416798357,
31,26313294,Grp. A1 B6 (100% C1),609,0.166,0.0,0.0,0.0,0.14,0.9,2.0,0.01,0.01,3916.961,0,8.273071377016826,-0.7985076962177716,-2.639057329615259,
32,21723401,Grp. A1 B6 (100% C1),609,0.166,0.0,0.0,0.0,0.12,1.1,2.0,0.01,0.01,3930.975,0,8.276642765696728,-0.5978370007556204,-2.4849066497880004,
33,21002944,Grp. A1 B6 (100% C1),609,0.166,0.0,0.0,0.0,0.12,0.8,1.4,0.01,0.01,3943.9421,0,8.279936035087383,-0.5596157879354225,-2.4849066497880004,
34,25615575,Grp. A1 B6 (100% C1),609,0.166,0.0,0.0,0.0,0.14,0.6,1.2,0.01,0.01,3963.2014,0,8.284807411984932,-0.6931471805599453,-2.639057329615259,
35,20773029,Grp. A1 B6 (100% C1),609,0.171,0.0,0.0,0.0,0.12,0.7,1.1,0.01,0.01,3971.2993,0,8.28684859973393,-0.45198512374305744,-2.4849066497880004,
36,3000800,Grp. A1 B6 (100% C1),609,0.171,0.0,0.0,0.0,0.02,1.4,1.3,0.01,0.01,3972.6814,0,8.287196561307889,0.07410797215372183,-0.6931471805599453,
37,30953733,Grp. A1 B6 (100% C1),609,0.171,0.0,0.0,0.0,0.16,0.7,1.7,0.01,0.01,4001.601,0,8.294449810023364,-0.8873031950009028,-2.772588722239781,
38,30724331,Grp. A1 B6 (100% C1),609,0.171,0.0,0.0,0.0,0.16,0.6,1.4,0.01,0.01,4004.7004,0,8.295224050212429,-0.8472978603872036,-2.772588722239781,
39,40741195,Grp. A1 B6 (100% C1),609,0.166,0.0,0.0,0.0,0.1,0.5,0.6,0.01,0.01,4004.979,0,8.29529361604302,-0.1823215567939546,-2.302585092994046,
40,18010953,Grp. A1 B6 (100% C1),609,0.166,0.0,0.0,0.0,0.08,1.6,2.0,0.02,0.01,4016.562,0,8.298181591819887,-0.2231435513142097,-1.3862943611198906,
41,25616272,Grp. A1 B6 (100% C1),609,0.171,0.0,0.0,0.0,0.14,0.6,1.1,0.01,0.01,4019.505,0,8.298914039703055,-0.6061358035703156,-2.639057329615259,
42,26076989,Grp. A1 B6 (100% C1),609,0.171,0.0,0.0,0.0,0.14,0.8,1.6,0.01,0.01,4026.2498,0,8.300590650971394,-0.6931471805599453,-2.639057329615259,
43,31187078,Grp. A1 B6 (100% C1),609,0.171,0.0,0.0,0.0,0.16,0.8,2.0,0.01,0.01,4032.9375,0,8.302250297604761,-0.916290731874155,-2.772588722239781,
44,25843969,Grp. A1 B6 (100% C1),609,0.166,0.0,0.0,0.0,0.14,0.7,1.5,0.01,0.01,4043.3987,0,8.304840879668575,-0.7621400520468968,-2.639057329615259,
45,30953158,Grp. A1 B6 (100% C1),609,0.166,0.0,0.0,0.0,0.16,0.7,2.0,0.01,0.01,4044.114,0,8.305017769654013,-1.0498221244986778,-2.772588722239781,
46,25168393,Grp. A1 B6 (100% C1),609,0.171,0.0,0.0,0.0,0.14,0.4,0.6,0.01,0.01,4047.6895,0,8.305901503479904,-0.4054651081081643,-2.639057329615259,
47,30498131,Grp. A1 B6 (100% C1),609,0.171,0.0,0.0,0.0,0.16,0.5,1.1,0.01,0.01,4098.6455,0,8.31841183225592,-0.7884573603642702,-2.772588722239781,
48,35848110,Grp. A1 B6 (100% C1),609,0.171,0.0,0.0,0.0,0.18,0.6,2.0,0.01,0.01,4100.8496,0,8.318949450737597,-1.2039728043259361,-2.8903717578961645,
49,22230934,Grp. A1 B6 (100% C1),609,0.171,0.0,0.0,0.0,0.12,1.3,2.0,0.02,0.01,4158.5835,0,8.332929790462691,-0.4307829160924542,-1.791759469228055,
50,30497451,Grp. A1 B6 (100% C1),609,0.166,0.0,0.0,0.0,0.16,0.5,1.3,0.01,0.01,4169.543,0,8.33556171646103,-0.9555114450274365,-2.772588722239781,
51,20546366,Grp. A1 B6 (100% C1),609,0.171,0.0,0.0,0.0,0.12,0.6,0.9,0.01,0.01,4170.8833,0,8.335883114903586,-0.40546510810816444,-2.4849066497880004,
52,35620728,Grp. A1 B6 (100% C1),609,0.166,0.0,0.0,0.0,0.18,0.5,2.0,0.01,0.01,4199.486,0,8.342717415829918,-1.3862943611198906,-2.8903717578961645,
53,42629816,Grp. A1 B6 (100% C1),609,0.166,0.0,0.0,0.0,0.1,1.3,1.8,0.02,0.01,4208.596,0,8.344884379369248,-0.325422400434628,-1.6094379124341005,
54,30723681,Grp. A1 B6 (100% C1),609,0.166,0.0,0.0,0.0,0.16,0.6,1.6,0.01,0.01,4239.1016,0,8.352106638982372,-0.9808292530117264,-2.772588722239781,
55,30723721,Grp. A1 B6 (100% C1),609,0.166,0.0,0.0,0.0,0.16,0.6,1.7,0.01,0.01,4256.767,0,8.356265230949912,-1.041453874828161,-2.772588722239781,
56,35396967,Grp. A1 B6 (100% C1),609,0.171,0.0,0.0,0.0,0.18,0.4,1.1,0.01,0.01,4257.5215,0,8.356442462436013,-1.0116009116784799,-2.8903717578961645,
57,66308290,Grp. A1 B6 (100% C1),609,0.171,0.0,0.0,0.0,0.2,0.4,1.9,0.01,0.01,4262.78,0,8.357676808583895,-1.5581446180465497,-2.9957322735539913,
58,21974333,Grp. A1 B6 (100% C1),609,0.171,0.0,0.0,0.0,0.12,1.2,1.8,0.02,0.01,4279.166,0,8.36151340977512,-0.40546510810816444,-1.791759469228055,
59,26076365,Grp. A1 B6 (100% C1),609,0.166,0.0,0.0,0.0,0.14,0.8,1.7,0.01,0.01,4281.738,0,8.362114280916153,-0.7537718023763801,-2.639057329615259,
60,35621283,Grp. A1 B6 (100% C1),609,0.171,0.0,0.0,0.0,0.18,0.5,1.5,0.01,0.01,4282.4976,0,8.362291669777802,-1.0986122886681098,-2.8903717578961645,
61,25844593,Grp. A1 B6 (100% C1),609,0.171,0.0,0.0,0.0,0.14,0.7,1.3,0.01,0.01,4284.261,0,8.362703354081573,-0.6190392084062235,-2.639057329615259,
62,26554555,Grp. A1 B6 (100% C1),609,0.166,0.0,0.0,0.0,0.14,1.0,1.9,0.02,0.01,4297.0913,0,8.365693630931167,-0.6418538861723948,-1.9459101490553135,
63,16487026,Grp. A1 B6 (100% C1),609,0.166,0.0,0.0,0.0,0.08,1.0,1.3,0.01,0.01,4301.532,0,8.366726517299105,-0.2623642644674911,-2.0794415416798357,
64,30273564,Grp. A1 B6 (100% C1),609,0.166,0.0,0.0,0.0,0.16,0.4,0.9,0.01,0.01,4305.286,0,8.367598849033795,-0.8109302162163287,-2.772588722239781,
65,35621323,Grp. A1 B6 (100% C1),609,0.171,0.0,0.0,0.0,0.18,0.5,1.6,0.01,0.01,4307.2925,0,8.368064795448403,-1.1631508098056809,-2.8903717578961645,
66,42630219,Grp. A1 B6 (100% C1),609,0.171,0.0,0.0,0.0,0.1,1.3,1.7,0.02,0.01,4312.4985,0,8.369272713513467,-0.26826398659467926,-1.6094379124341005,
67,26076405,Grp. A1 B6 (100% C1),609,0.166,0.0,0.0,0.0,0.14,0.8,1.8,0.01,0.01,4320.4453,0,8.371113754629615,-0.8109302162163287,-2.639057329615259,
68,35396351,Grp. A1 B6 (100% C1),609,0.166,0.0,0.0,0.0,0.18,0.4,1.5,0.01,0.01,4322.2275,0,8.371526173349265,-1.3217558399823195,-2.8903717578961645,
69,66308330,Grp. A1 B6 (100% C1),609,0.171,0.0,0.0,0.0,0.2,0.4,2.0,0.01,0.01,4329.783,0,8.373272704267272,-1.6094379124341003,-2.9957322735539913,
70,35396311,Grp. A1 B6 (100% C1),609,0.166,0.0,0.0,0.0,0.18,0.4,1.4,0.01,0.01,4341.1104,0,8.375885446904334,-1.2527629684953678,-2.8903717578961645,
71,17477008,Grp. A1 B6 (100% C1),609,0.166,0.0,0.0,0.0,0.08,1.4,1.7,0.02,0.01,4362.758,0,8.380859705163104,-0.1941560144409575,-1.3862943611198906,
72,31424528,Grp. A1 B6 (100% C1),609,0.171,0.0,0.0,0.0,0.16,0.9,1.9,0.02,0.01,4367.363,0,8.381914673456693,-0.747214401830221,-2.0794415416798357,
73,66083320,Grp. A1 B6 (100% C1),609,0.166,0.0,0.0,0.0,0.2,0.3,2.0,0.01,0.01,4374.247,0,8.383489669692636,-1.8971199848858813,-2.9957322735539913,
74,41648393,Grp. A1 B6 (100% C1),609,0.166,0.0,0.0,0.0,0.1,0.9,1.3,0.01,0.01,4380.069,0,8.384819756671066,-0.3677247801253174,-2.302585092994046,
75,42376967,Grp. A1 B6 (100% C1),609,0.171,0.0,0.0,0.0,0.1,1.2,1.8,0.01,0.01,4385.365,0,8.386028139654597,-0.40546510810816444,-2.302585092994046,
76,35848070,Grp. A1 B6 (100% C1),609,0.171,0.0,0.0,0.0,0.18,0.6,1.9,0.01,0.01,4395.5054,0,8.388337797819656,-1.1526795099383855,-2.8903717578961645,
77,66308250,Grp. A1 B6 (100% C1),609,0.171,0.0,0.0,0.0,0.2,0.4,1.8,0.01,0.01,4395.678,0,8.388377064433072,-1.504077396776274,-2.9957322735539913,
78,40962818,Grp. A1 B6 (100% C1),609,0.166,0.0,0.0,0.0,0.1,0.6,0.8,0.01,0.01,4404.4175,0,8.39036329353097,-0.28768207245178107,-2.302585092994046,
79,45116513,Grp. A1 B6 (100% C1),609,0.171,0.0,0.0,0.0,0.22,0.2,1.9,0.01,0.01,4431.4805,0,8.396489005852851,-2.251291798606495,-3.0910424533583156,
80,45116473,Grp. A1 B6 (100% C1),609,0.171,0.0,0.0,0.0,0.22,0.2,1.8,0.01,0.01,4433.921,0,8.397039573147891,-2.197224577336219,-3.0910424533583156,
81,45116553,Grp. A1 B6 (100% C1),609,0.171,0.0,0.0,0.0,0.22,0.2,2.0,0.01,0.01,4437.4043,0,8.397824867353934,-2.3025850929940455,-3.0910424533583156,
82,30274302,Grp. A1 B6 (100% C1),609,0.171,0.0,0.0,0.0,0.16,0.4,0.8,0.01,0.01,4441.495,0,8.398746310463315,-0.6931471805599453,-2.772588722239781,
83,45116433,Grp. A1 B6 (100% C1),609,0.171,0.0,0.0,0.0,0.22,0.2,1.7,0.01,0.01,4448.0723,0,8.400226090294717,-2.1400661634962708,-3.0910424533583156,
84,66083788,Grp. A1 B6 (100% C1),609,0.171,0.0,0.0,0.0,0.2,0.3,1.2,0.01,0.01,4455.5806,0,8.401912656890275,-1.3862943611198906,-2.9957322735539913,
85,35173727,Grp. A1 B6 (100% C1),609,0.166,0.0,0.0,0.0,0.18,0.3,0.9,0.01,0.01,4459.355,0,8.402759415721716,-1.0986122886681098,-2.8903717578961645,
86,4004521,Grp. A1 B6 (100% C1),609,0.166,0.0,0.0,0.0,0.02,1.8,1.6,0.02,0.01,4461.705,0,8.40328625895657,0.11778303565638346,0.0,
87,35620688,Grp. A1 B6 (100% C1),609,0.166,0.0,0.0,0.0,0.18,0.5,1.9,0.01,0.01,4462.246,0,8.403407505700454,-1.3350010667323402,-2.8903717578961645,
88,66083280,Grp. A1 B6 (100% C1),609,0.166,0.0,0.0,0.0,0.2,0.3,1.9,0.01,0.01,4463.358,0,8.40365667651416,-1.845826690498331,-2.9957322735539913,
89,21723775,Grp. A1 B6 (100% C1),609,0.171,0.0,0.0,0.0,0.12,1.1,1.6,0.02,0.01,4465.443,0,8.404123704514426,-0.3746934494414107,-1.791759469228055,
90,45116393,Grp. A1 B6 (100% C1),609,0.171,0.0,0.0,0.0,0.22,0.2,1.6,0.01,0.01,4478.666,0,8.407080513210238,-2.0794415416798357,-3.0910424533583156,
91,20322959,Grp. A1 B6 (100% C1),609,0.171,0.0,0.0,0.0,0.12,0.5,0.7,0.01,0.01,4503.179,0,8.412538870788437,-0.3364722366212129,-2.4849066497880004,
92,31186922,Grp. A1 B6 (100% C1),609,0.171,0.0,0.0,0.0,0.16,0.8,1.6,0.02,0.01,4521.7607,0,8.41665673237529,-0.6931471805599453,-2.0794415416798357,
93,31186390,Grp. A1 B6 (100% C1),609,0.166,0.0,0.0,0.0,0.16,0.8,1.9,0.02,0.01,4521.9463,0,8.416697777490977,-0.8649974374866044,-2.0794415416798357,
94,26555037,Grp. A1 B6 (100% C1),609,0.171,0.0,0.0,0.0,0.14,1.0,1.7,0.02,0.01,4522.7773,0,8.416881531033725,-0.5306282510621704,-1.9459101490553135,
95,36078263,Grp. A1 B6 (100% C1),609,0.171,0.0,0.0,0.0,0.18,0.7,1.8,0.02,0.01,4524.0522,0,8.417163375630983,-0.9444616088408515,-2.197224577336219,
96,24946738,Grp. A1 B6 (100% C1),609,0.166,0.0,0.0,0.0,0.14,0.3,0.4,0.01,0.01,4524.1025,0,8.417174493920108,-0.28768207245178107,-2.639057329615259,
97,66083748,Grp. A1 B6 (100% C1),609,0.171,0.0,0.0,0.0,0.2,0.3,1.1,0.01,0.01,4526.357,0,8.41767270067892,-1.2992829841302609,-2.9957322735539913,
98,45116353,Grp. A1 B6 (100% C1),609,0.171,0.0,0.0,0.0,0.22,0.2,1.5,0.01,0.01,4532.497,0,8.419028280742411,-2.0149030205422647,-3.0910424533583156,
99,45341212,Grp. A1 B6 (100% C1),609,0.171,0.0,0.0,0.0,0.22,0.3,1.7,0.02,0.01,4534.213,0,8.419406808349557,-1.7346010553881064,-2.3978952727983707,
0,57741945,Grp. A2 B6 (80% C1; 20% C11),431,0.166,0.141,-0.595,0.76,0.26,1.2,1.5,0.04,0.01,445.29437,0,6.098735569085818,-0.22314355131420985,-1.8718021769015913,0.2447570277347471
1,57740920,Grp. A2 B6 (80% C1; 20% C11),431,0.166,0.142,-0.595,0.76,0.26,1.2,1.5,0.04,0.01,445.3852,0,6.098939525712588,-0.22314355131420985,-1.8718021769015913,0.2447570277347471
2,57742629,Grp. A2 B6 (80% C1; 20% C11),431,0.166,0.142,-0.575,0.735,0.26,1.2,1.5,0.04,0.01,445.5723,0,6.099359523305627,-0.22314355131420985,-1.8718021769015913,0.24550045841548637
3,57731113,Grp. A2 B6 (80% C1; 20% C11),431,0.166,0.127,-0.24,0.305,0.26,1.2,1.5,0.04,0.01,445.696,0,6.099637105265614,-0.22314355131420985,-1.8718021769015913,0.23967285326542026
4,57741604,Grp. A2 B6 (80% C1; 20% C11),431,0.166,0.141,-0.59,0.755,0.26,1.2,1.5,0.04,0.01,446.35162,0,6.101107027057566,-0.22314355131420985,-1.8718021769015913,0.24659521234925968
5,57742970,Grp. A2 B6 (80% C1; 20% C11),431,0.166,0.141,-0.57,0.73,0.26,1.2,1.5,0.04,0.01,446.65887,0,6.101795148900623,-0.22314355131420985,-1.8718021769015913,0.24740817331384096
6,57717093,Grp. A2 B6 (80% C1; 20% C11),431,0.166,0.142,-0.07,0.065,0.26,1.2,1.5,0.04,0.01,446.96198,0,6.102473535067697,-0.22314355131420985,-1.8718021769015913,-0.07410797215372196
7,33128536,Grp. A2 B6 (80% C1; 20% C11),431,0.166,0.142,-0.075,0.07,0.16,1.6,1.8,0.03,0.01,447.81894,0,6.104388998937926,-0.11778303565638339,-1.6739764335716716,-0.06899287148695131
8,69739105,Grp. A2 B6 (80% C1; 20% C11),431,0.166,0.141,-0.15,0.3,0.2,1.8,2.0,0.05,0.01,450.86813,0,6.1111749020685275,-0.10536051565782628,-1.3862943611198906,0.6931471805599453
9,57733822,Grp. A2 B6 (80% C1; 20% C11),431,0.166,0.142,-0.255,0.32,0.26,1.2,1.5,0.04,0.01,450.9736,0,6.11140880120398,-0.22314355131420985,-1.8718021769015913,0.22705745063534608
10,33127635,Grp. A2 B6 (80% C1; 20% C11),431,0.166,0.141,-0.075,0.07,0.16,1.6,1.8,0.03,0.01,451.5611,0,6.112710690390025,-0.11778303565638339,-1.6739764335716716,-0.06899287148695131
11,61312082,Grp. A2 B6 (80% C1; 20% C11),431,0.166,0.142,-0.08,0.07,0.28,0.5,0.6,0.02,0.01,452.20578,0,6.114137341717068,-0.1823215567939546,-2.639057329615259,-0.1335313926245225
12,57730771,Grp. A2 B6 (80% C1; 20% C11),431,0.166,0.127,-0.245,0.31,0.26,1.2,1.5,0.04,0.01,452.49194,0,6.114769950826647,-0.22314355131420985,-1.8718021769015913,0.235314086934465
13,38533631,Grp. A2 B6 (80% C1; 20% C11),431,0.166,0.141,-0.095,0.13,0.18,1.7,1.9,0.04,0.01,453.34592,0,6.116655454382438,-0.11122563511022437,-1.504077396776274,0.3136575588550416
14,58774311,Grp. A2 B6 (80% C1; 20% C11),431,0.171,0.141,-0.13,0.36,0.26,1.6,1.9,0.05,0.01,453.3473,0,6.116658498410936,-0.17185025692665915,-1.6486586255873816,1.0185695809945732
15,69739003,Grp. A2 B6 (80% C1; 20% C11),431,0.166,0.141,-0.155,0.31,0.2,1.8,2.0,0.05,0.01,453.50574,0,6.117007926586447,-0.10536051565782628,-1.3862943611198906,0.6931471805599453
16,61325868,Grp. A2 B6 (80% C1; 20% C11),431,0.166,0.141,-0.08,0.07,0.28,0.5,0.6,0.02,0.01,454.4093,0,6.1189983337468,-0.1823215567939546,-2.639057329615259,-0.1335313926245225
17,57022652,Grp. A2 B6 (80% C1; 20% C11),431,0.166,0.141,-0.095,0.135,0.26,0.9,1.1,0.03,0.01,455.23254,0,6.120808365318697,-0.20067069546215124,-2.1594842493533726,0.3513978868378886
18,58505237,Grp. A2 B6 (80% C1; 20% C11),431,0.166,0.141,-0.09,0.08,0.26,1.5,1.9,0.05,0.01,460.92566,0,6.133236771858667,-0.2363887780642304,-1.6486586255873816,-0.11778303565638339
19,32577130,Grp. A2 B6 (80% C1; 20% C11),431,0.166,0.141,-0.155,0.31,0.16,1.4,1.5,0.03,0.01,462.84537,0,6.137393024222397,-0.06899287148695156,-1.6739764335716716,0.6931471805599453
20,69739207,Grp. A2 B6 (80% C1; 20% C11),431,0.166,0.142,-0.15,0.3,0.2,1.8,2.0,0.05,0.01,463.4562,0,6.13871188215878,-0.10536051565782628,-1.3862943611198906,0.6931471805599453
21,57734165,Grp. A2 B6 (80% C1; 20% C11),431,0.166,0.141,-0.25,0.315,0.26,1.2,1.5,0.04,0.01,463.89325,0,6.13965446110215,-0.22314355131420985,-1.8718021769015913,0.23111172096338664
22,62660892,Grp. A2 B6 (80% C1; 20% C11),431,0.166,0.142,-0.06,0.055,0.28,1.1,1.4,0.04,0.01,464.77386,0,6.141550964713531,-0.24116205681688796,-1.9459101490553135,-0.08701137698962969
23,48704674,Grp. A2 B6 (80% C1; 20% C11),431,0.166,0.127,-0.59,0.695,0.22,1.7,2.0,0.05,0.01,465.21707,0,6.142504113866404,-0.16251892949777494,-1.4816045409242153,0.16378930866502697
24,58772317,Grp. A2 B6 (80% C1; 20% C11),431,0.166,0.142,-0.145,0.29,0.26,1.6,2.0,0.05,0.01,465.52887,0,6.143174114128052,-0.2231435513142097,-1.6486586255873816,0.6931471805599453
25,52043737,Grp. A2 B6 (80% C1; 20% C11),431,0.166,0.142,-0.055,0.055,0.24,1.0,1.2,0.03,0.01,465.56927,0,6.143260893379969,-0.1823215567939546,-2.0794415416798357,0.0
26,48705269,Grp. A2 B6 (80% C1; 20% C11),431,0.166,0.127,-0.585,0.69,0.22,1.7,2.0,0.05,0.01,465.78378,0,6.143721535032011,-0.16251892949777494,-1.4816045409242153,0.1650797503594486
27,32571654,Grp. A2 B6 (80% C1; 20% C11),431,0.166,0.141,-0.045,0.045,0.16,1.4,1.5,0.03,0.01,465.96576,0,6.144112155031274,-0.06899287148695156,-1.6739764335716716,0.0
28,58506586,Grp. A2 B6 (80% C1; 20% C11),431,0.166,0.142,-0.095,0.085,0.26,1.5,1.9,0.05,0.01,467.65012,0,6.1477204094826865,-0.2363887780642304,-1.6486586255873816,-0.11122563511022437
29,58767409,Grp. A2 B6 (80% C1; 20% C11),431,0.166,0.127,-0.11,0.22,0.26,1.6,2.0,0.05,0.01,467.9238,0,6.1483054621481275,-0.2231435513142097,-1.6486586255873816,0.6931471805599453
30,57736552,Grp. A2 B6 (80% C1; 20% C11),431,0.166,0.142,-0.25,0.315,0.26,1.2,1.5,0.04,0.01,467.96176,0,6.148386583177542,-0.22314355131420985,-1.8718021769015913,0.23111172096338664
31,37716027,Grp. A2 B6 (80% C1; 20% C11),431,0.166,0.142,-0.44,0.535,0.18,1.4,1.6,0.03,0.01,468.3909,0,6.149303203695386,-0.13353139262452274,-1.791759469228055,0.1954920199836998
32,58505571,Grp. A2 B6 (80% C1; 20% C11),431,0.166,0.142,-0.09,0.08,0.26,1.5,1.9,0.05,0.01,469.25153,0,6.151138935983412,-0.2363887780642304,-1.6486586255873816,-0.11778303565638339
33,38820318,Grp. A2 B6 (80% C1; 20% C11),431,0.166,0.127,-0.14,0.355,0.18,1.8,2.0,0.04,0.01,469.6187,0,6.151921088845408,-0.10536051565782628,-1.504077396776274,0.9304753668661113
34,58774010,Grp. A2 B6 (80% C1; 20% C11),431,0.171,0.127,-0.135,0.39,0.26,1.6,1.9,0.05,0.01,470.45456,0,6.153699376253074,-0.17185025692665915,-1.6486586255873816,1.0608719606852626
35,58772873,Grp. A2 B6 (80% C1; 20% C11),431,0.166,0.142,-0.15,0.3,0.26,1.6,2.0,0.05,0.01,471.4366,0,6.155784628557274,-0.2231435513142097,-1.6486586255873816,0.6931471805599453
36,32577471,Grp. A2 B6 (80% C1; 20% C11),431,0.166,0.141,-0.15,0.3,0.16,1.4,1.5,0.03,0.01,471.4479,0,6.1558085975587815,-0.06899287148695156,-1.6739764335716716,0.6931471805599453
37,47110448,Grp. A2 B6 (80% C1; 20% C11),431,0.166,0.127,-0.06,0.065,0.22,1.1,1.3,0.03,0.01,472.91217,0,6.158909684146354,-0.1670540846631662,-1.9924301646902063,0.08004270767353656
38,53049375,Grp. A2 B6 (80% C1; 20% C11),431,0.166,0.141,-0.155,0.31,0.24,1.4,1.7,0.04,0.01,473.79245,0,6.160769356604053,-0.1941560144409575,-1.791759469228055,0.6931471805599453
39,53039593,Grp. A2 B6 (80% C1; 20% C11),431,0.166,0.127,-0.11,0.22,0.24,1.4,1.7,0.04,0.01,474.9834,0,6.163279856055547,-0.1941560144409575,-1.791759469228055,0.6931471805599453
40,57740579,Grp. A2 B6 (80% C1; 20% C11),431,0.166,0.127,-0.595,0.775,0.26,1.2,1.5,0.04,0.01,476.12454,0,6.165679458665458,-0.22314355131420985,-1.8718021769015913,0.26430162380771727
41,37715722,Grp. A2 B6 (80% C1; 20% C11),431,0.166,0.141,-0.465,0.565,0.18,1.4,1.6,0.03,0.01,477.55795,0,6.168685513813648,-0.13353139262452274,-1.791759469228055,0.19478832555908449
42,37961000,Grp. A2 B6 (80% C1; 20% C11),431,0.166,0.127,-0.11,0.22,0.18,1.5,1.6,0.04,0.01,478.55634,0,6.170773946908561,-0.06453852113757118,-1.504077396776274,0.6931471805599453
43,58506412,Grp. A2 B6 (80% C1; 20% C11),431,0.166,0.141,-0.095,0.085,0.26,1.5,1.9,0.05,0.01,478.8928,0,6.171476772781588,-0.2363887780642304,-1.6486586255873816,-0.11122563511022437
44,48413557,Grp. A2 B6 (80% C1; 20% C11),431,0.166,0.142,-0.05,0.05,0.22,1.6,1.8,0.05,0.01,480.54773,0,6.174926557504104,-0.11778303565638339,-1.4816045409242153,0.0
45,52043285,Grp. A2 B6 (80% C1; 20% C11),431,0.166,0.141,-0.055,0.055,0.24,1.0,1.2,0.03,0.01,480.60458,0,6.175044853011435,-0.1823215567939546,-2.0794415416798357,0.0
46,61308462,Grp. A2 B6 (80% C1; 20% C11),431,0.166,0.142,-0.085,0.075,0.28,0.5,0.6,0.02,0.01,480.6587,0,6.175157454836935,-0.1823215567939546,-2.639057329615259,-0.12516314295400616
47,67850979,Grp. A2 B6 (80% C1; 20% C11),431,0.166,0.142,-0.045,0.045,0.2,1.1,1.2,0.03,0.01,481.3114,0,6.176514461879379,-0.08701137698962969,-1.8971199848858813,0.0
48,53049639,Grp. A2 B6 (80% C1; 20% C11),431,0.166,0.141,-0.15,0.3,0.24,1.4,1.7,0.04,0.01,481.73276,0,6.177389520457974,-0.1941560144409575,-1.791759469228055,0.6931471805599453
49,57743313,Grp. A2 B6 (80% C1; 20% C11),431,0.166,0.127,-0.575,0.75,0.26,1.2,1.5,0.04,0.01,481.8006,0,6.177530335510008,-0.22314355131420985,-1.8718021769015913,0.2657031657330057
50,58772734,Grp. A2 B6 (80% C1; 20% C11),431,0.166,0.141,-0.15,0.3,0.26,1.6,2.0,0.05,0.01,482.3,0,6.178566327074926,-0.2231435513142097,-1.6486586255873816,0.6931471805599453
51,63670119,Grp. A2 B6 (80% C1; 20% C11),431,0.166,0.142,-0.07,0.065,0.28,1.5,2.0,0.05,0.01,483.20602,0,6.180443105152269,-0.2876820724517809,-1.7227665977411035,-0.07410797215372196
52,48706802,Grp. A2 B6 (80% C1; 20% C11),431,0.166,0.141,-0.075,0.07,0.22,1.7,2.0,0.05,0.01,483.58984,0,6.181237109421515,-0.16251892949777494,-1.4816045409242153,-0.06899287148695131
53,63144945,Grp. A2 B6 (80% C1; 20% C11),431,0.166,0.142,-0.055,0.055,0.28,1.3,1.6,0.05,0.01,484.62,0,6.18336507868226,-0.2076393647782445,-1.7227665977411035,0.0
54,32577813,Grp. A2 B6 (80% C1; 20% C11),431,0.166,0.142,-0.15,0.3,0.16,1.4,1.5,0.03,0.01,485.63846,0,6.185464437597524,-0.06899287148695156,-1.6739764335716716,0.6931471805599453
55,46675739,Grp. A2 B6 (80% C1; 20% C11),431,0.166,0.142,-0.075,0.065,0.22,0.9,1.0,0.03,0.01,487.0976,0,6.188464513680671,-0.10536051565782628,-1.9924301646902063,-0.1431008436406733
56,48705150,Grp. A2 B6 (80% C1; 20% C11),431,0.166,0.142,-0.54,0.625,0.22,1.7,2.0,0.05,0.01,487.42447,0,6.1891353451011595,-0.16251892949777494,-1.4816045409242153,0.14618251017808145
57,57741263,Grp. A2 B6 (80% C1; 20% C11),431,0.166,0.127,-0.59,0.77,0.26,1.2,1.5,0.04,0.01,487.62634,0,6.189549415836375,-0.22314355131420985,-1.8718021769015913,0.2662679779479645
58,61326592,Grp. A2 B6 (80% C1; 20% C11),431,0.166,0.141,-0.075,0.065,0.28,0.5,0.6,0.02,0.01,488.24603,0,6.1908194386433415,-0.1823215567939546,-2.639057329615259,-0.1431008436406733
59,62652640,Grp. A2 B6 (80% C1; 20% C11),431,0.166,0.127,-0.06,0.065,0.28,1.1,1.4,0.04,0.01,489.10315,0,6.192573407925308,-0.24116205681688796,-1.9459101490553135,0.08004270767353656
60,57734853,Grp. A2 B6 (80% C1; 20% C11),431,0.166,0.141,-0.245,0.31,0.26,1.2,1.5,0.04,0.01,489.26727,0,6.192908904580122,-0.22314355131420985,-1.8718021769015913,0.235314086934465
61,46163819,Grp. A2 B6 (80% C1; 20% C11),431,0.166,0.142,-0.06,0.06,0.22,0.7,0.8,0.02,0.01,490.33994,0,6.195098905669885,-0.13353139262452274,-2.3978952727983707,0.0
62,53044011,Grp. A2 B6 (80% C1; 20% C11),431,0.166,0.141,-0.05,0.05,0.24,1.4,1.7,0.04,0.01,490.35443,0,6.19512845616073,-0.1941560144409575,-1.791759469228055,0.0
63,52289037,Grp. A2 B6 (80% C1; 20% C11),431,0.166,0.142,-0.17,0.405,0.24,1.1,1.2,0.04,0.01,490.41058,0,6.195242958614403,-0.08701137698962969,-1.791759469228055,0.8680886300562773
64,68892049,Grp. A2 B6 (80% C1; 20% C11),431,0.166,0.141,-0.095,0.13,0.2,1.5,1.7,0.04,0.01,490.83994,0,6.196118086868913,-0.12516314295400605,-1.6094379124341005,0.3136575588550416
65,37716332,Grp. A2 B6 (80% C1; 20% C11),431,0.166,0.142,-0.47,0.57,0.18,1.4,1.6,0.03,0.01,490.92838,0,6.196298251574654,-0.13353139262452274,-1.791759469228055,0.19290366612449145
66,94663327,Grp. A2 B6 (80% C1; 20% C11),431,0.166,0.127,-0.11,0.24,0.3,1.5,1.9,0.06,0.01,491.12207,0,6.1966927119661985,-0.2363887780642304,-1.6094379124341003,0.780158557549575
67,58233306,Grp. A2 B6 (80% C1; 20% C11),431,0.166,0.142,-0.06,0.055,0.26,1.4,1.7,0.05,0.01,491.44028,0,6.197340426609701,-0.1941560144409575,-1.6486586255873816,-0.08701137698962969
68,52289473,Grp. A2 B6 (80% C1; 20% C11),431,0.166,0.141,-0.165,0.395,0.24,1.1,1.2,0.04,0.01,491.7562,0,6.197983065222225,-0.08701137698962969,-1.791759469228055,0.8729402910005413
69,48704912,Grp. A2 B6 (80% C1; 20% C11),431,0.166,0.141,-0.575,0.665,0.22,1.7,2.0,0.05,0.01,493.22665,0,6.200968804704648,-0.16251892949777494,-1.4816045409242153,0.14541699985850387
70,57742288,Grp. A2 B6 (80% C1; 20% C11),431,0.166,0.127,-0.57,0.745,0.26,1.2,1.5,0.04,0.01,493.3526,0,6.201224131381515,-0.22314355131420985,-1.8718021769015913,0.26774785755096375
71,62209956,Grp. A2 B6 (80% C1; 20% C11),431,0.166,0.141,-0.09,0.08,0.28,0.9,1.2,0.03,0.01,493.89624,0,6.2023254546405004,-0.2876820724517809,-2.2335922215070942,-0.11778303565638339
72,69738799,Grp. A2 B6 (80% C1; 20% C11),431,0.166,0.142,-0.145,0.29,0.2,1.8,2.0,0.05,0.01,494.01547,0,6.202566832487067,-0.10536051565782628,-1.3862943611198906,0.6931471805599453
73,46675196,Grp. A2 B6 (80% C1; 20% C11),431,0.166,0.141,-0.075,0.065,0.22,0.9,1.0,0.03,0.01,494.52136,0,6.203590345276496,-0.10536051565782628,-1.9924301646902063,-0.1431008436406733
74,62912447,Grp. A2 B6 (80% C1; 20% C11),431,0.166,0.142,-0.44,0.535,0.28,1.2,1.6,0.04,0.01,494.78906,0,6.204131530330493,-0.28768207245178107,-1.9459101490553135,0.1954920199836998
75,53049903,Grp. A2 B6 (80% C1; 20% C11),431,0.166,0.142,-0.15,0.3,0.24,1.4,1.7,0.04,0.01,495.07336,0,6.204705953608058,-0.1941560144409575,-1.791759469228055,0.6931471805599453
76,93420561,Grp. A2 B6 (80% C1; 20% C11),431,0.166,0.142,-0.06,0.055,0.3,1.0,1.3,0.04,0.01,495.22073,0,6.205003582368193,-0.2623642644674911,-2.0149030205422647,-0.08701137698962969
77,62210948,Grp. A2 B6 (80% C1; 20% C11),431,0.166,0.142,-0.09,0.08,0.28,0.9,1.2,0.03,0.01,496.15167,0,6.206881666272151,-0.2876820724517809,-2.2335922215070942,-0.11778303565638339
78,48705031,Grp. A2 B6 (80% C1; 20% C11),431,0.166,0.142,-0.58,0.67,0.22,1.7,2.0,0.05,0.01,496.43726,0,6.207457110948692,-0.16251892949777494,-1.4816045409242153,0.1442496088445469
79,47346485,Grp. A2 B6 (80% C1; 20% C11),431,0.166,0.127,-0.085,0.175,0.22,1.2,1.3,0.04,0.01,496.74835,0,6.208083559836073,-0.0800427076735365,-1.7047480922384253,0.7221347174331975
80,63673795,Grp. A2 B6 (80% C1; 20% C11),431,0.166,0.127,-0.15,0.315,0.28,1.5,1.8,0.06,0.01,496.90033,0,6.208389462725583,-0.1823215567939547,-1.540445040947149,0.7419373447293773
81,62914675,Grp. A2 B6 (80% C1; 20% C11),431,0.166,0.141,-0.075,0.07,0.28,1.2,1.6,0.04,0.01,497.16376,0,6.208919468806311,-0.28768207245178107,-1.9459101490553135,-0.06899287148695131
82,94656511,Grp. A2 B6 (80% C1; 20% C11),431,0.166,0.141,-0.09,0.175,0.3,1.5,1.9,0.06,0.01,498.70245,0,6.21200962531322,-0.2363887780642304,-1.6094379124341003,0.664976303593249
83,57262350,Grp. A2 B6 (80% C1; 20% C11),431,0.166,0.141,-0.085,0.075,0.26,1.0,1.3,0.03,0.01,501.33298,0,6.217270511054193,-0.2623642644674911,-2.1594842493533726,-0.12516314295400616
84,48704793,Grp. A2 B6 (80% C1; 20% C11),431,0.166,0.142,-0.585,0.675,0.22,1.7,2.0,0.05,0.01,502.41696,0,6.219430372545985,-0.16251892949777494,-1.4816045409242153,0.14310084364067344
85,57259203,Grp. A2 B6 (80% C1; 20% C11),431,0.166,0.142,-0.085,0.075,0.26,1.0,1.3,0.03,0.01,502.79785,0,6.220188200652853,-0.2623642644674911,-2.1594842493533726,-0.12516314295400616
86,63949587,Grp. A2 B6 (80% C1; 20% C11),431,0.171,0.127,-0.125,0.365,0.28,1.6,2.0,0.05,0.01,502.87405,0,6.220339741130708,-0.2231435513142097,-1.7227665977411035,1.0715836162801904
87,58776878,Grp. A2 B6 (80% C1; 20% C11),431,0.166,0.141,-0.095,0.135,0.26,1.6,1.9,0.06,0.01,502.8815,0,6.220354555863771,-0.17185025692665915,-1.4663370687934272,0.3513978868378886
88,62213925,Grp. A2 B6 (80% C1; 20% C11),431,0.166,0.142,-0.095,0.085,0.28,0.9,1.2,0.03,0.01,502.96805,0,6.22052664919565,-0.2876820724517809,-2.2335922215070942,-0.11122563511022437
89,37717248,Grp. A2 B6 (80% C1; 20% C11),431,0.166,0.127,-0.655,0.8,0.18,1.4,1.6,0.03,0.01,503.71768,0,6.222015952393695,-0.13353139262452274,-1.791759469228055,0.1999764920326754
90,37716637,Grp. A2 B6 (80% C1; 20% C11),431,0.166,0.141,-0.495,0.6,0.18,1.4,1.6,0.03,0.01,503.9404,0,6.222458007110563,-0.13353139262452274,-1.791759469228055,0.1923718926474561
91,93411370,Grp. A2 B6 (80% C1; 20% C11),431,0.166,0.127,-0.06,0.065,0.3,1.0,1.3,0.04,0.01,504.45648,0,6.223481572445389,-0.2623642644674911,-2.0149030205422647,0.08004270767353656
92,73994153,Grp. A2 B6 (80% C1; 20% C11),431,0.171,0.127,-0.135,0.39,0.32,1.5,1.9,0.06,0.01,505.1807,0,6.224916187054592,-0.2363887780642304,-1.6739764335716716,1.0608719606852626
93,69448307,Grp. A2 B6 (80% C1; 20% C11),431,0.171,0.127,-0.125,0.365,0.2,1.7,1.9,0.04,0.01,505.82504,0,6.226190838743988,-0.11122563511022437,-1.6094379124341005,1.0715836162801904
94,58773430,Grp. A2 B6 (80% C1; 20% C11),431,0.166,0.127,-0.15,0.315,0.26,1.6,2.0,0.05,0.01,506.0133,0,6.226562953527012,-0.2231435513142097,-1.6486586255873816,0.7419373447293773
95,32576447,Grp. A2 B6 (80% C1; 20% C11),431,0.166,0.142,-0.145,0.29,0.16,1.4,1.5,0.03,0.01,506.55603,0,6.2276349394856885,-0.06899287148695156,-1.6739764335716716,0.6931471805599453
96,73994444,Grp. A2 B6 (80% C1; 20% C11),431,0.171,0.141,-0.13,0.36,0.32,1.5,1.9,0.06,0.01,507.53235,0,6.229560452726755,-0.2363887780642304,-1.6739764335716716,1.0185695809945732
97,62912768,Grp. A2 B6 (80% C1; 20% C11),431,0.166,0.142,-0.47,0.57,0.28,1.2,1.6,0.04,0.01,507.74506,0,6.229979471215725,-0.28768207245178107,-1.9459101490553135,0.19290366612449145
98,62912126,Grp. A2 B6 (80% C1; 20% C11),431,0.166,0.141,-0.465,0.565,0.28,1.2,1.6,0.04,0.01,507.94345,0,6.230370122484436,-0.28768207245178107,-1.9459101490553135,0.19478832555908449
99,53039856,Grp. A2 B6 (80% C1; 20% C11),431,0.166,0.141,-0.12,0.23,0.24,1.4,1.7,0.04,0.01,508.00793,0,6.2304970576928635,-0.1941560144409575,-1.791759469228055,0.6505875661411494
0,62916530,Grp. A2 B6 (80% C1; 20% C11),432,0.166,0.141,-0.095,0.085,0.28,1.2,1.5,0.05,0.01,923.54584,0,6.828220435657001,-0.22314355131420985,-1.7227665977411035,-0.11122563511022437
1,63679147,Grp. A2 B6 (80% C1; 20% C11),432,0.166,0.142,-0.25,0.315,0.28,1.5,1.9,0.06,0.01,933.1563,0,6.838572710932501,-0.2363887780642304,-1.540445040947149,0.23111172096338664
2,62920995,Grp. A2 B6 (80% C1; 20% C11),432,0.166,0.141,-0.08,0.065,0.28,1.2,1.5,0.05,0.01,938.6007,0,6.844390149151644,-0.22314355131420985,-1.7227665977411035,-0.2076393647782445
3,52810184,Grp. A2 B6 (80% C1; 20% C11),432,0.166,0.141,-0.085,0.07,0.24,1.3,1.5,0.05,0.01,941.12384,0,6.847074735602121,-0.1431008436406733,-1.5686159179138452,-0.19415601444095737
4,63678024,Grp. A2 B6 (80% C1; 20% C11),432,0.166,0.141,-0.25,0.315,0.28,1.5,1.9,0.06,0.01,942.4232,0,6.848454430590909,-0.2363887780642304,-1.540445040947149,0.23111172096338664
5,63678347,Grp. A2 B6 (80% C1; 20% C11),432,0.166,0.141,-0.245,0.31,0.28,1.5,1.9,0.06,0.01,943.2491,0,6.8493304046960715,-0.2363887780642304,-1.540445040947149,0.235314086934465
6,62920370,Grp. A2 B6 (80% C1; 20% C11),432,0.166,0.142,-0.08,0.065,0.28,1.2,1.5,0.05,0.01,949.8305,0,6.8562835476230255,-0.22314355131420985,-1.7227665977411035,-0.2076393647782445
7,63682414,Grp. A2 B6 (80% C1; 20% C11),432,0.166,0.127,-0.55,0.72,0.28,1.5,1.9,0.06,0.01,958.1336,0,6.864987225450114,-0.2363887780642304,-1.540445040947149,0.2693329337835842
8,63681774,Grp. A2 B6 (80% C1; 20% C11),432,0.166,0.127,-0.57,0.745,0.28,1.5,1.9,0.06,0.01,961.4457,0,6.868438089175133,-0.2363887780642304,-1.540445040947149,0.26774785755096375
9,58509351,Grp. A2 B6 (80% C1; 20% C11),432,0.166,0.141,-0.075,0.065,0.26,1.5,1.8,0.06,0.01,986.3458,0,6.894007003057428,-0.1823215567939547,-1.4663370687934272,-0.1431008436406733
10,38256724,Grp. A2 B6 (80% C1; 20% C11),432,0.166,0.141,-0.085,0.075,0.18,1.6,1.8,0.04,0.01,1002.7106,0,6.910462211931068,-0.11778303565638339,-1.504077396776274,-0.12516314295400616
11,63682254,Grp. A2 B6 (80% C1; 20% C11),432,0.166,0.127,-0.575,0.75,0.28,1.5,1.9,0.06,0.01,1003.1645,0,6.9109147824901696,-0.2363887780642304,-1.540445040947149,0.2657031657330057
12,38255315,Grp. A2 B6 (80% C1; 20% C11),432,0.166,0.142,-0.085,0.075,0.18,1.6,1.8,0.04,0.01,1004.1133,0,6.911860142490327,-0.11778303565638339,-1.504077396776274,-0.12516314295400616
13,94667549,Grp. A2 B6 (80% C1; 20% C11),432,0.166,0.141,-0.465,0.565,0.3,1.5,1.9,0.07,0.01,1005.9146,0,6.9136524564002055,-0.2363887780642304,-1.455287232606842,0.19478832555908449
14,94667825,Grp. A2 B6 (80% C1; 20% C11),432,0.166,0.142,-0.47,0.57,0.3,1.5,1.9,0.07,0.01,1005.9253,0,6.913663093429523,-0.2363887780642304,-1.455287232606842,0.19290366612449145
15,62916848,Grp. A2 B6 (80% C1; 20% C11),432,0.166,0.142,-0.095,0.085,0.28,1.2,1.5,0.05,0.01,1008.44934,0,6.91616912311321,-0.22314355131420985,-1.7227665977411035,-0.11122563511022437
16,93667411,Grp. A2 B6 (80% C1; 20% C11),432,0.166,0.127,-0.655,0.8,0.3,1.1,1.4,0.05,0.01,1014.0854,0,6.921742401512045,-0.24116205681688796,-1.791759469228055,0.1999764920326754
17,53325712,Grp. A2 B6 (80% C1; 20% C11),432,0.166,0.142,-0.075,0.07,0.24,1.5,1.7,0.06,0.01,1017.06256,0,6.924673908414256,-0.12516314295400605,-1.3862943611198906,-0.06899287148695131
18,48146557,Grp. A2 B6 (80% C1; 20% C11),432,0.166,0.141,-0.095,0.13,0.22,1.5,1.7,0.05,0.01,1018.886,0,6.9264651525776655,-0.12516314295400605,-1.4816045409242153,0.3136575588550416
19,94667963,Grp. A2 B6 (80% C1; 20% C11),432,0.166,0.141,-0.495,0.6,0.3,1.5,1.9,0.07,0.01,1019.36,0,6.926930258368178,-0.2363887780642304,-1.455287232606842,0.1923718926474561
20,52809591,Grp. A2 B6 (80% C1; 20% C11),432,0.166,0.142,-0.085,0.07,0.24,1.3,1.5,0.05,0.01,1024.267,0,6.931732513799616,-0.1431008436406733,-1.5686159179138452,-0.19415601444095737
21,52797463,Grp. A2 B6 (80% C1; 20% C11),432,0.166,0.127,-0.245,0.31,0.24,1.3,1.6,0.04,0.01,1028.6849,0,6.936036469308536,-0.2076393647782445,-1.791759469228055,0.235314086934465
22,63677864,Grp. A2 B6 (80% C1; 20% C11),432,0.166,0.142,-0.255,0.32,0.28,1.5,1.9,0.06,0.01,1033.4297,0,6.940638355521381,-0.2363887780642304,-1.540445040947149,0.22705745063534608
23,58767235,Grp. A2 B6 (80% C1; 20% C11),432,0.166,0.141,-0.095,0.185,0.26,1.6,1.9,0.06,0.01,1040.3033,0,6.947267584233694,-0.17185025692665915,-1.4663370687934272,0.666478933477784
24,63683546,Grp. A2 B6 (80% C1; 20% C11),432,0.166,0.142,-0.09,0.075,0.28,1.5,1.8,0.07,0.01,1041.8364,0,6.948740204228461,-0.1823215567939547,-1.3862943611198906,-0.1823215567939546
25,53318133,Grp. A2 B6 (80% C1; 20% C11),432,0.166,0.141,-0.065,0.06,0.24,1.5,1.8,0.05,0.01,1042.4686,0,6.949346833315266,-0.1823215567939547,-1.5686159179138452,-0.0800427076735365
26,58508989,Grp. A2 B6 (80% C1; 20% C11),432,0.166,0.141,-0.085,0.07,0.26,1.5,1.7,0.07,0.01,1051.6412,0,6.9581072704831,-0.12516314295400605,-1.3121863889661687,-0.19415601444095737
27,58499271,Grp. A2 B6 (80% C1; 20% C11),432,0.166,0.141,-0.065,0.06,0.26,1.5,1.9,0.05,0.01,1062.0775,0,6.967982174657191,-0.2363887780642304,-1.6486586255873816,-0.0800427076735365
28,94404152,Grp. A2 B6 (80% C1; 20% C11),432,0.166,0.141,-0.095,0.135,0.3,1.4,1.8,0.06,0.01,1062.5851,0,6.9684599917088565,-0.2513144282809062,-1.6094379124341003,0.3513978868378886
29,36975614,Grp. A2 B6 (80% C1; 20% C11),432,0.166,0.141,-0.08,0.065,0.18,1.1,1.2,0.03,0.01,1070.832,0,6.976191195398403,-0.08701137698962969,-1.791759469228055,-0.2076393647782445
30,94667687,Grp. A2 B6 (80% C1; 20% C11),432,0.166,0.142,-0.44,0.535,0.3,1.5,1.9,0.07,0.01,1074.7059,0,6.979802321736197,-0.2363887780642304,-1.455287232606842,0.1954920199836998
31,63681294,Grp. A2 B6 (80% C1; 20% C11),432,0.166,0.127,-0.59,0.77,0.28,1.5,1.9,0.06,0.01,1075.5232,0,6.980562519837283,-0.2363887780642304,-1.540445040947149,0.2662679779479645
32,53317968,Grp. A2 B6 (80% C1; 20% C11),432,0.166,0.142,-0.065,0.06,0.24,1.5,1.8,0.05,0.01,1078.8645,0,6.983664378132365,-0.1823215567939547,-1.5686159179138452,-0.0800427076735365
33,93914614,Grp. A2 B6 (80% C1; 20% C11),432,0.166,0.141,-0.09,0.075,0.3,1.2,1.6,0.05,0.01,1086.606,0,6.990814355913332,-0.28768207245178107,-1.791759469228055,-0.1823215567939546
34,59354422,Grp. A2 B6 (80% C1; 20% C11),432,0.166,0.141,-0.125,0.255,0.26,1.8,2.0,0.08,0.01,1086.9307,0,6.991113131639009,-0.10536051565782628,-1.1786549963416462,0.712949807856125
35,92754555,Grp. A2 B6 (80% C1; 20% C11),432,0.166,0.142,-0.47,0.57,0.3,0.7,0.9,0.03,0.01,1091.6716,0,6.995465378475001,-0.2513144282809062,-2.3025850929940455,0.19290366612449145
36,92753317,Grp. A2 B6 (80% C1; 20% C11),432,0.166,0.141,-0.465,0.565,0.3,0.7,0.9,0.03,0.01,1091.806,0,6.995588484844555,-0.2513144282809062,-2.3025850929940455,0.19478832555908449
37,92753936,Grp. A2 B6 (80% C1; 20% C11),432,0.166,0.142,-0.44,0.535,0.3,0.7,0.9,0.03,0.01,1097.0181,0,7.000350959683326,-0.2513144282809062,-2.3025850929940455,0.1954920199836998
38,52805062,Grp. A2 B6 (80% C1; 20% C11),432,0.166,0.142,-0.075,0.07,0.24,1.3,1.6,0.04,0.01,1100.5116,0,7.0035304415742985,-0.2076393647782445,-1.791759469228055,-0.06899287148695131
39,61975153,Grp. A2 B6 (80% C1; 20% C11),432,0.166,0.127,-0.585,0.69,0.28,0.8,0.9,0.04,0.01,1101.8947,0,7.004786431608309,-0.11778303565638339,-1.9459101490553135,0.1650797503594486
40,52807499,Grp. A2 B6 (80% C1; 20% C11),432,0.166,0.141,-0.595,0.76,0.24,1.3,1.6,0.04,0.01,1105.865,0,7.00838311314935,-0.2076393647782445,-1.791759469228055,0.2447570277347471
41,64532253,Grp. A2 B6 (80% C1; 20% C11),432,0.166,0.142,-0.055,0.05,0.28,1.8,2.0,0.09,0.01,1111.9044,0,7.013829499891768,-0.10536051565782628,-1.1349799328389847,-0.09531017980432477
42,63672061,Grp. A2 B6 (80% C1; 20% C11),432,0.166,0.141,-0.21,0.495,0.28,1.5,1.7,0.07,0.01,1112.5901,0,7.0144459995250275,-0.12516314295400605,-1.3862943611198906,0.8574502318512216
43,94663747,Grp. A2 B6 (80% C1; 20% C11),432,0.166,0.142,-0.065,0.06,0.3,1.5,2.0,0.06,0.01,1116.0374,0,7.017539654924526,-0.2876820724517809,-1.6094379124341003,-0.0800427076735365
44,52806578,Grp. A2 B6 (80% C1; 20% C11),432,0.166,0.142,-0.595,0.76,0.24,1.3,1.6,0.04,0.01,1116.983,0,7.018386579615874,-0.2076393647782445,-1.791759469228055,0.2447570277347471
45,93887497,Grp. A2 B6 (80% C1; 20% C11),432,0.166,0.141,-0.055,0.055,0.3,1.2,1.4,0.06,0.01,1118.2507,0,7.0195208682908525,-0.15415067982725822,-1.6094379124341003,0.0
46,57717668,Grp. A2 B6 (80% C1; 20% C11),432,0.166,0.142,-0.06,0.06,0.26,1.2,1.5,0.04,0.01,1119.3033,0,7.020461717162116,-0.22314355131420985,-1.8718021769015913,0.0
47,92755174,Grp. A2 B6 (80% C1; 20% C11),432,0.166,0.141,-0.495,0.6,0.3,0.7,0.9,0.03,0.01,1119.5922,0,7.020719790843183,-0.2513144282809062,-2.3025850929940455,0.1923718926474561
48,52797770,Grp. A2 B6 (80% C1; 20% C11),432,0.166,0.127,-0.24,0.305,0.24,1.3,1.6,0.04,0.01,1120.0897,0,7.0211640503678785,-0.2076393647782445,-1.791759469228055,0.23967285326542026
49,48137658,Grp. A2 B6 (80% C1; 20% C11),432,0.166,0.141,-0.06,0.06,0.22,1.5,1.7,0.05,0.01,1124.8639,0,7.025417329542341,-0.12516314295400605,-1.4816045409242153,0.0
50,64532234,Grp. A2 B6 (80% C1; 20% C11),432,0.166,0.127,-0.15,0.315,0.28,1.8,2.0,0.09,0.01,1130.1947,0,7.030145197749249,-0.10536051565782628,-1.1349799328389847,0.7419373447293773
51,52808113,Grp. A2 B6 (80% C1; 20% C11),432,0.166,0.142,-0.575,0.735,0.24,1.3,1.6,0.04,0.01,1131.3125,0,7.031133742106772,-0.2076393647782445,-1.791759469228055,0.24550045841548637
52,52540050,Grp. A2 B6 (80% C1; 20% C11),432,0.166,0.141,-0.125,0.255,0.24,1.2,1.4,0.04,0.01,1137.9963,0,7.037024363362889,-0.15415067982725822,-1.791759469228055,0.712949807856125
53,58223203,Grp. A2 B6 (80% C1; 20% C11),432,0.166,0.127,-0.135,0.265,0.26,1.4,1.7,0.05,0.01,1139.9071,0,7.03870204683988,-0.1941560144409575,-1.6486586255873816,0.6744550475477928
54,72773225,Grp. A2 B6 (80% C1; 20% C11),432,0.166,0.141,-0.09,0.08,0.32,1.0,1.3,0.05,0.01,1142.2197,0,7.040728753499293,-0.2623642644674911,-1.8562979903656263,-0.11778303565638339
55,94669001,Grp. A2 B6 (80% C1; 20% C11),432,0.166,0.142,-0.08,0.07,0.3,1.5,1.9,0.07,0.01,1143.9004,0,7.042199105212482,-0.2363887780642304,-1.455287232606842,-0.1335313926245225
56,58503059,Grp. A2 B6 (80% C1; 20% C11),432,0.166,0.127,-0.585,0.69,0.26,1.5,1.8,0.06,0.01,1151.2637,0,7.048615487607289,-0.1823215567939547,-1.4663370687934272,0.1650797503594486
57,68127837,Grp. A2 B6 (80% C1; 20% C11),432,0.166,0.141,-0.59,0.755,0.2,1.2,1.4,0.03,0.01,1157.8663,0,7.054334193781524,-0.15415067982725822,-1.8971199848858813,0.24659521234925968
58,61972318,Grp. A2 B6 (80% C1; 20% C11),432,0.166,0.127,-0.59,0.695,0.28,0.8,0.9,0.04,0.01,1158.8654,0,7.055196701996815,-0.11778303565638339,-1.9459101490553135,0.16378930866502697
59,63680974,Grp. A2 B6 (80% C1; 20% C11),432,0.166,0.127,-0.595,0.775,0.28,1.5,1.9,0.06,0.01,1159.1438,0,7.055436908119671,-0.2363887780642304,-1.540445040947149,0.26430162380771727
60,68118755,Grp. A2 B6 (80% C1; 20% C11),432,0.166,0.142,-0.255,0.32,0.2,1.2,1.4,0.03,0.01,1160.3418,0,7.0564698958705145,-0.15415067982725822,-1.8971199848858813,0.22705745063534608
61,57980573,Grp. A2 B6 (80% C1; 20% C11),432,0.166,0.142,-0.625,0.72,0.26,1.3,1.7,0.04,0.01,1161.5597,0,7.057518949942526,-0.26826398659467926,-1.8718021769015913,0.14149956227369942
62,36975156,Grp. A2 B6 (80% C1; 20% C11),432,0.166,0.142,-0.085,0.07,0.18,1.1,1.2,0.03,0.01,1164.2333,0,7.059818037761328,-0.08701137698962969,-1.791759469228055,-0.19415601444095737
63,68127037,Grp. A2 B6 (80% C1; 20% C11),432,0.166,0.142,-0.595,0.76,0.2,1.2,1.4,0.03,0.01,1164.6967,0,7.060215988756949,-0.15415067982725822,-1.8971199848858813,0.2447570277347471
64,68119155,Grp. A2 B6 (80% C1; 20% C11),432,0.166,0.141,-0.25,0.315,0.2,1.2,1.4,0.03,0.01,1165.4142,0,7.06083183929237,-0.15415067982725822,-1.8971199848858813,0.23111172096338664
65,93893589,Grp. A2 B6 (80% C1; 20% C11),432,0.166,0.141,-0.155,0.31,0.3,1.2,1.4,0.06,0.01,1165.6698,0,7.061051136409954,-0.15415067982725822,-1.6094379124341003,0.6931471805599453
66,52807192,Grp. A2 B6 (80% C1; 20% C11),432,0.166,0.141,-0.59,0.755,0.24,1.3,1.6,0.04,0.01,1166.6531,0,7.061894330170355,-0.2076393647782445,-1.791759469228055,0.24659521234925968
67,68129037,Grp. A2 B6 (80% C1; 20% C11),432,0.166,0.142,-0.575,0.735,0.2,1.2,1.4,0.03,0.01,1168.2212,0,7.0632375290190135,-0.15415067982725822,-1.8971199848858813,0.24550045841548637
68,68128237,Grp. A2 B6 (80% C1; 20% C11),432,0.166,0.141,-0.595,0.76,0.2,1.2,1.4,0.03,0.01,1168.2965,0,7.063301983912743,-0.15415067982725822,-1.8971199848858813,0.2447570277347471
69,93666689,Grp. A2 B6 (80% C1; 20% C11),432,0.166,0.141,-0.495,0.6,0.3,1.1,1.4,0.05,0.01,1170.1696,0,7.06490397455147,-0.24116205681688796,-1.791759469228055,0.1923718926474561
70,68121947,Grp. A2 B6 (80% C1; 20% C11),432,0.166,0.142,-0.25,0.315,0.2,1.2,1.4,0.03,0.01,1176.2001,0,7.0700442670454064,-0.15415067982725822,-1.8971199848858813,0.23111172096338664
71,72999087,Grp. A2 B6 (80% C1; 20% C11),432,0.166,0.127,-0.585,0.69,0.32,1.1,1.5,0.05,0.01,1177.9601,0,7.071539492670156,-0.31015492830383945,-1.8562979903656263,0.1650797503594486
72,52808420,Grp. A2 B6 (80% C1; 20% C11),432,0.166,0.141,-0.57,0.73,0.24,1.3,1.6,0.04,0.01,1178.3197,0,7.071844719581486,-0.2076393647782445,-1.791759469228055,0.24740817331384096
73,73997880,Grp. A2 B6 (80% C1; 20% C11),432,0.166,0.142,-0.085,0.075,0.32,1.5,1.9,0.08,0.01,1179.0527,0,7.072466598435776,-0.2363887780642304,-1.3862943611198906,-0.12516314295400616
74,57985400,Grp. A2 B6 (80% C1; 20% C11),432,0.166,0.142,-0.085,0.075,0.26,1.3,1.7,0.04,0.01,1179.4108,0,7.072770270723052,-0.26826398659467926,-1.8718021769015913,-0.12516314295400616
75,63682972,Grp. A2 B6 (80% C1; 20% C11),432,0.166,0.141,-0.085,0.07,0.28,1.5,1.8,0.07,0.01,1186.8453,0,7.07905405755677,-0.1823215567939547,-1.3862943611198906,-0.19415601444095737
76,68129437,Grp. A2 B6 (80% C1; 20% C11),432,0.166,0.141,-0.57,0.73,0.2,1.2,1.4,0.03,0.01,1187.0234,0,7.079204107978964,-0.15415067982725822,-1.8971199848858813,0.24740817331384096
77,58508653,Grp. A2 B6 (80% C1; 20% C11),432,0.166,0.142,-0.085,0.07,0.26,1.5,1.7,0.07,0.01,1187.029,0,7.079208825650739,-0.12516314295400605,-1.3121863889661687,-0.19415601444095737
78,36974697,Grp. A2 B6 (80% C1; 20% C11),432,0.166,0.142,-0.08,0.065,0.18,1.1,1.2,0.03,0.01,1187.0441,0,7.0792215464047885,-0.08701137698962969,-1.791759469228055,-0.2076393647782445
79,93882371,Grp. A2 B6 (80% C1; 20% C11),432,0.166,0.141,-0.12,0.23,0.3,1.2,1.4,0.06,0.01,1189.1525,0,7.080996147507506,-0.15415067982725822,-1.6094379124341003,0.6505875661411494
80,33112588,Grp. A2 B6 (80% C1; 20% C11),432,0.166,0.141,-0.055,0.055,0.16,1.6,1.7,0.04,0.01,1189.924,0,7.081644718519866,-0.060624621816434736,-1.3862943611198906,0.0
81,94663834,Grp. A2 B6 (80% C1; 20% C11),432,0.166,0.141,-0.065,0.06,0.3,1.5,2.0,0.06,0.01,1190.4067,0,7.082050292423204,-0.2876820724517809,-1.6094379124341003,-0.0800427076735365
82,57981141,Grp. A2 B6 (80% C1; 20% C11),432,0.166,0.142,-0.585,0.675,0.26,1.3,1.7,0.04,0.01,1191.569,0,7.083026205059296,-0.26826398659467926,-1.8718021769015913,0.14310084364067344
83,72997380,Grp. A2 B6 (80% C1; 20% C11),432,0.166,0.127,-0.59,0.695,0.32,1.1,1.5,0.05,0.01,1194.7899,0,7.085725633008602,-0.31015492830383945,-1.8562979903656263,0.16378930866502697
84,92993018,Grp. A2 B6 (80% C1; 20% C11),432,0.166,0.142,-0.085,0.07,0.3,0.8,1.1,0.03,0.01,1195.5175,0,7.086334425017925,-0.3184537311185346,-2.3025850929940455,-0.19415601444095737
85,62416702,Grp. A2 B6 (80% C1; 20% C11),432,0.166,0.142,-0.17,0.405,0.28,1.0,1.2,0.04,0.01,1198.5089,0,7.08883347979597,-0.1823215567939546,-1.9459101490553135,0.8680886300562773
86,61962347,Grp. A2 B6 (80% C1; 20% C11),432,0.166,0.142,-0.055,0.05,0.28,0.8,1.0,0.03,0.01,1199.3514,0,7.089536189653312,-0.2231435513142097,-2.2335922215070942,-0.09531017980432477
87,95525120,Grp. A2 B6 (80% C1; 20% C11),432,0.166,0.141,-0.15,0.3,0.3,1.8,2.0,0.1,0.01,1204.2288,0,7.093594641037332,-0.10536051565782628,-1.0986122886681096,0.6931471805599453
88,72548747,Grp. A2 B6 (80% C1; 20% C11),432,0.166,0.142,-0.09,0.08,0.32,0.9,1.1,0.05,0.01,1204.4258,0,7.093758217832809,-0.20067069546215124,-1.8562979903656263,-0.11778303565638339
89,73735121,Grp. A2 B6 (80% C1; 20% C11),432,0.166,0.142,-0.47,0.57,0.32,1.4,1.7,0.08,0.01,1204.7358,0,7.094015568773244,-0.1941560144409575,-1.3862943611198906,0.19290366612449145
90,72774016,Grp. A2 B6 (80% C1; 20% C11),432,0.166,0.142,-0.09,0.08,0.32,1.0,1.3,0.05,0.01,1205.949,0,7.095022087835731,-0.2623642644674911,-1.8562979903656263,-0.11778303565638339
91,93188939,Grp. A2 B6 (80% C1; 20% C11),432,0.166,0.141,-0.125,0.255,0.3,0.9,1.1,0.04,0.01,1207.5955,0,7.09638647142627,-0.20067069546215124,-2.0149030205422647,0.712949807856125
92,57981709,Grp. A2 B6 (80% C1; 20% C11),432,0.166,0.142,-0.58,0.67,0.26,1.3,1.7,0.04,0.01,1207.9722,0,7.096698364984919,-0.26826398659467926,-1.8718021769015913,0.1442496088445469
93,58223444,Grp. A2 B6 (80% C1; 20% C11),432,0.166,0.142,-0.14,0.265,0.26,1.4,1.7,0.05,0.01,1209.1273,0,7.097654138702907,-0.1941560144409575,-1.6486586255873816,0.6380874033769178
94,67607877,Grp. A2 B6 (80% C1; 20% C11),432,0.166,0.141,-0.06,0.06,0.2,1.0,1.1,0.03,0.01,1212.4833,0,7.100425849520911,-0.0953101798043249,-1.8971199848858813,0.0
95,48699590,Grp. A2 B6 (80% C1; 20% C11),432,0.166,0.142,-0.06,0.06,0.22,1.7,2.0,0.05,0.01,1215.9694,0,7.103296897735797,-0.16251892949777494,-1.4816045409242153,0.0
96,92994105,Grp. A2 B6 (80% C1; 20% C11),432,0.166,0.141,-0.085,0.07,0.3,0.8,1.1,0.03,0.01,1218.0035,0,7.104968321828932,-0.3184537311185346,-2.3025850929940455,-0.19415601444095737
97,57981425,Grp. A2 B6 (80% C1; 20% C11),432,0.166,0.141,-0.575,0.665,0.26,1.3,1.7,0.04,0.01,1218.5159,0,7.105388921810655,-0.26826398659467926,-1.8718021769015913,0.14541699985850387
98,73237876,Grp. A2 B6 (80% C1; 20% C11),432,0.166,0.142,-0.44,0.535,0.32,1.2,1.7,0.05,0.01,1218.7854,0,7.105610068044072,-0.3483066942682157,-1.8562979903656263,0.1954920199836998
99,94661017,Grp. A2 B6 (80% C1; 20% C11),432,0.166,0.142,-0.17,0.405,0.3,1.5,1.8,0.07,0.01,1224.259,0,7.110091041995062,-0.1823215567939547,-1.455287232606842,0.8680886300562773
0,127850942,Grp. A2 B6 (80% C1; 20% C11),433,0.166,0.142,-0.055,0.05,0.54,0.5,0.5,0.07,0.01,1219.0066,0,7.10579154374061,0.0,-2.043073897508961,-0.09531017980432477
1,127644069,Grp. A2 B6 (80% C1; 20% C11),433,0.166,0.142,-0.055,0.055,0.54,0.4,0.5,0.05,0.01,1376.539,0,7.227327656909231,-0.2231435513142097,-2.379546134130174,0.0
2,123014769,Grp. A2 B6 (80% C1; 20% C11),433,0.166,0.142,-0.055,0.055,0.52,0.6,0.8,0.07,0.01,1404.9468,0,7.247754716282274,-0.28768207245178107,-2.005333569526114,0.0
3,123205127,Grp. A2 B6 (80% C1; 20% C11),433,0.166,0.142,-0.055,0.055,0.52,0.7,1.2,0.07,0.01,1439.0701,0,7.27175242008585,-0.5389965007326869,-2.005333569526114,0.0
4,127834812,Grp. A2 B6 (80% C1; 20% C11),433,0.166,0.142,-0.055,0.055,0.54,0.5,0.7,0.06,0.01,1445.6978,0,7.276347390559072,-0.3364722366212129,-2.1972245773362196,0.0
5,122822484,Grp. A2 B6 (80% C1; 20% C11),433,0.166,0.141,-0.055,0.055,0.52,0.5,0.6,0.06,0.01,1494.835,0,7.309771111840826,-0.1823215567939546,-2.1594842493533726,0.0
6,123216681,Grp. A2 B6 (80% C1; 20% C11),433,0.166,0.142,-0.055,0.05,0.52,0.7,0.6,0.1,0.01,1502.9148,0,7.3151617015194805,0.15415067982725836,-1.6486586255873816,-0.09531017980432477
7,133190927,Grp. A2 B6 (80% C1; 20% C11),433,0.166,0.141,-0.055,0.055,0.56,0.7,1.0,0.09,0.01,1503.4712,0,7.315531846940829,-0.35667494393873245,-1.8281271133989299,0.0
8,123794158,Grp. A2 B6 (80% C1; 20% C11),433,0.166,0.141,-0.055,0.055,0.52,1.0,1.7,0.1,0.01,1505.0723,0,7.316596215896208,-0.5306282510621704,-1.6486586255873816,0.0
9,128218922,Grp. A2 B6 (80% C1; 20% C11),433,0.166,0.142,-0.055,0.05,0.54,0.7,1.2,0.08,0.01,1518.8364,0,7.325699794359636,-0.5389965007326869,-1.9095425048844386,-0.09531017980432477
10,128593543,Grp. A2 B6 (80% C1; 20% C11),433,0.166,0.142,-0.055,0.05,0.54,0.9,1.9,0.09,0.01,1524.8531,0,7.329653356532832,-0.747214401830221,-1.791759469228055,-0.09531017980432477
11,127447130,Grp. A2 B6 (80% C1; 20% C11),433,0.166,0.141,-0.05,0.05,0.54,0.3,1.5,0.02,0.01,1536.1782,0,7.337052922603325,-1.6094379124341005,-3.295836866004329,0.0
12,123404870,Grp. A2 B6 (80% C1; 20% C11),433,0.166,0.142,-0.055,0.05,0.52,0.8,1.0,0.1,0.01,1553.525,0,7.348281821397533,-0.2231435513142097,-1.6486586255873816,-0.09531017980432477
13,123029058,Grp. A2 B6 (80% C1; 20% C11),433,0.166,0.142,-0.055,0.05,0.52,0.6,0.4,0.09,0.01,1557.7858,0,7.351020733025122,0.4054651081081642,-1.754019141245208,-0.09531017980432477
14,128403247,Grp. A2 B6 (80% C1; 20% C11),433,0.166,0.142,-0.055,0.05,0.54,0.8,1.4,0.09,0.01,1588.9199,0,7.370809756203833,-0.5596157879354225,-1.791759469228055,-0.09531017980432477
15,127447159,Grp. A2 B6 (80% C1; 20% C11),433,0.166,0.141,-0.05,0.05,0.54,0.3,1.6,0.02,0.01,1603.1873,0,7.379748989202483,-1.6739764335716716,-3.295836866004329,0.0
16,127244110,Grp. A2 B6 (80% C1; 20% C11),433,0.166,0.141,-0.05,0.05,0.54,0.2,1.1,0.01,0.01,1605.3846,0,7.381118633026576,-1.7047480922384253,-3.9889840465642745,0.0
17,127447244,Grp. A2 B6 (80% C1; 20% C11),433,0.166,0.141,-0.05,0.05,0.54,0.3,1.9,0.01,0.01,1625.4745,0,7.393555052140135,-1.845826690498331,-3.9889840465642745,0.0
18,127643517,Grp. A2 B6 (80% C1; 20% C11),433,0.166,0.141,-0.05,0.05,0.54,0.4,2.0,0.03,0.01,1630.1178,0,7.396407561128112,-1.6094379124341003,-2.890371757896165,0.0
19,127474307,Grp. A2 B6 (80% C1; 20% C11),433,0.171,0.141,-0.16,0.435,0.54,0.3,0.2,0.04,0.01,1639.1451,0,7.401930104416531,0.4054651081081642,-2.6026896854443837,1.0001722158548572
20,128405164,Grp. A2 B6 (80% C1; 20% C11),433,0.171,0.141,-0.13,0.36,0.54,0.8,1.7,0.09,0.01,1639.6792,0,7.402255891928063,-0.7537718023763801,-1.791759469228055,1.0185695809945732
21,127852480,Grp. A2 B6 (80% C1; 20% C11),433,0.171,0.141,-0.14,0.385,0.54,0.5,0.8,0.06,0.01,1639.8789,0,7.402377676628414,-0.4700036292457356,-2.1972245773362196,1.0116009116784799
22,127856080,Grp. A2 B6 (80% C1; 20% C11),433,0.171,0.127,-0.125,0.365,0.54,0.5,1.6,0.05,0.01,1640.0259,0,7.402467313376468,-1.1631508098056809,-2.379546134130174,1.0715836162801904
23,128220366,Grp. A2 B6 (80% C1; 20% C11),433,0.171,0.127,-0.135,0.39,0.54,0.7,1.4,0.08,0.01,1640.4637,0,7.402734224756159,-0.6931471805599453,-1.9095425048844386,1.0608719606852626
24,128595054,Grp. A2 B6 (80% C1; 20% C11),433,0.171,0.141,-0.13,0.36,0.54,0.9,2.0,0.1,0.01,1640.654,0,7.4028502218142425,-0.7985076962177716,-1.6863989535702288,1.0185695809945732
25,127670579,Grp. A2 B6 (80% C1; 20% C11),433,0.171,0.142,-0.145,0.395,0.54,0.4,0.5,0.05,0.01,1640.7397,0,7.402902455717184,-0.2231435513142097,-2.379546134130174,1.0021520224805476
26,128404010,Grp. A2 B6 (80% C1; 20% C11),433,0.171,0.141,-0.14,0.385,0.54,0.8,1.8,0.09,0.01,1640.8027,0,7.402940852295578,-0.8109302162163287,-1.791759469228055,1.0116009116784799
27,127853493,Grp. A2 B6 (80% C1; 20% C11),433,0.171,0.127,-0.135,0.39,0.54,0.5,1.7,0.05,0.01,1640.8181,0,7.402950237901618,-1.2237754316221157,-2.379546134130174,1.0608719606852626
28,128039205,Grp. A2 B6 (80% C1; 20% C11),433,0.171,0.141,-0.13,0.36,0.54,0.6,2.0,0.06,0.01,1641.0089,0,7.403066514597626,-1.2039728043259361,-2.1972245773362196,1.0185695809945732
29,128041206,Grp. A2 B6 (80% C1; 20% C11),433,0.171,0.127,-0.155,0.44,0.54,0.6,1.2,0.07,0.01,1641.2971,0,7.403242122844231,-0.6931471805599453,-2.043073897508961,1.0433496099930604
30,128224342,Grp. A2 B6 (80% C1; 20% C11),433,0.171,0.142,-0.145,0.395,0.54,0.7,1.5,0.08,0.01,1641.4336,0,7.403325285316303,-0.7621400520468968,-1.9095425048844386,1.0021520224805476
31,127664504,Grp. A2 B6 (80% C1; 20% C11),433,0.171,0.141,-0.14,0.385,0.54,0.4,1.4,0.04,0.01,1641.5619,0,7.403403445642788,-1.2527629684953678,-2.6026896854443837,1.0116009116784799
32,128220156,Grp. A2 B6 (80% C1; 20% C11),433,0.171,0.127,-0.135,0.39,0.54,0.7,0.7,0.09,0.01,1641.611,0,7.4034333557337275,0.0,-1.791759469228055,1.0608719606852626
33,128406836,Grp. A2 B6 (80% C1; 20% C11),433,0.171,0.127,-0.155,0.44,0.54,0.8,1.9,0.09,0.01,1641.9478,0,7.403638499007654,-0.8649974374866044,-1.791759469228055,1.0433496099930604
34,127271570,Grp. A2 B6 (80% C1; 20% C11),433,0.171,0.127,-0.145,0.415,0.54,0.2,0.7,0.02,0.01,1642.0428,0,7.403696355446114,-1.2527629684953678,-3.295836866004329,1.051544777810124
35,127471606,Grp. A2 B6 (80% C1; 20% C11),433,0.171,0.141,-0.15,0.41,0.54,0.3,1.1,0.03,0.01,1642.3302,0,7.403871366019355,-1.2992829841302609,-2.890371757896165,1.0055218656020977
36,128222910,Grp. A2 B6 (80% C1; 20% C11),433,0.171,0.141,-0.16,0.435,0.54,0.7,1.6,0.08,0.01,1642.4358,0,7.403935662836868,-0.826678573184468,-1.9095425048844386,1.0001722158548572
37,127855503,Grp. A2 B6 (80% C1; 20% C11),433,0.171,0.127,-0.145,0.415,0.54,0.5,1.8,0.05,0.01,1642.9178,0,7.404229086353568,-1.2809338454620642,-2.379546134130174,1.051544777810124
38,127858779,Grp. A2 B6 (80% C1; 20% C11),433,0.171,0.142,-0.145,0.395,0.54,0.5,1.8,0.05,0.01,1643.1179,0,7.404350874440196,-1.2809338454620642,-2.379546134130174,1.0021520224805476
39,127669544,Grp. A2 B6 (80% C1; 20% C11),433,0.171,0.127,-0.155,0.44,0.54,0.4,1.5,0.04,0.01,1643.282,0,7.404450740558215,-1.3217558399823195,-2.6026896854443837,1.0433496099930604
40,127858163,Grp. A2 B6 (80% C1; 20% C11),433,0.171,0.142,-0.155,0.42,0.54,0.5,1.9,0.05,0.01,1643.3867,0,7.404514452486366,-1.3350010667323402,-2.379546134130174,0.9968295943581673
41,127472327,Grp. A2 B6 (80% C1; 20% C11),433,0.171,0.141,-0.13,0.36,0.54,0.3,1.0,0.03,0.01,1643.4635,0,7.404561184156714,-1.2039728043259361,-2.890371757896165,1.0185695809945732
42,128404846,Grp. A2 B6 (80% C1; 20% C11),433,0.171,0.141,-0.15,0.41,0.54,0.8,1.9,0.09,0.01,1643.6521,0,7.40467593521701,-0.8649974374866044,-1.791759469228055,1.0055218656020977
43,128037690,Grp. A2 B6 (80% C1; 20% C11),433,0.171,0.127,-0.135,0.39,0.54,0.6,1.1,0.07,0.01,1643.7216,0,7.4047182182102755,-0.6061358035703156,-2.043073897508961,1.0608719606852626
44,128406536,Grp. A2 B6 (80% C1; 20% C11),433,0.171,0.127,-0.155,0.44,0.54,0.8,1.1,0.1,0.01,1644.0176,0,7.404898281154928,-0.3184537311185346,-1.6863989535702288,1.0433496099930604
45,128221885,Grp. A2 B6 (80% C1; 20% C11),433,0.171,0.127,-0.145,0.415,0.54,0.7,1.5,0.08,0.01,1644.1604,0,7.40498513776676,-0.7621400520468968,-1.9095425048844386,1.051544777810124
46,127670257,Grp. A2 B6 (80% C1; 20% C11),433,0.171,0.142,-0.155,0.42,0.54,0.4,1.5,0.04,0.01,1644.4333,0,7.405151105365996,-1.3217558399823195,-2.6026896854443837,0.9968295943581673
47,128223615,Grp. A2 B6 (80% C1; 20% C11),433,0.171,0.142,-0.155,0.42,0.54,0.7,0.8,0.09,0.01,1644.4476,0,7.405159801333065,-0.13353139262452274,-1.791759469228055,0.9968295943581673
48,127268434,Grp. A2 B6 (80% C1; 20% C11),433,0.171,0.141,-0.14,0.385,0.54,0.2,0.7,0.02,0.01,1644.4501,0,7.405161321599262,-1.2527629684953678,-3.295836866004329,1.0116009116784799
49,127064763,Grp. A2 B6 (80% C1; 20% C11),433,0.171,0.127,-0.125,0.365,0.54,0.1,0.3,0.01,0.01,1644.5131,0,7.40519963154448,-1.0986122886681096,-3.9889840465642745,1.0715836162801904
50,128404127,Grp. A2 B6 (80% C1; 20% C11),433,0.171,0.127,-0.135,0.39,0.54,0.8,1.0,0.1,0.01,1644.6995,0,7.405312971740368,-0.2231435513142097,-1.6863989535702288,1.0608719606852626
51,128040424,Grp. A2 B6 (80% C1; 20% C11),433,0.171,0.141,-0.16,0.435,0.54,0.6,0.5,0.08,0.01,1644.8456,0,7.405401798611959,0.1823215567939546,-1.9095425048844386,1.0001722158548572
52,127470806,Grp. A2 B6 (80% C1; 20% C11),433,0.171,0.127,-0.135,0.39,0.54,0.3,1.0,0.03,0.01,1645.038,0,7.405518763236616,-1.2039728043259361,-2.890371757896165,1.0608719606852626
53,127475408,Grp. A2 B6 (80% C1; 20% C11),433,0.171,0.127,-0.155,0.44,0.54,0.3,1.1,0.03,0.01,1645.0941,0,7.405552865210822,-1.2992829841302609,-2.890371757896165,1.0433496099930604
54,128038308,Grp. A2 B6 (80% C1; 20% C11),433,0.171,0.141,-0.15,0.41,0.54,0.6,1.2,0.07,0.01,1645.3812,0,7.405727368876435,-0.6931471805599453,-2.043073897508961,1.0055218656020977
55,128223573,Grp. A2 B6 (80% C1; 20% C11),433,0.171,0.142,-0.155,0.42,0.54,0.7,0.2,0.1,0.01,1645.4746,0,7.40578413222658,1.2527629684953678,-1.6863989535702288,0.9968295943581673
56,128586804,Grp. A2 B6 (80% C1; 20% C11),433,0.166,0.141,-0.055,0.055,0.54,0.9,1.5,0.1,0.01,1645.691,0,7.405915635788911,-0.5108256237659907,-1.6863989535702288,0.0
57,127668037,Grp. A2 B6 (80% C1; 20% C11),433,0.171,0.127,-0.125,0.365,0.54,0.4,1.3,0.04,0.01,1645.8503,0,7.406012429348891,-1.1786549963416462,-2.6026896854443837,1.0715836162801904
58,127856853,Grp. A2 B6 (80% C1; 20% C11),433,0.171,0.141,-0.16,0.435,0.54,0.5,1.9,0.05,0.01,1645.9957,0,7.406100768839921,-1.3350010667323402,-2.379546134130174,1.0001722158548572
59,128405602,Grp. A2 B6 (80% C1; 20% C11),433,0.171,0.127,-0.145,0.415,0.54,0.8,1.8,0.09,0.01,1646.0369,0,7.406125798968725,-0.8109302162163287,-1.791759469228055,1.051544777810124
60,128040326,Grp. A2 B6 (80% C1; 20% C11),433,0.171,0.127,-0.125,0.365,0.54,0.6,1.9,0.06,0.01,1646.0728,0,7.406147608691531,-1.1526795099383855,-2.1972245773362196,1.0715836162801904
61,127667010,Grp. A2 B6 (80% C1; 20% C11),433,0.171,0.127,-0.145,0.415,0.54,0.4,0.5,0.05,0.01,1646.8262,0,7.4066051994121365,-0.2231435513142097,-2.379546134130174,1.051544777810124
62,128223891,Grp. A2 B6 (80% C1; 20% C11),433,0.171,0.142,-0.155,0.42,0.54,0.7,1.6,0.08,0.01,1647.1974,0,7.4068305772761995,-0.826678573184468,-1.9095425048844386,0.9968295943581673
63,127475827,Grp. A2 B6 (80% C1; 20% C11),433,0.171,0.142,-0.155,0.42,0.54,0.3,0.2,0.04,0.01,1647.4736,0,7.406998241969061,0.4054651081081642,-2.6026896854443837,0.9968295943581673
64,122433278,Grp. A2 B6 (80% C1; 20% C11),433,0.166,0.127,-0.14,0.355,0.52,0.3,1.3,0.03,0.01,1648.2422,0,7.407464665690387,-1.4663370687934272,-2.8526314299133175,0.9304753668661113
65,127857509,Grp. A2 B6 (80% C1; 20% C11),433,0.171,0.127,-0.155,0.44,0.54,0.5,1.9,0.05,0.01,1648.2955,0,7.407497002648041,-1.3350010667323402,-2.379546134130174,1.0433496099930604
66,128406478,Grp. A2 B6 (80% C1; 20% C11),433,0.171,0.141,-0.16,0.435,0.54,0.8,2.0,0.09,0.01,1648.5524,0,7.407652848479158,-0.916290731874155,-1.791759469228055,1.0001722158548572
67,128221351,Grp. A2 B6 (80% C1; 20% C11),433,0.171,0.141,-0.13,0.36,0.54,0.7,1.4,0.08,0.01,1648.5645,0,7.407660188224982,-0.6931471805599453,-1.9095425048844386,1.0185695809945732
68,123207725,Grp. A2 B6 (80% C1; 20% C11),433,0.166,0.142,-0.145,0.35,0.52,0.7,1.9,0.08,0.01,1648.6093,0,7.407687363013283,-0.9985288301111273,-1.8718021769015913,0.881199412062885
69,122229115,Grp. A2 B6 (80% C1; 20% C11),433,0.166,0.141,-0.145,0.35,0.52,0.2,0.9,0.02,0.01,1648.6742,0,7.407726728751781,-1.504077396776274,-3.258096538021482,0.881199412062885
70,128041784,Grp. A2 B6 (80% C1; 20% C11),433,0.171,0.142,-0.155,0.42,0.54,0.6,1.2,0.07,0.01,1648.68,0,7.407730246723857,-0.6931471805599453,-2.043073897508961,0.9968295943581673
71,122228331,Grp. A2 B6 (80% C1; 20% C11),433,0.166,0.142,-0.145,0.35,0.52,0.2,0.9,0.02,0.01,1648.7457,0,7.407770095991732,-1.504077396776274,-3.258096538021482,0.881199412062885
72,127666608,Grp. A2 B6 (80% C1; 20% C11),433,0.171,0.141,-0.13,0.36,0.54,0.4,1.3,0.04,0.01,1648.8682,0,7.407844392136624,-1.1786549963416462,-2.6026896854443837,1.0185695809945732
73,122633556,Grp. A2 B6 (80% C1; 20% C11),433,0.166,0.142,-0.145,0.35,0.52,0.4,1.8,0.04,0.01,1648.9512,0,7.407894728428549,-1.504077396776274,-2.5649493574615367,0.881199412062885
74,123208212,Grp. A2 B6 (80% C1; 20% C11),433,0.166,0.141,-0.145,0.35,0.52,0.7,1.9,0.08,0.01,1649.1678,0,7.40802607602414,-0.9985288301111273,-1.8718021769015913,0.881199412062885
75,127667362,Grp. A2 B6 (80% C1; 20% C11),433,0.171,0.127,-0.145,0.415,0.54,0.4,1.4,0.04,0.01,1649.3561,0,7.408140248305993,-1.2527629684953678,-2.6026896854443837,1.051544777810124
76,127476928,Grp. A2 B6 (80% C1; 20% C11),433,0.171,0.142,-0.145,0.395,0.54,0.3,1.1,0.03,0.01,1649.3752,0,7.408151828515633,-1.2992829841302609,-2.890371757896165,1.0021520224805476
77,127856457,Grp. A2 B6 (80% C1; 20% C11),433,0.171,0.141,-0.16,0.435,0.54,0.5,0.9,0.06,0.01,1649.4567,0,7.408201239945186,-0.587786664902119,-2.1972245773362196,1.0001722158548572
78,123018700,Grp. A2 B6 (80% C1; 20% C11),433,0.166,0.141,-0.145,0.35,0.52,0.6,1.5,0.07,0.01,1649.6208,0,7.408300722300563,-0.9162907318741551,-2.005333569526114,0.881199412062885
79,122634268,Grp. A2 B6 (80% C1; 20% C11),433,0.166,0.141,-0.145,0.35,0.52,0.4,1.8,0.04,0.01,1649.6531,0,7.408320302366347,-1.504077396776274,-2.5649493574615367,0.881199412062885
80,127275490,Grp. A2 B6 (80% C1; 20% C11),433,0.171,0.142,-0.145,0.395,0.54,0.2,0.7,0.02,0.01,1650.0011,0,7.408531233561071,-1.2527629684953678,-3.295836866004329,1.0021520224805476
81,122019474,Grp. A2 B6 (80% C1; 20% C11),433,0.166,0.142,-0.17,0.405,0.52,0.1,0.5,0.01,0.01,1650.2063,0,7.40865558938202,-1.6094379124341003,-3.951243718581427,0.8680886300562773
82,122230723,Grp. A2 B6 (80% C1; 20% C11),433,0.166,0.141,-0.165,0.395,0.52,0.2,1.0,0.02,0.01,1650.5293,0,7.408851303331984,-1.6094379124341003,-3.258096538021482,0.8729402910005413
83,122436396,Grp. A2 B6 (80% C1; 20% C11),433,0.166,0.141,-0.165,0.395,0.52,0.3,1.5,0.03,0.01,1650.552,0,7.408865056401319,-1.6094379124341005,-2.8526314299133175,0.8729402910005413
84,122635772,Grp. A2 B6 (80% C1; 20% C11),433,0.166,0.141,-0.165,0.395,0.52,0.4,2.0,0.04,0.01,1650.697,0,7.408952901941048,-1.6094379124341003,-2.5649493574615367,0.8729402910005413
85,127665973,Grp. A2 B6 (80% C1; 20% C11),433,0.171,0.141,-0.15,0.41,0.54,0.4,1.5,0.04,0.01,1650.9138,0,7.409084231775753,-1.3217558399823195,-2.6026896854443837,1.0055218656020977
86,123020475,Grp. A2 B6 (80% C1; 20% C11),433,0.166,0.127,-0.16,0.4,0.52,0.6,1.6,0.07,0.01,1650.9468,0,7.4091042205057445,-0.9808292530117264,-2.005333569526114,0.9162907318741551
87,128222634,Grp. A2 B6 (80% C1; 20% C11),433,0.171,0.141,-0.16,0.435,0.54,0.7,0.8,0.09,0.01,1651.0515,0,7.409167636649863,-0.13353139262452274,-1.791759469228055,1.0001722158548572
88,123207376,Grp. A2 B6 (80% C1; 20% C11),433,0.166,0.142,-0.145,0.35,0.52,0.7,1.0,0.09,0.01,1651.2742,0,7.40930251129311,-0.35667494393873245,-1.754019141245208,0.881199412062885
89,123018121,Grp. A2 B6 (80% C1; 20% C11),433,0.166,0.142,-0.145,0.35,0.52,0.6,1.5,0.07,0.01,1651.3567,0,7.409352471462753,-0.9162907318741551,-2.005333569526114,0.881199412062885
90,127855107,Grp. A2 B6 (80% C1; 20% C11),433,0.171,0.127,-0.145,0.415,0.54,0.5,0.8,0.06,0.01,1651.4543,0,7.40941157263447,-0.4700036292457356,-2.1972245773362196,1.051544777810124
91,122826806,Grp. A2 B6 (80% C1; 20% C11),433,0.166,0.142,-0.145,0.35,0.52,0.5,0.3,0.07,0.01,1651.5813,0,7.409488471593756,0.5108256237659907,-2.005333569526114,0.881199412062885
92,128406934,Grp. A2 B6 (80% C1; 20% C11),433,0.171,0.142,-0.155,0.42,0.54,0.8,1.1,0.1,0.01,1651.6989,0,7.409559673546318,-0.3184537311185346,-1.6863989535702288,0.9968295943581673
93,123019358,Grp. A2 B6 (80% C1; 20% C11),433,0.166,0.142,-0.17,0.405,0.52,0.6,1.7,0.07,0.01,1651.7727,0,7.40960435381541,-1.041453874828161,-2.005333569526114,0.8680886300562773
94,122233899,Grp. A2 B6 (80% C1; 20% C11),433,0.166,0.142,-0.19,0.45,0.52,0.2,1.1,0.02,0.01,1651.811,0,7.409627540756308,-1.7047480922384253,-3.258096538021482,0.8622235106038793
95,122829045,Grp. A2 B6 (80% C1; 20% C11),433,0.166,0.141,-0.165,0.395,0.52,0.5,1.2,0.06,0.01,1651.8798,0,7.409669191143208,-0.8754687373538999,-2.1594842493533726,0.8729402910005413
96,128404546,Grp. A2 B6 (80% C1; 20% C11),433,0.171,0.141,-0.15,0.41,0.54,0.8,1.1,0.1,0.01,1652.0479,0,7.409770948817957,-0.3184537311185346,-1.6863989535702288,1.0055218656020977
97,122636444,Grp. A2 B6 (80% C1; 20% C11),433,0.166,0.127,-0.16,0.4,0.52,0.4,1.9,0.04,0.01,1652.0576,0,7.409776820301177,-1.5581446180465497,-2.5649493574615367,0.9162907318741551
98,128220896,Grp. A2 B6 (80% C1; 20% C11),433,0.171,0.141,-0.15,0.41,0.54,0.7,1.5,0.08,0.01,1652.3402,0,7.409947865083188,-0.7621400520468968,-1.9095425048844386,1.0055218656020977
99,128407234,Grp. A2 B6 (80% C1; 20% C11),433,0.171,0.142,-0.155,0.42,0.54,0.8,1.9,0.09,0.01,1652.3771,0,7.409970196796706,-0.8649974374866044,-1.791759469228055,0.9968295943581673
0,27471405,Grp. A2 B6 (80% C1; 20% C11),435,0.171,0.127,-0.145,0.415,0.14,1.4,1.4,0.04,0.01,169.74881,0,5.134319756104955,0.0,-1.252762968495368,1.051544777810124
1,27471022,Grp. A2 B6 (80% C1; 20% C11),435,0.171,0.141,-0.13,0.36,0.14,1.4,1.4,0.04,0.01,174.71721,0,5.163168724022451,0.0,-1.252762968495368,1.0185695809945732
2,21877029,Grp. A2 B6 (80% C1; 20% C11),435,0.166,0.127,-0.16,0.4,0.12,1.2,1.2,0.03,0.01,176.16887,0,5.171443023659523,0.0,-1.3862943611198906,0.9162907318741551
3,27469874,Grp. A2 B6 (80% C1; 20% C11),435,0.171,0.141,-0.14,0.385,0.14,1.4,1.4,0.04,0.01,177.1483,0,5.176987234878193,0.0,-1.252762968495368,1.0116009116784799
4,21875038,Grp. A2 B6 (80% C1; 20% C11),435,0.166,0.142,-0.145,0.35,0.12,1.2,1.2,0.03,0.01,177.56604,0,5.179342596057702,0.0,-1.3862943611198906,0.881199412062885
5,27472552,Grp. A2 B6 (80% C1; 20% C11),435,0.171,0.127,-0.155,0.44,0.14,1.4,1.4,0.04,0.01,179.32796,0,5.1892163082195015,0.0,-1.252762968495368,1.0433496099930604
6,21875536,Grp. A2 B6 (80% C1; 20% C11),435,0.166,0.141,-0.145,0.35,0.12,1.2,1.2,0.03,0.01,181.30807,0,5.200197628628979,0.0,-1.3862943611198906,0.881199412062885
7,18742694,Grp. A2 B6 (80% C1; 20% C11),435,0.166,0.141,-0.12,0.245,0.08,1.9,1.8,0.04,0.01,184.61714,0,5.21828416716263,0.05406722127027579,-0.6931471805599453,0.7137664677626809
8,18742886,Grp. A2 B6 (80% C1; 20% C11),435,0.166,0.141,-0.125,0.255,0.08,1.9,1.8,0.04,0.01,185.29375,0,5.22194240363451,0.05406722127027579,-0.6931471805599453,0.712949807856125
9,18741926,Grp. A2 B6 (80% C1; 20% C11),435,0.166,0.127,-0.14,0.295,0.08,1.9,1.8,0.04,0.01,186.77898,0,5.229925992696535,0.05406722127027579,-0.6931471805599453,0.7453329337305153
10,18741542,Grp. A2 B6 (80% C1; 20% C11),435,0.166,0.127,-0.145,0.305,0.08,1.9,1.8,0.04,0.01,190.41385,0,5.249199861308362,0.05406722127027579,-0.6931471805599453,0.7435780341868372
11,23486750,Grp. A2 B6 (80% C1; 20% C11),435,0.166,0.127,-0.14,0.355,0.12,1.8,1.9,0.04,0.01,191.33824,0,5.254042751921943,-0.0540672212702757,-1.0986122886681096,0.9304753668661113
12,35298305,Grp. A2 B6 (80% C1; 20% C11),435,0.166,0.127,-0.085,0.175,0.18,0.4,0.3,0.02,0.01,192.00305,0,5.257511257318276,0.287682072451781,-2.197224577336219,0.7221347174331975
13,35297529,Grp. A2 B6 (80% C1; 20% C11),435,0.166,0.142,-0.09,0.175,0.18,0.4,0.3,0.02,0.01,192.34673,0,5.259299628793856,0.287682072451781,-2.197224577336219,0.664976303593249
14,18743270,Grp. A2 B6 (80% C1; 20% C11),435,0.166,0.127,-0.15,0.315,0.08,1.9,1.8,0.04,0.01,192.48174,0,5.260001292085758,0.05406722127027579,-0.6931471805599453,0.7419373447293773
15,27205060,Grp. A2 B6 (80% C1; 20% C11),435,0.166,0.127,-0.16,0.4,0.14,1.3,1.3,0.04,0.01,192.66226,0,5.260938707770382,0.0,-1.252762968495368,0.9162907318741551
16,27203369,Grp. A2 B6 (80% C1; 20% C11),435,0.166,0.142,-0.145,0.35,0.14,1.3,1.3,0.04,0.01,193.03728,0,5.262883330873536,0.0,-1.252762968495368,0.881199412062885
17,18444102,Grp. A2 B6 (80% C1; 20% C11),435,0.166,0.141,-0.095,0.185,0.08,1.8,1.8,0.03,0.01,193.47334,0,5.265139725199829,0.0,-0.9808292530117262,0.666478933477784
18,37199604,Grp. A2 B6 (80% C1; 20% C11),435,0.171,0.141,-0.16,0.435,0.18,1.2,1.3,0.04,0.01,195.36609,0,5.274875183095193,-0.0800427076735365,-1.504077396776274,1.0001722158548572
19,35300633,Grp. A2 B6 (80% C1; 20% C11),435,0.166,0.142,-0.085,0.165,0.18,0.4,0.3,0.02,0.01,195.60818,0,5.276113576767183,0.287682072451781,-2.197224577336219,0.6632942174102642
20,32074196,Grp. A2 B6 (80% C1; 20% C11),435,0.171,0.141,-0.16,0.435,0.16,1.2,1.2,0.04,0.01,195.62514,0,5.276200276949114,0.0,-1.3862943611198906,1.0001722158548572
21,37200496,Grp. A2 B6 (80% C1; 20% C11),435,0.171,0.142,-0.155,0.42,0.18,1.2,1.3,0.04,0.01,195.87752,0,5.2774895659412255,-0.0800427076735365,-1.504077396776274,0.9968295943581673
22,27203792,Grp. A2 B6 (80% C1; 20% C11),435,0.166,0.141,-0.145,0.35,0.14,1.3,1.3,0.04,0.01,195.88388,0,5.277522034683682,0.0,-1.252762968495368,0.881199412062885
23,32075128,Grp. A2 B6 (80% C1; 20% C11),435,0.171,0.142,-0.155,0.42,0.16,1.2,1.2,0.04,0.01,196.12927,0,5.278773982645385,0.0,-1.3862943611198906,0.9968295943581673
24,17362908,Grp. A2 B6 (80% C1; 20% C11),435,0.166,0.127,-0.11,0.22,0.08,1.4,1.3,0.03,0.01,197.94586,0,5.287993558961115,0.07410797215372183,-0.9808292530117262,0.6931471805599453
25,35329465,Grp. A2 B6 (80% C1; 20% C11),435,0.166,0.142,-0.145,0.29,0.18,0.4,0.3,0.02,0.01,198.05795,0,5.288559664640722,0.287682072451781,-2.197224577336219,0.6931471805599453
26,35299857,Grp. A2 B6 (80% C1; 20% C11),435,0.166,0.127,-0.08,0.165,0.18,0.4,0.3,0.02,0.01,199.67967,0,5.296714432535467,0.287682072451781,-2.197224577336219,0.723918839226699
27,27728357,Grp. A2 B6 (80% C1; 20% C11),435,0.166,0.141,-0.165,0.395,0.14,1.5,1.6,0.04,0.01,199.88687,0,5.297751556507722,-0.06453852113757118,-1.252762968495368,0.8729402910005413
28,26955608,Grp. A2 B6 (80% C1; 20% C11),435,0.166,0.141,-0.21,0.495,0.14,1.2,1.3,0.03,0.01,200.15437,0,5.299088918825014,-0.0800427076735365,-1.540445040947149,0.8574502318512216
29,18187456,Grp. A2 B6 (80% C1; 20% C11),435,0.166,0.127,-0.595,0.775,0.08,1.7,1.7,0.03,0.01,200.55055,0,5.301066334670542,0.0,-0.9808292530117262,0.26430162380771727
30,18189632,Grp. A2 B6 (80% C1; 20% C11),435,0.166,0.127,-0.575,0.75,0.08,1.7,1.7,0.03,0.01,200.92645,0,5.30293892069586,0.0,-0.9808292530117262,0.2657031657330057
31,35299081,Grp. A2 B6 (80% C1; 20% C11),435,0.166,0.141,-0.09,0.175,0.18,0.4,0.3,0.02,0.01,201.0897,0,5.303751077167551,0.287682072451781,-2.197224577336219,0.664976303593249
32,18188000,Grp. A2 B6 (80% C1; 20% C11),435,0.166,0.127,-0.59,0.77,0.08,1.7,1.7,0.03,0.01,201.58972,0,5.306234542833582,0.0,-0.9808292530117262,0.2662679779479645
33,18188816,Grp. A2 B6 (80% C1; 20% C11),435,0.166,0.127,-0.57,0.745,0.08,1.7,1.7,0.03,0.01,202.06471,0,5.308587992635863,0.0,-0.9808292530117262,0.26774785755096375
34,35332569,Grp. A2 B6 (80% C1; 20% C11),435,0.166,0.142,-0.15,0.3,0.18,0.4,0.3,0.02,0.01,202.58598,0,5.311164389025259,0.287682072451781,-2.197224577336219,0.6931471805599453
35,18189360,Grp. A2 B6 (80% C1; 20% C11),435,0.166,0.141,-0.57,0.73,0.08,1.7,1.7,0.03,0.01,202.62457,0,5.311354857906766,0.0,-0.9808292530117262,0.24740817331384096
36,18188272,Grp. A2 B6 (80% C1; 20% C11),435,0.166,0.141,-0.59,0.755,0.08,1.7,1.7,0.03,0.01,202.67891,0,5.311623002657586,0.0,-0.9808292530117262,0.24659521234925968
37,18189088,Grp. A2 B6 (80% C1; 20% C11),435,0.166,0.142,-0.575,0.735,0.08,1.7,1.7,0.03,0.01,203.7957,0,5.317118021449254,0.0,-0.9808292530117262,0.24550045841548637
38,28289141,Grp. A2 B6 (80% C1; 20% C11),435,0.171,0.141,-0.16,0.435,0.14,1.7,1.7,0.05,0.01,203.88892,0,5.317575335740996,0.0,-1.0296194171811581,1.0001722158548572
39,28289616,Grp. A2 B6 (80% C1; 20% C11),435,0.171,0.142,-0.155,0.42,0.14,1.7,1.7,0.05,0.01,203.89923,0,5.317625901212318,0.0,-1.0296194171811581,0.9968295943581673
40,18187728,Grp. A2 B6 (80% C1; 20% C11),435,0.166,0.142,-0.595,0.76,0.08,1.7,1.7,0.03,0.01,204.02582,0,5.318246554462535,0.0,-0.9808292530117262,0.2447570277347471
41,18444335,Grp. A2 B6 (80% C1; 20% C11),435,0.166,0.127,-0.11,0.22,0.08,1.8,1.8,0.03,0.01,204.09111,0,5.318566511787299,0.0,-0.9808292530117262,0.6931471805599453
42,18188544,Grp. A2 B6 (80% C1; 20% C11),435,0.166,0.141,-0.595,0.76,0.08,1.7,1.7,0.03,0.01,204.41695,0,5.320161780527417,0.0,-0.9808292530117262,0.2447570277347471
43,18189904,Grp. A2 B6 (80% C1; 20% C11),435,0.166,0.127,-0.55,0.72,0.08,1.7,1.7,0.03,0.01,204.86166,0,5.322334922070355,0.0,-0.9808292530117262,0.2693329337835842
44,27728038,Grp. A2 B6 (80% C1; 20% C11),435,0.166,0.142,-0.17,0.405,0.14,1.5,1.6,0.04,0.01,205.90121,0,5.327396490655621,-0.06453852113757118,-1.252762968495368,0.8680886300562773
45,27216854,Grp. A2 B6 (80% C1; 20% C11),435,0.171,0.142,-0.145,0.395,0.14,1.3,1.4,0.03,0.01,207.28572,0,5.334098131396069,-0.07410797215372172,-1.540445040947149,1.0021520224805476
46,17143453,Grp. A2 B6 (80% C1; 20% C11),435,0.166,0.127,-0.585,0.69,0.08,1.3,1.2,0.03,0.01,207.45544,0,5.334916569621365,0.08004270767353656,-0.9808292530117262,0.1650797503594486
47,27213815,Grp. A2 B6 (80% C1; 20% C11),435,0.171,0.141,-0.15,0.41,0.14,1.3,1.4,0.03,0.01,207.56381,0,5.335438810469051,-0.07410797215372172,-1.540445040947149,1.0055218656020977
48,21874540,Grp. A2 B6 (80% C1; 20% C11),435,0.166,0.127,-0.14,0.355,0.12,1.2,1.2,0.03,0.01,208.26686,0,5.338820238153991,0.0,-1.3862943611198906,0.9304753668661113
49,22373780,Grp. A2 B6 (80% C1; 20% C11),435,0.166,0.127,-0.11,0.22,0.12,1.4,1.5,0.03,0.01,208.4582,0,5.3397385415238245,-0.06899287148695156,-1.3862943611198906,0.6931471805599453
50,26955134,Grp. A2 B6 (80% C1; 20% C11),435,0.166,0.142,-0.19,0.45,0.14,1.2,1.3,0.03,0.01,208.49734,0,5.33992628336371,-0.0800427076735365,-1.540445040947149,0.8622235106038793
51,38249492,Grp. A2 B6 (80% C1; 20% C11),435,0.171,0.141,-0.13,0.36,0.18,1.6,1.8,0.05,0.01,208.5364,0,5.340113606337214,-0.11778303565638339,-1.2809338454620642,1.0185695809945732
52,27215986,Grp. A2 B6 (80% C1; 20% C11),435,0.171,0.127,-0.155,0.44,0.14,1.3,1.4,0.03,0.01,208.90201,0,5.341865290344857,-0.07410797215372172,-1.540445040947149,1.0433496099930604
53,38249732,Grp. A2 B6 (80% C1; 20% C11),435,0.171,0.127,-0.145,0.415,0.18,1.6,1.8,0.05,0.01,208.95894,0,5.342137773334006,-0.11778303565638339,-1.2809338454620642,1.051544777810124
54,18453567,Grp. A2 B6 (80% C1; 20% C11),435,0.166,0.141,-0.155,0.31,0.08,1.8,1.8,0.03,0.01,209.11159,0,5.342868032923381,0.0,-0.9808292530117262,0.6931471805599453
55,18443403,Grp. A2 B6 (80% C1; 20% C11),435,0.166,0.141,-0.09,0.175,0.08,1.8,1.8,0.03,0.01,209.24797,0,5.343520008008309,0.0,-0.9808292530117262,0.664976303593249
56,27470257,Grp. A2 B6 (80% C1; 20% C11),435,0.171,0.127,-0.135,0.39,0.14,1.4,1.4,0.04,0.01,209.53719,0,5.344901241507515,0.0,-1.252762968495368,1.0608719606852626
57,17141128,Grp. A2 B6 (80% C1; 20% C11),435,0.166,0.127,-0.59,0.695,0.08,1.3,1.2,0.03,0.01,209.91052,0,5.346681344675003,0.08004270767353656,-0.9808292530117262,0.16378930866502697
58,27212947,Grp. A2 B6 (80% C1; 20% C11),435,0.171,0.141,-0.14,0.385,0.14,1.3,1.4,0.03,0.01,210.43626,0,5.34918280441804,-0.07410797215372172,-1.540445040947149,1.0116009116784799
59,18453801,Grp. A2 B6 (80% C1; 20% C11),435,0.166,0.141,-0.15,0.3,0.08,1.8,1.8,0.03,0.01,210.43921,0,5.349196822816404,0.0,-0.9808292530117262,0.6931471805599453
60,27727719,Grp. A2 B6 (80% C1; 20% C11),435,0.166,0.141,-0.145,0.35,0.14,1.5,1.6,0.04,0.01,210.52881,0,5.349622508365406,-0.06453852113757118,-1.252762968495368,0.881199412062885
61,43870861,Grp. A2 B6 (80% C1; 20% C11),435,0.166,0.142,-0.14,0.265,0.1,1.8,1.8,0.04,0.01,211.22464,0,5.3529222116937465,0.0,-0.9162907318741551,0.6380874033769178
62,22388377,Grp. A2 B6 (80% C1; 20% C11),435,0.166,0.141,-0.155,0.31,0.12,1.4,1.5,0.03,0.01,212.0999,0,5.357057390094806,-0.06899287148695156,-1.3862943611198906,0.6931471805599453
63,38249012,Grp. A2 B6 (80% C1; 20% C11),435,0.171,0.127,-0.135,0.39,0.18,1.6,1.8,0.05,0.01,213.5625,0,5.36392952987551,-0.11778303565638339,-1.2809338454620642,1.0608719606852626
64,43870654,Grp. A2 B6 (80% C1; 20% C11),435,0.166,0.127,-0.135,0.265,0.1,1.8,1.8,0.04,0.01,213.65872,0,5.364379975673249,0.0,-0.9162907318741551,0.6744550475477928
65,43035623,Grp. A2 B6 (80% C1; 20% C11),435,0.166,0.141,-0.095,0.185,0.1,1.5,1.4,0.04,0.01,213.77893,0,5.364942443687797,0.06899287148695142,-0.9162907318741551,0.666478933477784
66,27728677,Grp. A2 B6 (80% C1; 20% C11),435,0.166,0.127,-0.16,0.4,0.14,1.5,1.6,0.04,0.01,213.78584,0,5.364974766276025,-0.06453852113757118,-1.252762968495368,0.9162907318741551
67,35301409,Grp. A2 B6 (80% C1; 20% C11),435,0.166,0.141,-0.095,0.185,0.18,0.4,0.3,0.02,0.01,214.2068,0,5.3669419035415,0.287682072451781,-2.197224577336219,0.666478933477784
68,35331793,Grp. A2 B6 (80% C1; 20% C11),435,0.166,0.141,-0.15,0.3,0.18,0.4,0.3,0.02,0.01,214.34735,0,5.367597830009784,0.287682072451781,-2.197224577336219,0.6931471805599453
69,26954186,Grp. A2 B6 (80% C1; 20% C11),435,0.166,0.141,-0.185,0.44,0.14,1.2,1.3,0.03,0.01,214.84851,0,5.3699331751259765,-0.0800427076735365,-1.540445040947149,0.8664189018339821
70,22388768,Grp. A2 B6 (80% C1; 20% C11),435,0.166,0.141,-0.15,0.3,0.12,1.4,1.5,0.03,0.01,214.85342,0,5.369956028176696,-0.06899287148695156,-1.3862943611198906,0.6931471805599453
71,28572709,Grp. A2 B6 (80% C1; 20% C11),435,0.166,0.127,-0.14,0.355,0.14,1.8,1.9,0.05,0.01,214.85652,0,5.3699704565141,-0.0540672212702757,-1.0296194171811581,0.9304753668661113
72,31582899,Grp. A2 B6 (80% C1; 20% C11),435,0.166,0.127,-0.15,0.315,0.16,1.0,1.1,0.03,0.01,214.87242,0,5.370044456650126,-0.0953101798043249,-1.6739764335716716,0.7419373447293773
73,18166580,Grp. A2 B6 (80% C1; 20% C11),435,0.166,0.142,-0.05,0.05,0.08,1.7,1.7,0.03,0.01,215.05751,0,5.370905480731119,0.0,-0.9808292530117262,0.0
74,56328226,Grp. A2 B6 (80% C1; 20% C11),435,0.171,0.127,-0.155,0.44,0.26,0.6,0.7,0.03,0.01,215.9297,0,5.374952891746638,-0.15415067982725822,-2.1594842493533726,1.0433496099930604
75,31577887,Grp. A2 B6 (80% C1; 20% C11),435,0.166,0.127,-0.145,0.305,0.16,1.0,1.1,0.03,0.01,216.08408,0,5.375667591201694,-0.0953101798043249,-1.6739764335716716,0.7435780341868372
76,28283329,Grp. A2 B6 (80% C1; 20% C11),435,0.166,0.142,-0.17,0.405,0.14,1.7,1.9,0.04,0.01,216.5896,0,5.378004318640367,-0.11122563511022437,-1.252762968495368,0.8680886300562773
77,56329644,Grp. A2 B6 (80% C1; 20% C11),435,0.171,0.142,-0.145,0.395,0.26,0.6,0.7,0.03,0.01,216.656,0,5.378310842240468,-0.15415067982725822,-2.1594842493533726,1.0021520224805476
78,28284213,Grp. A2 B6 (80% C1; 20% C11),435,0.166,0.127,-0.205,0.5,0.14,1.7,1.9,0.04,0.01,216.80692,0,5.379007187875285,-0.11122563511022437,-1.252762968495368,0.8915981192837835
79,38248772,Grp. A2 B6 (80% C1; 20% C11),435,0.171,0.141,-0.14,0.385,0.18,1.6,1.8,0.05,0.01,216.94286,0,5.379634000893845,-0.11778303565638339,-1.2809338454620642,1.0116009116784799
80,26954660,Grp. A2 B6 (80% C1; 20% C11),435,0.166,0.127,-0.205,0.5,0.14,1.2,1.3,0.03,0.01,217.32852,0,5.381410125774026,-0.0800427076735365,-1.540445040947149,0.8915981192837835
81,27727400,Grp. A2 B6 (80% C1; 20% C11),435,0.166,0.142,-0.145,0.35,0.14,1.5,1.6,0.04,0.01,217.33585,0,5.3814438529460995,-0.06453852113757118,-1.252762968495368,0.881199412062885
82,28283993,Grp. A2 B6 (80% C1; 20% C11),435,0.166,0.141,-0.185,0.44,0.14,1.7,1.9,0.04,0.01,217.42384,0,5.381848628288549,-0.11122563511022437,-1.252762968495368,0.8664189018339821
83,31579001,Grp. A2 B6 (80% C1; 20% C11),435,0.166,0.127,-0.14,0.295,0.16,1.0,1.1,0.03,0.01,217.8908,0,5.383994019856848,-0.0953101798043249,-1.6739764335716716,0.7453329337305153
84,13801806,Grp. A2 B6 (80% C1; 20% C11),435,0.166,0.127,-0.14,0.295,0.06,1.9,1.8,0.03,0.01,218.32964,0,5.3860060307935305,0.05406722127027579,-0.6931471805599453,0.7453329337305153
85,22374171,Grp. A2 B6 (80% C1; 20% C11),435,0.166,0.141,-0.12,0.23,0.12,1.4,1.5,0.03,0.01,219.0538,0,5.389317361746965,-0.06899287148695156,-1.3862943611198906,0.6505875661411494
86,13001920,Grp. A2 B6 (80% C1; 20% C11),435,0.166,0.141,-0.08,0.065,0.06,1.6,1.6,0.02,0.01,219.0681,0,5.389382640382911,0.0,-1.0986122886681096,-0.2076393647782445
87,17362480,Grp. A2 B6 (80% C1; 20% C11),435,0.166,0.141,-0.095,0.185,0.08,1.4,1.3,0.03,0.01,219.34319,0,5.390637580857198,0.07410797215372183,-0.9808292530117262,0.666478933477784
88,13001232,Grp. A2 B6 (80% C1; 20% C11),435,0.166,0.142,-0.08,0.065,0.06,1.6,1.6,0.02,0.01,219.47734,0,5.391248992562019,0.0,-1.0986122886681096,-0.2076393647782445
89,22389159,Grp. A2 B6 (80% C1; 20% C11),435,0.166,0.142,-0.15,0.3,0.12,1.4,1.5,0.03,0.01,219.70494,0,5.3922854643448765,-0.06899287148695156,-1.3862943611198906,0.6931471805599453
90,28283550,Grp. A2 B6 (80% C1; 20% C11),435,0.166,0.141,-0.165,0.395,0.14,1.7,1.9,0.04,0.01,219.90443,0,5.393193042878488,-0.11122563511022437,-1.252762968495368,0.8729402910005413
91,27216420,Grp. A2 B6 (80% C1; 20% C11),435,0.171,0.142,-0.155,0.42,0.14,1.3,1.4,0.03,0.01,219.95699,0,5.393432027239745,-0.07410797215372172,-1.540445040947149,0.9968295943581673
92,16877515,Grp. A2 B6 (80% C1; 20% C11),435,0.166,0.127,-0.06,0.065,0.08,1.2,1.2,0.02,0.01,220.00606,0,5.393655091427538,0.0,-1.3862943611198906,0.08004270767353656
93,35335675,Grp. A2 B6 (80% C1; 20% C11),435,0.166,0.127,-0.15,0.315,0.18,0.4,0.3,0.02,0.01,220.059,0,5.393895692216228,0.287682072451781,-2.197224577336219,0.7419373447293773
94,56324679,Grp. A2 B6 (80% C1; 20% C11),435,0.171,0.141,-0.15,0.41,0.26,0.6,0.7,0.03,0.01,220.07622,0,5.393973940896299,-0.15415067982725822,-2.1594842493533726,1.0055218656020977
95,28284431,Grp. A2 B6 (80% C1; 20% C11),435,0.166,0.142,-0.19,0.45,0.14,1.7,1.9,0.04,0.01,220.14107,0,5.394268568126724,-0.11122563511022437,-1.252762968495368,0.8622235106038793
96,68624500,Grp. A2 B6 (80% C1; 20% C11),435,0.171,0.127,-0.155,0.44,0.2,1.4,1.6,0.05,0.01,220.14905,0,5.394304816952843,-0.13353139262452274,-1.3862943611198906,1.0433496099930604
97,13802702,Grp. A2 B6 (80% C1; 20% C11),435,0.166,0.141,-0.12,0.245,0.06,1.9,1.8,0.03,0.01,220.17186,0,5.394408423206838,0.05406722127027579,-0.6931471805599453,0.7137664677626809
98,68625145,Grp. A2 B6 (80% C1; 20% C11),435,0.171,0.142,-0.145,0.395,0.2,1.4,1.6,0.05,0.01,220.1722,0,5.394409967453853,-0.13353139262452274,-1.3862943611198906,1.0021520224805476
99,27729315,Grp. A2 B6 (80% C1; 20% C11),435,0.166,0.127,-0.205,0.5,0.14,1.5,1.6,0.04,0.01,220.22939,0,5.394669684955424,-0.06453852113757118,-1.252762968495368,0.8915981192837835
0,9367515,Grp. A2 B6 (80% C1; 20% C11),627,0.166,0.141,-0.085,0.075,0.04,2.0,1.5,0.06,0.01,2752.7068,0,7.920339997473047,0.28768207245178085,0.4054651081081644,-0.12516314295400616
1,19181775,Grp. A2 B6 (80% C1; 20% C11),627,0.166,0.127,-0.06,0.065,0.08,2.0,1.7,0.07,0.01,3152.6274,0,8.05599147939365,0.16251892949777494,-0.1335313926245225,0.08004270767353656
2,18892109,Grp. A2 B6 (80% C1; 20% C11),627,0.166,0.141,-0.08,0.075,0.08,1.9,1.7,0.06,0.01,3190.509,0,8.067935744178895,0.1112256351102244,-0.2876820724517809,-0.06453852113757118
3,19188362,Grp. A2 B6 (80% C1; 20% C11),627,0.166,0.141,-0.095,0.135,0.08,2.0,1.8,0.06,0.01,3197.4775,0,8.070117496680782,0.10536051565782635,-0.2876820724517809,0.3513978868378886
4,13942922,Grp. A2 B6 (80% C1; 20% C11),627,0.166,0.142,-0.055,0.05,0.06,1.9,1.3,0.08,0.01,3291.7236,0,8.099166597154166,0.3794896217049037,0.287682072451781,-0.09531017980432477
5,13119894,Grp. A2 B6 (80% C1; 20% C11),627,0.166,0.127,-0.585,0.69,0.06,1.6,1.4,0.04,0.01,3374.6409,0,8.124044197645748,0.13353139262452277,-0.4054651081081643,0.1650797503594486
6,17018211,Grp. A2 B6 (80% C1; 20% C11),627,0.166,0.142,-0.625,0.72,0.08,1.2,1.0,0.04,0.01,3417.3096,0,8.136608853805392,0.1823215567939546,-0.6931471805599453,0.14149956227369942
7,9083902,Grp. A2 B6 (80% C1; 20% C11),627,0.166,0.141,-0.08,0.075,0.04,1.9,1.5,0.05,0.01,3458.0056,0,8.148447285675124,0.23638877806423034,0.22314355131420976,-0.06453852113757118
8,18882339,Grp. A2 B6 (80% C1; 20% C11),627,0.166,0.127,-0.16,0.4,0.08,1.9,1.6,0.06,0.01,3491.457,0,8.158074406586595,0.17185025692665903,-0.2876820724517809,0.9162907318741551
9,7506741,Grp. A2 B6 (80% C1; 20% C11),627,0.166,0.141,-0.05,0.05,0.04,1.3,0.9,0.04,0.01,3537.127,0,8.171070094696013,0.36772478012531734,0.0,0.0
10,13118128,Grp. A2 B6 (80% C1; 20% C11),627,0.166,0.127,-0.59,0.695,0.06,1.6,1.4,0.04,0.01,3665.0417,0,8.206594992155068,0.13353139262452277,-0.4054651081081643,0.16378930866502697
11,18888400,Grp. A2 B6 (80% C1; 20% C11),627,0.166,0.142,-0.625,0.72,0.08,1.9,1.3,0.09,0.01,3675.433,0,8.20942622783559,0.3794896217049037,0.11778303565638346,0.14149956227369942
12,12840317,Grp. A2 B6 (80% C1; 20% C11),627,0.166,0.141,-0.045,0.045,0.06,1.5,0.9,0.07,0.01,3686.4949,0,8.212431394002735,0.5108256237659906,0.15415067982725836,0.0
13,43461012,Grp. A2 B6 (80% C1; 20% C11),627,0.166,0.141,-0.095,0.135,0.1,1.6,1.4,0.06,0.01,3799.087,0,8.242516053688766,0.13353139262452277,-0.5108256237659907,0.3513978868378886
14,17760270,Grp. A2 B6 (80% C1; 20% C11),627,0.166,0.142,-0.145,0.35,0.08,1.5,1.2,0.05,0.01,3852.9963,0,8.256606384335013,0.22314355131420976,-0.4700036292457356,0.881199412062885
15,14230717,Grp. A2 B6 (80% C1; 20% C11),627,0.166,0.141,-0.05,0.05,0.06,2.0,1.9,0.04,0.01,3916.033,0,8.272834430581186,0.05129329438755048,-0.4054651081081643,0.0
16,14243805,Grp. A2 B6 (80% C1; 20% C11),627,0.166,0.141,-0.595,0.76,0.06,2.0,1.9,0.04,0.01,3920.8643,0,8.274067393175208,0.05129329438755048,-0.4054651081081643,0.2447570277347471
17,44030950,Grp. A2 B6 (80% C1; 20% C11),627,0.166,0.142,-0.075,0.065,0.1,1.8,1.6,0.07,0.01,3923.1904,0,8.274660479316788,0.11778303565638346,-0.3566749439387323,-0.1431008436406733
18,14243310,Grp. A2 B6 (80% C1; 20% C11),627,0.166,0.142,-0.595,0.76,0.06,2.0,1.9,0.04,0.01,3925.9329,0,8.275359283503391,0.05129329438755048,-0.4054651081081643,0.2447570277347471
19,43187202,Grp. A2 B6 (80% C1; 20% C11),627,0.166,0.141,-0.095,0.13,0.1,1.5,1.4,0.05,0.01,3940.428,0,8.279044625833853,0.06899287148695142,-0.6931471805599453,0.3136575588550416
20,42909829,Grp. A2 B6 (80% C1; 20% C11),627,0.166,0.127,-0.06,0.065,0.1,1.4,1.0,0.07,0.01,3947.7544,0,8.280902189905058,0.3364722366212129,-0.3566749439387323,0.08004270767353656
21,42687672,Grp. A2 B6 (80% C1; 20% C11),627,0.166,0.141,-0.075,0.065,0.1,1.3,1.0,0.06,0.01,3951.7368,0,8.28191045745965,0.26236426446749106,-0.5108256237659907,-0.1431008436406733
22,14243640,Grp. A2 B6 (80% C1; 20% C11),627,0.166,0.141,-0.59,0.755,0.06,2.0,1.9,0.04,0.01,3976.682,0,8.288203082242068,0.05129329438755048,-0.4054651081081643,0.24659521234925968
23,43453382,Grp. A2 B6 (80% C1; 20% C11),627,0.166,0.142,-0.06,0.055,0.1,1.6,1.3,0.07,0.01,3977.2104,0,8.288335948007457,0.20763936477824455,-0.3566749439387323,-0.08701137698962969
24,42687246,Grp. A2 B6 (80% C1; 20% C11),627,0.166,0.141,-0.08,0.07,0.1,1.3,1.0,0.06,0.01,4000.0857,0,8.294071064872515,0.26236426446749106,-0.5108256237659907,-0.1335313926245225
25,17019253,Grp. A2 B6 (80% C1; 20% C11),627,0.166,0.142,-0.585,0.675,0.08,1.2,1.0,0.04,0.01,4011.5332,0,8.29692879136537,0.1823215567939546,-0.6931471805599453,0.14310084364067344
26,16777961,Grp. A2 B6 (80% C1; 20% C11),627,0.166,0.127,-0.24,0.305,0.08,1.1,1.0,0.03,0.01,4028.6018,0,8.301174646849566,0.09531017980432493,-0.9808292530117262,0.23967285326542026
27,41712515,Grp. A2 B6 (80% C1; 20% C11),627,0.166,0.141,-0.245,0.31,0.1,0.9,0.5,0.05,0.01,4106.1978,0,8.320252769823352,0.5877866649021191,-0.6931471805599453,0.235314086934465
28,41727957,Grp. A2 B6 (80% C1; 20% C11),627,0.166,0.141,-0.57,0.73,0.1,0.9,0.5,0.05,0.01,4108.2266,0,8.320746730189278,0.5877866649021191,-0.6931471805599453,0.24740817331384096
29,14244135,Grp. A2 B6 (80% C1; 20% C11),627,0.166,0.142,-0.575,0.735,0.06,2.0,1.9,0.04,0.01,4123.8706,0,8.324547467340984,0.05129329438755048,-0.4054651081081643,0.24550045841548637
30,44314142,Grp. A2 B6 (80% C1; 20% C11),627,0.166,0.141,-0.155,0.31,0.1,1.9,1.8,0.06,0.01,4137.6006,0,8.327871333589128,0.05406722127027579,-0.5108256237659907,0.6931471805599453
31,44028767,Grp. A2 B6 (80% C1; 20% C11),627,0.166,0.141,-0.595,0.76,0.1,1.8,1.3,0.09,0.01,4150.8887,0,8.33107773487738,0.32542240043462795,-0.1053605156578264,0.2447570277347471
32,19177574,Grp. A2 B6 (80% C1; 20% C11),627,0.166,0.127,-0.085,0.175,0.08,2.0,1.9,0.05,0.01,4183.0464,0,8.33879506389801,0.05129329438755048,-0.4700036292457356,0.7221347174331975
33,16777386,Grp. A2 B6 (80% C1; 20% C11),627,0.166,0.127,-0.245,0.31,0.08,1.1,1.0,0.03,0.01,4196.0244,0,8.341892784561244,0.09531017980432493,-0.9808292530117262,0.235314086934465
34,43458171,Grp. A2 B6 (80% C1; 20% C11),627,0.166,0.127,-0.24,0.305,0.1,1.6,1.0,0.09,0.01,4218.8306,0,8.347313259623524,0.47000362924573563,-0.1053605156578264,0.23967285326542026
35,44314289,Grp. A2 B6 (80% C1; 20% C11),627,0.166,0.141,-0.15,0.3,0.1,1.9,1.8,0.06,0.01,4220.302,0,8.34766196845052,0.05406722127027579,-0.5108256237659907,0.6931471805599453
36,18327103,Grp. A2 B6 (80% C1; 20% C11),627,0.166,0.141,-0.09,0.075,0.08,1.7,1.7,0.04,0.01,4236.628,0,8.35152294880183,0.0,-0.6931471805599453,-0.1823215567939546
37,17262113,Grp. A2 B6 (80% C1; 20% C11),627,0.166,0.141,-0.095,0.13,0.08,1.3,0.7,0.07,0.01,4239.822,0,8.352276566212696,0.6190392084062236,-0.1335313926245225,0.3136575588550416
38,18325790,Grp. A2 B6 (80% C1; 20% C11),627,0.166,0.141,-0.085,0.07,0.08,1.7,1.7,0.04,0.01,4240.4673,0,8.352428754417229,0.0,-0.6931471805599453,-0.19415601444095737
39,44617182,Grp. A2 B6 (80% C1; 20% C11),627,0.166,0.142,-0.06,0.06,0.1,2.0,2.0,0.06,0.01,4261.333,0,8.357337301115164,0.0,-0.5108256237659907,0.0
40,18325528,Grp. A2 B6 (80% C1; 20% C11),627,0.166,0.141,-0.08,0.065,0.08,1.7,1.7,0.04,0.01,4268.0884,0,8.35892132448456,0.0,-0.6931471805599453,-0.2076393647782445
41,14244300,Grp. A2 B6 (80% C1; 20% C11),627,0.166,0.141,-0.57,0.73,0.06,2.0,1.9,0.04,0.01,4268.7744,0,8.359082039261768,0.05129329438755048,-0.4054651081081643,0.24740817331384096
42,17512955,Grp. A2 B6 (80% C1; 20% C11),627,0.171,0.127,-0.155,0.44,0.08,1.4,0.7,0.07,0.01,4273.0205,0,8.36007623319863,0.6931471805599453,-0.1335313926245225,1.0433496099930604
43,19177433,Grp. A2 B6 (80% C1; 20% C11),627,0.166,0.142,-0.09,0.175,0.08,2.0,1.9,0.05,0.01,4273.285,0,8.360138131290169,0.05129329438755048,-0.4700036292457356,0.664976303593249
44,19183697,Grp. A2 B6 (80% C1; 20% C11),627,0.166,0.127,-0.14,0.295,0.08,2.0,1.9,0.05,0.01,4275.419,0,8.360637388263935,0.05129329438755048,-0.4700036292457356,0.7453329337305153
45,18326841,Grp. A2 B6 (80% C1; 20% C11),627,0.166,0.142,-0.09,0.075,0.08,1.7,1.7,0.04,0.01,4279.0576,0,8.361488077415256,0.0,-0.6931471805599453,-0.1823215567939546
46,16751446,Grp. A2 B6 (80% C1; 20% C11),627,0.166,0.141,-0.05,0.05,0.08,1.1,1.0,0.03,0.01,4293.1685,0,8.364780317396068,0.09531017980432493,-0.9808292530117262,0.0
47,42907998,Grp. A2 B6 (80% C1; 20% C11),627,0.166,0.141,-0.06,0.06,0.1,1.4,1.0,0.07,0.01,4306.499,0,8.367880556022072,0.3364722366212129,-0.3566749439387323,0.0
48,18325266,Grp. A2 B6 (80% C1; 20% C11),627,0.166,0.142,-0.085,0.07,0.08,1.7,1.7,0.04,0.01,4314.4336,0,8.369721331865861,0.0,-0.6931471805599453,-0.19415601444095737
49,17012697,Grp. A2 B6 (80% C1; 20% C11),627,0.171,0.141,-0.13,0.36,0.08,1.2,0.9,0.04,0.01,4372.5894,0,8.383110652652867,0.28768207245178085,-0.6931471805599453,1.0185695809945732
50,18325004,Grp. A2 B6 (80% C1; 20% C11),627,0.166,0.142,-0.08,0.065,0.08,1.7,1.7,0.04,0.01,4408.3984,0,8.39126672787385,0.0,-0.6931471805599453,-0.2076393647782445
51,44028212,Grp. A2 B6 (80% C1; 20% C11),627,0.166,0.142,-0.595,0.76,0.1,1.8,1.3,0.09,0.01,4408.816,0,8.391361451667866,0.32542240043462795,-0.1053605156578264,0.2447570277347471
52,44625199,Grp. A2 B6 (80% C1; 20% C11),627,0.166,0.141,-0.09,0.075,0.1,2.0,1.9,0.07,0.01,4410.993,0,8.391855113161943,0.05129329438755048,-0.3566749439387323,-0.1823215567939546
53,17020295,Grp. A2 B6 (80% C1; 20% C11),627,0.166,0.142,-0.58,0.67,0.08,1.2,1.0,0.04,0.01,4413.3535,0,8.392390110298855,0.1823215567939546,-0.6931471805599453,0.1442496088445469
54,42425485,Grp. A2 B6 (80% C1; 20% C11),627,0.166,0.141,-0.095,0.135,0.1,1.2,1.1,0.04,0.01,4418.046,0,8.393452795876968,0.0870113769896297,-0.9162907318741551,0.3513978868378886
55,41944855,Grp. A2 B6 (80% C1; 20% C11),627,0.166,0.141,-0.095,0.135,0.1,1.0,0.8,0.04,0.01,4430.971,0,8.396374026380059,0.22314355131420976,-0.9162907318741551,0.3513978868378886
56,18297272,Grp. A2 B6 (80% C1; 20% C11),627,0.166,0.127,-0.11,0.22,0.08,1.7,1.5,0.05,0.01,4451.573,0,8.401012795845904,0.125163142954006,-0.4700036292457356,0.6931471805599453
57,43725870,Grp. A2 B6 (80% C1; 20% C11),627,0.166,0.141,-0.055,0.055,0.1,1.7,1.7,0.05,0.01,4458.629,0,8.402596598654181,0.0,-0.6931471805599453,0.0
58,42398104,Grp. A2 B6 (80% C1; 20% C11),627,0.166,0.141,-0.055,0.055,0.1,1.2,0.7,0.07,0.01,4471.368,0,8.4054496810553,0.5389965007326871,-0.3566749439387323,0.0
59,19183414,Grp. A2 B6 (80% C1; 20% C11),627,0.166,0.127,-0.145,0.305,0.08,2.0,1.9,0.05,0.01,4488.8516,0,8.409352179647826,0.05129329438755048,-0.4700036292457356,0.7435780341868372
60,42688098,Grp. A2 B6 (80% C1; 20% C11),627,0.166,0.142,-0.075,0.065,0.1,1.3,1.0,0.06,0.01,4495.511,0,8.41083462231317,0.26236426446749106,-0.5108256237659907,-0.1431008436406733
61,14240457,Grp. A2 B6 (80% C1; 20% C11),627,0.166,0.141,-0.245,0.31,0.06,2.0,1.9,0.04,0.01,4497.8555,0,8.411356006614168,0.05129329438755048,-0.4054651081081643,0.235314086934465
62,44618719,Grp. A2 B6 (80% C1; 20% C11),627,0.166,0.141,-0.155,0.31,0.1,2.0,1.8,0.07,0.01,4536.335,0,8.419874696296064,0.10536051565782635,-0.3566749439387323,0.6931471805599453
63,44314436,Grp. A2 B6 (80% C1; 20% C11),627,0.166,0.142,-0.15,0.3,0.1,1.9,1.8,0.06,0.01,4550.014,0,8.42288558886334,0.05406722127027579,-0.5108256237659907,0.6931471805599453
64,44024583,Grp. A2 B6 (80% C1; 20% C11),627,0.166,0.141,-0.25,0.315,0.1,1.8,1.3,0.09,0.01,4559.177,0,8.424897403763373,0.32542240043462795,-0.1053605156578264,0.23111172096338664
65,13955629,Grp. A2 B6 (80% C1; 20% C11),627,0.166,0.142,-0.075,0.065,0.06,1.9,1.3,0.08,0.01,4570.0596,0,8.427281525378701,0.3794896217049037,0.287682072451781,-0.1431008436406733
66,44624784,Grp. A2 B6 (80% C1; 20% C11),627,0.166,0.141,-0.085,0.07,0.1,2.0,1.9,0.07,0.01,4594.3545,0,8.432583546140435,0.05129329438755048,-0.3566749439387323,-0.19415601444095737
67,16782554,Grp. A2 B6 (80% C1; 20% C11),627,0.166,0.142,-0.255,0.32,0.08,1.1,1.0,0.03,0.01,4625.497,0,8.439339103632632,0.09531017980432493,-0.9808292530117262,0.22705745063534608
68,9072905,Grp. A2 B6 (80% C1; 20% C11),627,0.166,0.141,-0.125,0.255,0.04,1.9,1.3,0.06,0.01,4640.5234,0,8.442582440582802,0.3794896217049037,0.4054651081081644,0.712949807856125
69,41483512,Grp. A2 B6 (80% C1; 20% C11),627,0.166,0.141,-0.245,0.31,0.1,0.8,0.5,0.04,0.01,4641.851,0,8.442868488085702,0.47000362924573563,-0.9162907318741551,0.235314086934465
70,9084405,Grp. A2 B6 (80% C1; 20% C11),627,0.166,0.142,-0.075,0.07,0.04,1.9,1.5,0.05,0.01,4661.3276,0,8.447055579249334,0.23638877806423034,0.22314355131420976,-0.06899287148695131
71,17019774,Grp. A2 B6 (80% C1; 20% C11),627,0.166,0.141,-0.575,0.665,0.08,1.2,1.0,0.04,0.01,4680.232,0,8.451102960332582,0.1823215567939546,-0.6931471805599453,0.14541699985850387
72,41499913,Grp. A2 B6 (80% C1; 20% C11),627,0.166,0.141,-0.57,0.73,0.1,0.8,0.5,0.04,0.01,4700.645,0,8.455455012324974,0.47000362924573563,-0.9162907318741551,0.24740817331384096
73,44024398,Grp. A2 B6 (80% C1; 20% C11),627,0.166,0.142,-0.255,0.32,0.1,1.8,1.3,0.09,0.01,4722.601,0,8.460114986124204,0.32542240043462795,-0.1053605156578264,0.22705745063534608
74,11877390,Grp. A2 B6 (80% C1; 20% C11),627,0.166,0.127,-0.24,0.305,0.06,1.1,0.6,0.05,0.01,4736.3687,0,8.463026024040404,0.6061358035703156,-0.1823215567939546,0.23967285326542026
75,22279775,Grp. A2 B6 (80% C1; 20% C11),627,0.166,0.127,-0.57,0.745,0.12,1.3,1.1,0.06,0.01,4786.671,0,8.473590459226175,0.16705408466316607,-0.6931471805599453,0.26774785755096375
76,24240299,Grp. A2 B6 (80% C1; 20% C11),627,0.166,0.141,-0.095,0.13,0.12,2.0,1.9,0.08,0.01,4792.564,0,8.474820829029904,0.05129329438755048,-0.4054651081081643,0.3136575588550416
77,22775582,Grp. A2 B6 (80% C1; 20% C11),627,0.166,0.142,-0.05,0.05,0.12,1.5,1.4,0.06,0.01,4810.9736,0,8.478654754259747,0.06899287148695142,-0.6931471805599453,0.0
78,24235844,Grp. A2 B6 (80% C1; 20% C11),627,0.166,0.142,-0.14,0.265,0.12,2.0,1.7,0.09,0.01,4814.023,0,8.47928839606322,0.16251892949777494,-0.2876820724517809,0.6380874033769178
79,42924114,Grp. A2 B6 (80% C1; 20% C11),627,0.166,0.141,-0.095,0.13,0.1,1.4,1.4,0.04,0.01,4814.346,0,8.47935548946193,0.0,-0.9162907318741551,0.3136575588550416
80,22278545,Grp. A2 B6 (80% C1; 20% C11),627,0.166,0.127,-0.59,0.77,0.12,1.3,1.1,0.06,0.01,4820.1255,0,8.480555244050079,0.16705408466316607,-0.6931471805599453,0.2662679779479645
81,44027163,Grp. A2 B6 (80% C1; 20% C11),627,0.166,0.142,-0.08,0.07,0.1,1.8,1.6,0.07,0.01,4824.1924,0,8.481398621525443,0.11778303565638346,-0.3566749439387323,-0.1335313926245225
82,42653534,Grp. A2 B6 (80% C1; 20% C11),627,0.166,0.141,-0.145,0.35,0.1,1.3,1.2,0.04,0.01,4824.278,0,8.481416365270608,0.08004270767353656,-0.9162907318741551,0.881199412062885
83,23640783,Grp. A2 B6 (80% C1; 20% C11),627,0.166,0.141,-0.075,0.065,0.12,1.8,1.5,0.09,0.01,4828.803,0,8.482353889845703,0.1823215567939546,-0.2876820724517809,-0.1431008436406733
84,24235777,Grp. A2 B6 (80% C1; 20% C11),627,0.166,0.127,-0.135,0.265,0.12,2.0,1.7,0.09,0.01,4832.992,0,8.483221016557142,0.16251892949777494,-0.2876820724517809,0.6744550475477928
85,23637188,Grp. A2 B6 (80% C1; 20% C11),627,0.166,0.142,-0.085,0.075,0.12,1.8,1.5,0.09,0.01,4835.01,0,8.483638476137582,0.1823215567939546,-0.2876820724517809,-0.12516314295400616
86,19184689,Grp. A2 B6 (80% C1; 20% C11),627,0.166,0.127,-0.15,0.315,0.08,2.0,1.9,0.05,0.01,4835.61,0,8.483762563321397,0.05129329438755048,-0.4700036292457356,0.7419373447293773
87,42921995,Grp. A2 B6 (80% C1; 20% C11),627,0.171,0.127,-0.125,0.365,0.1,1.4,1.3,0.04,0.01,4836.3745,0,8.483920648769445,0.07410797215372183,-0.9162907318741551,1.0715836162801904
88,44030777,Grp. A2 B6 (80% C1; 20% C11),627,0.166,0.141,-0.075,0.065,0.1,1.8,1.6,0.07,0.01,4836.6216,0,8.483971739454791,0.11778303565638346,-0.3566749439387323,-0.1431008436406733
89,19184404,Grp. A2 B6 (80% C1; 20% C11),627,0.166,0.141,-0.125,0.255,0.08,2.0,1.9,0.05,0.01,4841.844,0,8.485050918887293,0.05129329438755048,-0.4700036292457356,0.712949807856125
90,23068037,Grp. A2 B6 (80% C1; 20% C11),627,0.166,0.141,-0.075,0.07,0.12,1.6,1.6,0.06,0.01,4852.116,0,8.4871701774451,0.0,-0.6931471805599453,-0.06899287148695131
91,42654930,Grp. A2 B6 (80% C1; 20% C11),627,0.166,0.127,-0.16,0.4,0.1,1.3,1.2,0.04,0.01,4860.8076,0,8.488959875928868,0.08004270767353656,-0.9162907318741551,0.9162907318741551
92,22792878,Grp. A2 B6 (80% C1; 20% C11),627,0.166,0.141,-0.095,0.135,0.12,1.5,1.4,0.06,0.01,4862.215,0,8.48924937438377,0.06899287148695142,-0.6931471805599453,0.3513978868378886
93,42653068,Grp. A2 B6 (80% C1; 20% C11),627,0.166,0.142,-0.145,0.35,0.1,1.3,1.2,0.04,0.01,4866.616,0,8.49015410801522,0.08004270767353656,-0.9162907318741551,0.881199412062885
94,18881557,Grp. A2 B6 (80% C1; 20% C11),627,0.166,0.142,-0.145,0.35,0.08,1.9,1.6,0.06,0.01,4867.268,0,8.490288073039043,0.17185025692665903,-0.2876820724517809,0.881199412062885
95,22770198,Grp. A2 B6 (80% C1; 20% C11),627,0.166,0.141,-0.095,0.185,0.12,1.5,1.2,0.07,0.01,4869.4175,0,8.490729599066544,0.22314355131420976,-0.5389965007326869,0.666478933477784
96,22281005,Grp. A2 B6 (80% C1; 20% C11),627,0.166,0.127,-0.575,0.75,0.12,1.3,1.1,0.06,0.01,4895.044,0,8.495978543688256,0.16705408466316607,-0.6931471805599453,0.2657031657330057
97,23637892,Grp. A2 B6 (80% C1; 20% C11),627,0.166,0.142,-0.08,0.07,0.12,1.8,1.5,0.09,0.01,4908.8564,0,8.49879628123663,0.1823215567939546,-0.2876820724517809,-0.1335313926245225
98,22281415,Grp. A2 B6 (80% C1; 20% C11),627,0.166,0.127,-0.55,0.72,0.12,1.3,1.1,0.06,0.01,4909.8237,0,8.498993313830274,0.16705408466316607,-0.6931471805599453,0.2693329337835842
99,23935700,Grp. A2 B6 (80% C1; 20% C11),627,0.166,0.141,-0.095,0.085,0.12,1.9,1.8,0.08,0.01,4910.8306,0,8.499198371451236,0.05406722127027579,-0.4054651081081643,-0.11122563511022437
0,100109104,Grp. A2 B6 (80% C1; 20% C11),633,0.166,0.142,-0.055,0.49,0.42,1.6,1.9,0.07,0.01,1075.0875,0,6.9801573325981785,-0.17185025692665915,-1.791759469228055,2.187072205872201
1,99287059,Grp. A2 B6 (80% C1; 20% C11),633,0.166,0.141,-0.055,0.495,0.42,1.3,1.6,0.05,0.01,1186.2117,0,7.0785200627854215,-0.2076393647782445,-2.128231705849268,2.1972245773362196
2,90135604,Grp. A2 B6 (80% C1; 20% C11),633,0.166,0.127,-0.055,0.525,0.38,1.7,2.0,0.05,0.01,1194.5779,0,7.0855481802107905,-0.16251892949777494,-2.0281482472922856,2.256065077359153
3,114227471,Grp. A2 B6 (80% C1; 20% C11),633,0.166,0.127,-0.055,0.525,0.48,1.2,1.4,0.06,0.01,1261.8165,0,7.140307628408511,-0.15415067982725822,-2.0794415416798357,2.256065077359153
4,29021760,Grp. A2 B6 (80% C1; 20% C11),633,0.166,0.127,-0.585,0.69,0.14,1.9,1.6,0.1,0.01,1321.6184,0,7.186612325187956,0.17185025692665903,-0.3364722366212129,0.1650797503594486
5,33261067,Grp. A2 B6 (80% C1; 20% C11),633,0.166,0.141,-0.08,0.075,0.16,1.6,1.4,0.09,0.01,1321.904,0,7.186828400528276,0.13353139262452277,-0.5753641449035618,-0.06453852113757118
6,31712943,Grp. A2 B6 (80% C1; 20% C11),633,0.166,0.142,-0.58,0.67,0.16,1.0,0.3,0.09,0.01,1349.1544,0,7.207233304810229,1.2039728043259361,-0.5753641449035618,0.1442496088445469
7,108512915,Grp. A2 B6 (80% C1; 20% C11),633,0.166,0.127,-0.05,0.485,0.46,0.9,1.1,0.04,0.01,1369.0513,0,7.2218732971941115,-0.20067069546215124,-2.4423470353692043,2.272125885509337
8,38379573,Grp. A2 B6 (80% C1; 20% C11),633,0.166,0.142,-0.07,0.065,0.18,1.6,1.4,0.1,0.01,1372.013,0,7.224034283459599,0.13353139262452277,-0.587786664902119,-0.07410797215372196
9,32209414,Grp. A2 B6 (80% C1; 20% C11),633,0.166,0.141,-0.095,0.085,0.16,1.2,1.0,0.07,0.01,1408.662,0,7.250395596677039,0.1823215567939546,-0.8266785731844678,-0.11122563511022437
10,104368926,Grp. A2 B6 (80% C1; 20% C11),633,0.166,0.141,-0.065,0.57,0.44,1.3,1.5,0.05,0.01,1410.4384,0,7.251655857031806,-0.1431008436406733,-2.1747517214841605,2.1712490909329585
11,38108526,Grp. A2 B6 (80% C1; 20% C11),633,0.166,0.127,-0.24,0.305,0.18,1.5,1.2,0.1,0.01,1411.2816,0,7.252253506710086,0.22314355131420976,-0.587786664902119,0.23967285326542026
12,28432696,Grp. A2 B6 (80% C1; 20% C11),633,0.166,0.127,-0.595,0.775,0.14,1.7,1.4,0.09,0.01,1417.0063,0,7.2563016856935,0.19415601444095756,-0.44183275227903934,0.26430162380771727
13,114228409,Grp. A2 B6 (80% C1; 20% C11),633,0.166,0.127,-0.06,0.565,0.48,1.2,1.4,0.05,0.01,1418.0731,0,7.2570542572443,-0.15415067982725822,-2.2617630984737906,2.24248116892434
14,144875748,Grp. A2 B6 (80% C1; 20% C11),633,0.166,0.127,-0.055,0.525,0.5,1.4,1.6,0.08,0.01,1489.0603,0,7.305900528841866,-0.13353139262452274,-1.8325814637483102,2.256065077359153
15,38674526,Grp. A2 B6 (80% C1; 20% C11),633,0.166,0.141,-0.085,0.075,0.18,1.7,1.6,0.1,0.01,1492.9818,0,7.308530607243857,0.06062462181643484,-0.587786664902119,-0.12516314295400616
16,100417207,Grp. A2 B6 (80% C1; 20% C11),633,0.166,0.142,-0.07,0.61,0.42,1.7,1.9,0.06,0.01,1498.018,0,7.3118981800263345,-0.11122563511022437,-1.9459101490553135,2.164963715117998
17,28429982,Grp. A2 B6 (80% C1; 20% C11),633,0.166,0.141,-0.245,0.31,0.14,1.7,1.4,0.09,0.01,1506.9791,0,7.317862329917187,0.19415601444095756,-0.44183275227903934,0.235314086934465
18,29332879,Grp. A2 B6 (80% C1; 20% C11),633,0.166,0.142,-0.085,0.075,0.14,2.0,1.9,0.09,0.01,1507.782,0,7.3183949757835425,0.05129329438755048,-0.44183275227903934,-0.12516314295400616
19,37059006,Grp. A2 B6 (80% C1; 20% C11),633,0.166,0.142,-0.06,0.06,0.18,1.1,0.9,0.07,0.01,1523.91,0,7.32903467938466,0.20067069546215124,-0.9444616088408512,0.0
20,36377319,Grp. A2 B6 (80% C1; 20% C11),633,0.166,0.142,-0.075,0.07,0.18,0.8,0.5,0.06,0.01,1525.927,0,7.330357373216536,0.47000362924573563,-1.0986122886681098,-0.06899287148695131
21,33837592,Grp. A2 B6 (80% C1; 20% C11),633,0.166,0.142,-0.075,0.07,0.16,1.8,1.6,0.1,0.01,1532.0515,0,7.334362965923515,0.11778303565638346,-0.4700036292457356,-0.06899287148695131
22,109691234,Grp. A2 B6 (80% C1; 20% C11),633,0.166,0.127,-0.06,0.565,0.46,1.4,1.6,0.06,0.01,1538.3745,0,7.338481618474166,-0.13353139262452274,-2.03688192726104,2.24248116892434
23,104627740,Grp. A2 B6 (80% C1; 20% C11),633,0.166,0.127,-0.055,0.525,0.44,1.4,1.7,0.05,0.01,1560.6736,0,7.3528728019187986,-0.1941560144409575,-2.1747517214841605,2.256065077359153
24,103887400,Grp. A2 B6 (80% C1; 20% C11),633,0.166,0.127,-0.05,0.485,0.44,1.1,1.3,0.05,0.01,1566.169,0,7.356387788991082,-0.1670540846631662,-2.1747517214841605,2.272125885509337
25,36621446,Grp. A2 B6 (80% C1; 20% C11),633,0.166,0.142,-0.075,0.065,0.18,0.9,0.7,0.06,0.01,1570.4939,0,7.359145434857818,0.25131442828090617,-1.0986122886681098,-0.1431008436406733
26,67994295,Grp. A2 B6 (80% C1; 20% C11),633,0.166,0.141,-0.465,0.565,0.2,1.1,0.7,0.09,0.01,1593.5076,0,7.373692903221606,0.4519851237430574,-0.7985076962177717,0.19478832555908449
27,27604129,Grp. A2 B6 (80% C1; 20% C11),633,0.166,0.127,-0.585,0.69,0.14,1.4,1.2,0.07,0.01,1596.8555,0,7.375791661967217,0.15415067982725836,-0.6931471805599453,0.1650797503594486
28,105195196,Grp. A2 B6 (80% C1; 20% C11),633,0.166,0.142,-0.07,0.61,0.44,1.6,1.8,0.06,0.01,1600.1969,0,7.377881963156304,-0.11778303565638339,-1.9924301646902063,2.164963715117998
29,37308250,Grp. A2 B6 (80% C1; 20% C11),633,0.166,0.142,-0.07,0.065,0.18,1.2,1.1,0.07,0.01,1631.0486,0,7.396978399847213,0.0870113769896297,-0.9444616088408512,-0.07410797215372196
30,23933437,Grp. A2 B6 (80% C1; 20% C11),633,0.166,0.142,-0.585,0.675,0.12,1.9,1.7,0.08,0.01,1643.1797,0,7.404388485154458,0.1112256351102244,-0.4054651081081643,0.14310084364067344
31,29021420,Grp. A2 B6 (80% C1; 20% C11),633,0.166,0.127,-0.59,0.695,0.14,1.9,1.6,0.1,0.01,1647.3625,0,7.406930803106143,0.17185025692665903,-0.3364722366212129,0.16378930866502697
32,23933639,Grp. A2 B6 (80% C1; 20% C11),633,0.166,0.142,-0.58,0.67,0.12,1.9,1.7,0.08,0.01,1659.9335,0,7.414532820307192,0.1112256351102244,-0.4054651081081643,0.1442496088445469
33,32206629,Grp. A2 B6 (80% C1; 20% C11),633,0.166,0.141,-0.09,0.08,0.16,1.2,1.0,0.07,0.01,1663.1632,0,7.416476610276893,0.1823215567939546,-0.8266785731844678,-0.11778303565638339
34,38673898,Grp. A2 B6 (80% C1; 20% C11),633,0.166,0.142,-0.085,0.075,0.18,1.7,1.6,0.1,0.01,1688.7126,0,7.431721742471065,0.06062462181643484,-0.587786664902119,-0.12516314295400616
35,33542246,Grp. A2 B6 (80% C1; 20% C11),633,0.166,0.127,-0.59,0.695,0.16,1.7,1.7,0.08,0.01,1708.1857,0,7.4431870920919225,0.0,-0.6931471805599453,0.16378930866502697
36,68252772,Grp. A2 B6 (80% C1; 20% C11),633,0.166,0.142,-0.09,0.075,0.2,1.2,1.1,0.08,0.01,1719.283,0,7.449662622431905,0.0870113769896297,-0.9162907318741551,-0.1823215567939546
37,37330315,Grp. A2 B6 (80% C1; 20% C11),633,0.166,0.127,-0.655,0.8,0.18,1.2,1.1,0.07,0.01,1720.5219,0,7.450382954014414,0.0870113769896297,-0.9444616088408512,0.1999764920326754
38,120776404,Grp. A2 B6 (80% C1; 20% C11),633,0.166,0.142,-0.055,0.49,0.4,1.7,2.0,0.07,0.01,1723.5787,0,7.452158047809673,-0.16251892949777494,-1.7429693050586228,2.187072205872201
39,109691108,Grp. A2 B6 (80% C1; 20% C11),633,0.166,0.141,-0.06,0.53,0.46,1.4,1.7,0.06,0.01,1727.2799,0,7.454303137973164,-0.1941560144409575,-2.03688192726104,2.178532444324067
40,33542887,Grp. A2 B6 (80% C1; 20% C11),633,0.166,0.127,-0.585,0.69,0.16,1.7,1.7,0.08,0.01,1736.9121,0,7.459864160470153,0.0,-0.6931471805599453,0.1650797503594486
41,68251438,Grp. A2 B6 (80% C1; 20% C11),633,0.166,0.141,-0.085,0.07,0.2,1.2,1.1,0.08,0.01,1745.9587,0,7.465059082053348,0.0870113769896297,-0.9162907318741551,-0.19415601444095737
42,143702314,Grp. A2 B6 (80% C1; 20% C11),633,0.166,0.127,-0.055,0.525,0.5,0.9,1.1,0.04,0.01,1751.8965,0,7.468454194408854,-0.20067069546215124,-2.5257286443082556,2.256065077359153
43,99287316,Grp. A2 B6 (80% C1; 20% C11),633,0.166,0.141,-0.06,0.53,0.42,1.3,1.6,0.04,0.01,1751.9622,0,7.46849169592112,-0.2076393647782445,-2.3513752571634776,2.178532444324067
44,109967895,Grp. A2 B6 (80% C1; 20% C11),633,0.166,0.141,-0.065,0.57,0.46,1.5,1.7,0.07,0.01,1756.3915,0,7.4710166992315346,-0.12516314295400605,-1.8827312474337816,2.1712490909329585
45,34139219,Grp. A2 B6 (80% C1; 20% C11),633,0.166,0.127,-0.585,0.69,0.16,1.9,1.9,0.09,0.01,1758.1222,0,7.472001586637094,0.0,-0.5753641449035618,0.1650797503594486
46,104903159,Grp. A2 B6 (80% C1; 20% C11),633,0.166,0.127,-0.06,0.565,0.44,1.5,1.7,0.06,0.01,1761.9652,0,7.474185056017317,-0.12516314295400605,-1.9924301646902063,2.24248116892434
47,144133778,Grp. A2 B6 (80% C1; 20% C11),633,0.166,0.142,-0.07,0.61,0.5,1.1,1.3,0.04,0.01,1773.4374,0,7.480674976156256,-0.1670540846631662,-2.5257286443082556,2.164963715117998
48,23933538,Grp. A2 B6 (80% C1; 20% C11),633,0.166,0.141,-0.575,0.665,0.12,1.9,1.7,0.08,0.01,1797.6914,0,7.494258565150401,0.1112256351102244,-0.4054651081081643,0.14541699985850387
49,113153506,Grp. A2 B6 (80% C1; 20% C11),633,0.166,0.142,-0.055,0.49,0.48,0.7,0.9,0.03,0.01,1799.5652,0,7.495300359149458,-0.2513144282809062,-2.772588722239781,2.187072205872201
50,38115095,Grp. A2 B6 (80% C1; 20% C11),633,0.166,0.141,-0.595,0.76,0.18,1.5,1.5,0.08,0.01,1814.4109,0,7.503516121010979,0.0,-0.8109302162163287,0.2447570277347471
51,37584955,Grp. A2 B6 (80% C1; 20% C11),633,0.166,0.142,-0.09,0.08,0.18,1.3,1.3,0.07,0.01,1818.2555,0,7.505632803916642,0.0,-0.9444616088408512,-0.11778303565638339
52,104902634,Grp. A2 B6 (80% C1; 20% C11),633,0.166,0.142,-0.055,0.49,0.44,1.5,1.8,0.07,0.01,1827.0922,0,7.510481020348248,-0.1823215567939547,-1.8382794848629478,2.187072205872201
53,38114465,Grp. A2 B6 (80% C1; 20% C11),633,0.166,0.142,-0.595,0.76,0.18,1.5,1.5,0.08,0.01,1829.6083,0,7.511857179208994,0.0,-0.8109302162163287,0.2447570277347471
54,120471338,Grp. A2 B6 (80% C1; 20% C11),633,0.166,0.127,-0.055,0.525,0.4,1.6,1.9,0.05,0.01,1856.2866,0,7.526333319528346,-0.17185025692665915,-2.0794415416798357,2.256065077359153
55,38115515,Grp. A2 B6 (80% C1; 20% C11),633,0.166,0.142,-0.575,0.735,0.18,1.5,1.5,0.08,0.01,1856.7391,0,7.526577056059574,0.0,-0.8109302162163287,0.24550045841548637
56,34139015,Grp. A2 B6 (80% C1; 20% C11),633,0.166,0.127,-0.59,0.695,0.16,1.9,1.9,0.09,0.01,1863.9647,0,7.530461057297974,0.0,-0.5753641449035618,0.16378930866502697
57,38100210,Grp. A2 B6 (80% C1; 20% C11),633,0.166,0.142,-0.06,0.06,0.18,1.5,1.2,0.1,0.01,1869.1014,0,7.533213059595446,0.22314355131420976,-0.587786664902119,0.0
58,99819224,Grp. A2 B6 (80% C1; 20% C11),633,0.166,0.127,-0.055,0.525,0.42,1.5,1.8,0.05,0.01,1873.8407,0,7.53574545384903,-0.1823215567939547,-2.128231705849268,2.256065077359153
59,68503289,Grp. A2 B6 (80% C1; 20% C11),633,0.166,0.141,-0.08,0.065,0.2,1.3,1.3,0.08,0.01,1885.505,0,7.54195096851139,0.0,-0.9162907318741551,-0.2076393647782445
60,37586194,Grp. A2 B6 (80% C1; 20% C11),633,0.166,0.141,-0.085,0.075,0.18,1.3,1.3,0.07,0.01,1904.201,0,7.551817777006374,0.0,-0.9444616088408512,-0.12516314295400616
61,43469609,Grp. A2 B6 (80% C1; 20% C11),633,0.166,0.141,-0.085,0.07,0.1,1.6,1.4,0.06,0.01,1907.6929,0,7.55364988517536,0.13353139262452277,-0.5108256237659907,-0.19415601444095737
62,34451984,Grp. A2 B6 (80% C1; 20% C11),633,0.166,0.141,-0.06,0.06,0.16,2.0,1.9,0.1,0.01,1909.7878,0,7.554747415392232,0.05129329438755048,-0.4700036292457356,0.0
63,38114885,Grp. A2 B6 (80% C1; 20% C11),633,0.166,0.141,-0.59,0.755,0.18,1.5,1.5,0.08,0.01,1920.8175,0,7.560506155652712,0.0,-0.8109302162163287,0.24659521234925968
64,27880252,Grp. A2 B6 (80% C1; 20% C11),633,0.166,0.141,-0.075,0.065,0.14,1.5,1.5,0.06,0.01,1924.3932,0,7.562365976250151,0.0,-0.8472978603872038,-0.1431008436406733
65,38386246,Grp. A2 B6 (80% C1; 20% C11),633,0.166,0.142,-0.625,0.72,0.18,1.6,1.7,0.08,0.01,1931.7452,0,7.566179122017025,-0.060624621816434736,-0.8109302162163287,0.14149956227369942
66,29015969,Grp. A2 B6 (80% C1; 20% C11),633,0.166,0.127,-0.11,0.22,0.14,1.9,1.5,0.1,0.01,1939.3618,0,7.570114228863013,0.23638877806423034,-0.3364722366212129,0.6931471805599453
67,32454186,Grp. A2 B6 (80% C1; 20% C11),633,0.166,0.142,-0.54,0.625,0.16,1.3,1.3,0.06,0.01,1944.1757,0,7.572593361594735,0.0,-0.9808292530117262,0.14618251017808145
68,38967716,Grp. A2 B6 (80% C1; 20% C11),633,0.166,0.141,-0.245,0.31,0.18,1.8,1.9,0.09,0.01,1945.2894,0,7.573166036757928,-0.0540672212702757,-0.6931471805599453,0.235314086934465
69,115310916,Grp. A2 B6 (80% C1; 20% C11),633,0.166,0.127,-0.06,0.565,0.48,1.6,1.8,0.08,0.01,1946.3463,0,7.57370920169291,-0.11778303565638339,-1.791759469228055,2.24248116892434
70,38964501,Grp. A2 B6 (80% C1; 20% C11),633,0.166,0.142,-0.07,0.065,0.18,1.8,1.9,0.09,0.01,1946.686,0,7.573883718611695,-0.0540672212702757,-0.6931471805599453,-0.07410797215372196
71,38115725,Grp. A2 B6 (80% C1; 20% C11),633,0.166,0.141,-0.57,0.73,0.18,1.5,1.5,0.08,0.01,1953.7166,0,7.577488786260065,0.0,-0.8109302162163287,0.24740817331384096
72,99286347,Grp. A2 B6 (80% C1; 20% C11),633,0.166,0.142,-0.055,0.49,0.42,1.3,1.6,0.05,0.01,1955.7543,0,7.578531229207794,-0.2076393647782445,-2.128231705849268,2.187072205872201
73,104121420,Grp. A2 B6 (80% C1; 20% C11),633,0.166,0.142,-0.06,0.53,0.44,1.2,1.5,0.04,0.01,1956.1335,0,7.578725099799475,-0.22314355131420985,-2.3978952727983707,2.178532444324067
74,38670260,Grp. A2 B6 (80% C1; 20% C11),633,0.166,0.142,-0.06,0.055,0.18,1.7,1.7,0.09,0.01,1956.6156,0,7.578971525005957,0.0,-0.6931471805599453,-0.08701137698962969
75,109967785,Grp. A2 B6 (80% C1; 20% C11),633,0.166,0.142,-0.07,0.61,0.46,1.5,1.7,0.06,0.01,1970.5721,0,7.586079185663718,-0.12516314295400605,-2.03688192726104,2.164963715117998
76,19192175,Grp. A2 B6 (80% C1; 20% C11),633,0.166,0.141,-0.085,0.07,0.08,2.0,1.8,0.06,0.01,1971.6614,0,7.586631816565831,0.10536051565782635,-0.2876820724517809,-0.19415601444095737
77,37325426,Grp. A2 B6 (80% C1; 20% C11),633,0.166,0.141,-0.575,0.665,0.18,1.2,0.8,0.09,0.01,1975.4984,0,7.588575999929579,0.4054651081081642,-0.6931471805599453,0.14541699985850387
78,145454949,Grp. A2 B6 (80% C1; 20% C11),633,0.166,0.142,-0.065,0.57,0.5,1.6,1.8,0.09,0.01,1976.4424,0,7.589053739888616,-0.11778303565638339,-1.7147984280919266,2.1712490909329585
79,19191821,Grp. A2 B6 (80% C1; 20% C11),633,0.166,0.142,-0.08,0.065,0.08,2.0,1.8,0.06,0.01,1977.0331,0,7.589352565569663,0.10536051565782635,-0.2876820724517809,-0.2076393647782445
80,44320870,Grp. A2 B6 (80% C1; 20% C11),633,0.166,0.142,-0.075,0.07,0.1,1.9,1.8,0.06,0.01,1980.2587,0,7.590982771719412,0.05406722127027579,-0.5108256237659907,-0.06899287148695131
81,66838715,Grp. A2 B6 (80% C1; 20% C11),633,0.166,0.141,-0.59,0.755,0.2,0.6,0.3,0.05,0.01,1981.7551,0,7.591738145196986,0.6931471805599453,-1.3862943611198906,0.24659521234925968
82,28434024,Grp. A2 B6 (80% C1; 20% C11),633,0.166,0.127,-0.575,0.75,0.14,1.7,1.4,0.09,0.01,1984.5178,0,7.593131241696626,0.19415601444095756,-0.44183275227903934,0.2657031657330057
83,108951139,Grp. A2 B6 (80% C1; 20% C11),633,0.166,0.141,-0.065,0.57,0.46,1.1,1.3,0.04,0.01,1988.296,0,7.595033269493164,-0.1670540846631662,-2.4423470353692043,2.1712490909329585
84,68253112,Grp. A2 B6 (80% C1; 20% C11),633,0.166,0.141,-0.09,0.075,0.2,1.2,1.1,0.08,0.01,1989.8115,0,7.595795189613883,0.0870113769896297,-0.9162907318741551,-0.1823215567939546
85,32981550,Grp. A2 B6 (80% C1; 20% C11),633,0.166,0.127,-0.59,0.695,0.16,1.5,1.5,0.07,0.01,1991.6819,0,7.5967347366379165,0.0,-0.8266785731844678,0.16378930866502697
86,38386552,Grp. A2 B6 (80% C1; 20% C11),633,0.166,0.142,-0.585,0.675,0.18,1.6,1.7,0.08,0.01,1994.5223,0,7.598159852030012,-0.060624621816434736,-0.8109302162163287,0.14310084364067344
87,27602538,Grp. A2 B6 (80% C1; 20% C11),633,0.166,0.127,-0.59,0.695,0.14,1.4,1.2,0.07,0.01,1998.3923,0,7.600098286281424,0.15415067982725836,-0.6931471805599453,0.16378930866502697
88,29022620,Grp. A2 B6 (80% C1; 20% C11),633,0.166,0.141,-0.09,0.08,0.14,1.9,2.0,0.07,0.01,2003.0862,0,7.6024443701866495,-0.05129329438755058,-0.6931471805599453,-0.11778303565638339
89,69025084,Grp. A2 B6 (80% C1; 20% C11),633,0.166,0.141,-0.095,0.135,0.2,1.5,1.3,0.1,0.01,2011.441,0,7.606606659614903,0.14310084364067324,-0.6931471805599453,0.3513978868378886
90,109690661,Grp. A2 B6 (80% C1; 20% C11),633,0.166,0.142,-0.06,0.53,0.46,1.4,1.7,0.06,0.01,2011.5298,0,7.60665080609492,-0.1941560144409575,-2.03688192726104,2.178532444324067
91,32982478,Grp. A2 B6 (80% C1; 20% C11),633,0.166,0.142,-0.54,0.625,0.16,1.5,1.5,0.07,0.01,2021.6715,0,7.6116799234738775,0.0,-0.8266785731844678,0.14618251017808145
92,23065796,Grp. A2 B6 (80% C1; 20% C11),633,0.166,0.141,-0.245,0.31,0.12,1.6,1.5,0.06,0.01,2021.8091,0,7.611747983649584,0.06453852113757116,-0.6931471805599453,0.235314086934465
93,32453504,Grp. A2 B6 (80% C1; 20% C11),633,0.166,0.141,-0.575,0.665,0.16,1.3,1.3,0.06,0.01,2026.4124,0,7.614022217894957,0.0,-0.9808292530117262,0.14541699985850387
94,38386858,Grp. A2 B6 (80% C1; 20% C11),633,0.166,0.142,-0.58,0.67,0.18,1.6,1.7,0.08,0.01,2038.2594,0,7.619851487331723,-0.060624621816434736,-0.8109302162163287,0.1442496088445469
95,34137051,Grp. A2 B6 (80% C1; 20% C11),633,0.166,0.142,-0.145,0.35,0.16,1.9,1.6,0.1,0.01,2038.8795,0,7.620155671231262,0.17185025692665903,-0.4700036292457356,0.881199412062885
96,67523742,Grp. A2 B6 (80% C1; 20% C11),633,0.166,0.141,-0.095,0.085,0.2,0.9,0.8,0.06,0.01,2061.9612,0,7.631412847717037,0.11778303565638346,-1.2039728043259361,-0.11122563511022437
97,37568175,Grp. A2 B6 (80% C1; 20% C11),633,0.166,0.141,-0.185,0.44,0.18,1.3,1.0,0.08,0.01,2064.3757,0,7.632583135230676,0.26236426446749106,-0.8109302162163287,0.8664189018339821
98,144134099,Grp. A2 B6 (80% C1; 20% C11),633,0.166,0.141,-0.065,0.57,0.5,1.1,1.3,0.05,0.01,2066.385,0,7.633555982754123,-0.1670540846631662,-2.3025850929940455,2.1712490909329585
99,31961112,Grp. A2 B6 (80% C1; 20% C11),633,0.166,0.141,-0.075,0.07,0.16,1.1,1.1,0.05,0.01,2068.4036,0,7.634532380996282,0.0,-1.1631508098056809,-0.06899287148695131
0,17243973,Grp. A2 B6 (80% C1; 20% C11),637,0.166,0.141,-0.045,0.045,0.08,1.3,1.1,0.04,0.01,346.8094,0,5.848775349498685,0.16705408466316607,-0.6931471805599453,0.0
1,20838349,Grp. A2 B6 (80% C1; 20% C11),637,0.166,0.142,-0.54,0.625,0.12,0.7,0.4,0.04,0.01,406.988,0,6.008783700978449,0.5596157879354225,-1.0986122886681096,0.14618251017808145
2,12115273,Grp. A2 B6 (80% C1; 20% C11),637,0.166,0.127,-0.59,0.695,0.06,1.2,1.0,0.03,0.01,421.71033,0,6.0443186565397555,0.1823215567939546,-0.6931471805599453,0.16378930866502697
3,41706061,Grp. A2 B6 (80% C1; 20% C11),637,0.166,0.142,-0.625,0.72,0.1,0.9,0.5,0.05,0.01,443.83026,0,6.095442192040686,0.5877866649021191,-0.6931471805599453,0.14149956227369942
4,12118054,Grp. A2 B6 (80% C1; 20% C11),637,0.166,0.127,-0.585,0.69,0.06,1.2,1.0,0.03,0.01,457.77365,0,6.126374847976408,0.1823215567939546,-0.6931471805599453,0.1650797503594486
5,23633132,Grp. A2 B6 (80% C1; 20% C11),637,0.171,0.127,-0.145,0.415,0.12,1.8,1.5,0.07,0.01,461.54407,0,6.134577542341491,0.1823215567939546,-0.5389965007326869,1.051544777810124
6,20836937,Grp. A2 B6 (80% C1; 20% C11),637,0.166,0.141,-0.575,0.665,0.12,0.7,0.4,0.04,0.01,469.13666,0,6.1508941119291505,0.5596157879354225,-1.0986122886681096,0.14541699985850387
7,42649205,Grp. A2 B6 (80% C1; 20% C11),637,0.166,0.141,-0.055,0.055,0.1,1.3,1.2,0.04,0.01,476.33414,0,6.166119582752276,0.08004270767353656,-0.9162907318741551,0.0
8,42674370,Grp. A2 B6 (80% C1; 20% C11),637,0.166,0.141,-0.465,0.565,0.1,1.3,1.2,0.04,0.01,485.58212,0,6.185348418639064,0.08004270767353656,-0.9162907318741551,0.19478832555908449
9,42675239,Grp. A2 B6 (80% C1; 20% C11),637,0.166,0.142,-0.47,0.57,0.1,1.3,1.2,0.04,0.01,486.15915,0,6.186536039429981,0.08004270767353656,-0.9162907318741551,0.19290366612449145
10,42676542,Grp. A2 B6 (80% C1; 20% C11),637,0.166,0.127,-0.655,0.8,0.1,1.3,1.2,0.04,0.01,488.30957,0,6.190949569482978,0.08004270767353656,-0.9162907318741551,0.1999764920326754
11,42675673,Grp. A2 B6 (80% C1; 20% C11),637,0.166,0.141,-0.495,0.6,0.1,1.3,1.2,0.04,0.01,491.41333,0,6.197285586296286,0.08004270767353656,-0.9162907318741551,0.1923718926474561
12,44308437,Grp. A2 B6 (80% C1; 20% C11),637,0.166,0.141,-0.12,0.23,0.1,1.9,1.6,0.07,0.01,494.11295,0,6.202764134777627,0.17185025692665903,-0.3566749439387323,0.6505875661411494
13,42674805,Grp. A2 B6 (80% C1; 20% C11),637,0.166,0.142,-0.44,0.535,0.1,1.3,1.2,0.04,0.01,508.42395,0,6.231315646781649,0.08004270767353656,-0.9162907318741551,0.1954920199836998
14,43725624,Grp. A2 B6 (80% C1; 20% C11),637,0.166,0.141,-0.05,0.05,0.1,1.7,1.5,0.06,0.01,517.57605,0,6.249156470864212,0.125163142954006,-0.5108256237659907,0.0
15,18315051,Grp. A2 B6 (80% C1; 20% C11),637,0.166,0.142,-0.625,0.72,0.08,1.7,1.5,0.05,0.01,534.85944,0,6.282003983404741,0.125163142954006,-0.4700036292457356,0.14149956227369942
16,42915486,Grp. A2 B6 (80% C1; 20% C11),637,0.166,0.141,-0.155,0.31,0.1,1.4,0.9,0.07,0.01,546.33,0,6.3032231887758385,0.4418327522790391,-0.3566749439387323,0.6931471805599453
17,20630100,Grp. A2 B6 (80% C1; 20% C11),637,0.166,0.142,-0.095,0.085,0.12,0.6,0.4,0.03,0.01,571.0633,0,6.347500061655308,0.4054651081081642,-1.3862943611198906,-0.11122563511022437
18,26112866,Grp. A2 B6 (80% C1; 20% C11),637,0.166,0.127,-0.205,0.5,0.14,0.8,0.4,0.05,0.01,576.76166,0,6.357429113581194,0.6931471805599453,-1.0296194171811581,0.8915981192837835
19,13124515,Grp. A2 B6 (80% C1; 20% C11),637,0.166,0.141,-0.075,0.07,0.06,1.6,1.5,0.03,0.01,577.58905,0,6.358862629642683,0.06453852113757116,-0.6931471805599453,-0.06899287148695131
20,20837643,Grp. A2 B6 (80% C1; 20% C11),637,0.166,0.142,-0.58,0.67,0.12,0.7,0.4,0.04,0.01,582.716,0,6.367699932155442,0.5596157879354225,-1.0986122886681096,0.1442496088445469
21,44616609,Grp. A2 B6 (80% C1; 20% C11),637,0.166,0.141,-0.05,0.05,0.1,2.0,1.9,0.06,0.01,583.3744,0,6.368829175771486,0.05129329438755048,-0.5108256237659907,0.0
22,42915885,Grp. A2 B6 (80% C1; 20% C11),637,0.166,0.141,-0.15,0.3,0.1,1.4,0.9,0.07,0.01,597.29114,0,6.392404666211201,0.4418327522790391,-0.3566749439387323,0.6931471805599453
23,23925176,Grp. A2 B6 (80% C1; 20% C11),637,0.166,0.142,-0.09,0.175,0.12,1.9,1.6,0.08,0.01,610.4083,0,6.414128077518692,0.17185025692665903,-0.4054651081081643,0.664976303593249
24,42899999,Grp. A2 B6 (80% C1; 20% C11),637,0.166,0.141,-0.095,0.185,0.1,1.4,1.3,0.04,0.01,610.6214,0,6.414477127180897,0.07410797215372183,-0.9162907318741551,0.666478933477784
25,8801894,Grp. A2 B6 (80% C1; 20% C11),637,0.166,0.127,-0.24,0.305,0.04,1.8,1.6,0.03,0.01,610.7376,0,6.4146674070254805,0.11778303565638346,-0.2876820724517809,0.23967285326542026
26,25264120,Grp. A2 B6 (80% C1; 20% C11),637,0.166,0.142,-0.08,0.065,0.14,0.4,0.1,0.03,0.01,611.6732,0,6.416198152962427,1.3862943611198906,-1.540445040947149,-0.2076393647782445
27,13125208,Grp. A2 B6 (80% C1; 20% C11),637,0.166,0.141,-0.08,0.075,0.06,1.6,1.5,0.03,0.01,613.4579,0,6.419111639139437,0.06453852113757116,-0.6931471805599453,-0.06453852113757118
28,42916357,Grp. A2 B6 (80% C1; 20% C11),637,0.166,0.142,-0.15,0.3,0.1,1.4,1.3,0.04,0.01,616.5041,0,6.424064973028352,0.07410797215372183,-0.9162907318741551,0.6931471805599453
29,26328819,Grp. A2 B6 (80% C1; 20% C11),637,0.166,0.127,-0.135,0.265,0.14,0.9,0.6,0.05,0.01,618.6001,0,6.427459021906307,0.4054651081081644,-1.0296194171811581,0.6744550475477928
30,42914759,Grp. A2 B6 (80% C1; 20% C11),637,0.166,0.142,-0.145,0.29,0.1,1.4,1.3,0.04,0.01,627.052,0,6.4410294718032866,0.07410797215372183,-0.9162907318741551,0.6931471805599453
31,17498089,Grp. A2 B6 (80% C1; 20% C11),637,0.166,0.141,-0.045,0.045,0.08,1.4,1.0,0.06,0.01,628.8385,0,6.443874466976024,0.3364722366212129,-0.2876820724517809,0.0
32,42915958,Grp. A2 B6 (80% C1; 20% C11),637,0.166,0.141,-0.15,0.3,0.1,1.4,1.3,0.04,0.01,637.1484,0,6.457002595472525,0.07410797215372183,-0.9162907318741551,0.6931471805599453
33,23632948,Grp. A2 B6 (80% C1; 20% C11),637,0.171,0.141,-0.13,0.36,0.12,1.8,1.5,0.07,0.01,647.87006,0,6.473690151553153,0.1823215567939546,-0.5389965007326869,1.0185695809945732
34,16742135,Grp. A2 B6 (80% C1; 20% C11),637,0.166,0.127,-0.11,0.22,0.08,1.1,0.8,0.04,0.01,649.4613,0,6.4761432500398275,0.3184537311185346,-0.6931471805599453,0.6931471805599453
35,23630122,Grp. A2 B6 (80% C1; 20% C11),637,0.166,0.141,-0.21,0.495,0.12,1.8,1.7,0.06,0.01,652.60864,0,6.480977623421872,0.05715841383994862,-0.6931471805599453,0.8574502318512216
36,13125901,Grp. A2 B6 (80% C1; 20% C11),637,0.166,0.142,-0.075,0.07,0.06,1.6,1.5,0.03,0.01,656.84125,0,6.487442360672797,0.06453852113757116,-0.6931471805599453,-0.06899287148695131
37,17009476,Grp. A2 B6 (80% C1; 20% C11),637,0.166,0.142,-0.055,0.05,0.08,1.2,1.1,0.03,0.01,666.57153,0,6.502147455690645,0.0870113769896297,-0.9808292530117262,-0.09531017980432477
38,22779330,Grp. A2 B6 (80% C1; 20% C11),637,0.166,0.142,-0.17,0.405,0.12,1.5,1.4,0.05,0.01,670.78656,0,6.508450993970159,0.06899287148695142,-0.8754687373538999,0.8680886300562773
39,21788553,Grp. A2 B6 (80% C1; 20% C11),637,0.166,0.142,-0.08,0.065,0.12,1.1,0.9,0.05,0.01,672.6686,0,6.511252786374119,0.20067069546215124,-0.8754687373538999,-0.2076393647782445
40,14235163,Grp. A2 B6 (80% C1; 20% C11),637,0.166,0.141,-0.125,0.255,0.06,2.0,1.7,0.05,0.01,679.84717,0,6.521868022910086,0.16251892949777494,-0.1823215567939546,0.712949807856125
41,42915559,Grp. A2 B6 (80% C1; 20% C11),637,0.166,0.141,-0.155,0.31,0.1,1.4,1.3,0.04,0.01,681.11096,0,6.523725229734307,0.07410797215372183,-0.9162907318741551,0.6931471805599453
42,21790073,Grp. A2 B6 (80% C1; 20% C11),637,0.166,0.141,-0.085,0.07,0.12,1.1,0.9,0.05,0.01,688.49866,0,6.53451337190683,0.20067069546215124,-0.8754687373538999,-0.19415601444095737
43,26112196,Grp. A2 B6 (80% C1; 20% C11),637,0.166,0.141,-0.185,0.44,0.14,0.8,0.4,0.05,0.01,692.1144,0,6.539751259873244,0.6931471805599453,-1.0296194171811581,0.8664189018339821
44,19178226,Grp. A2 B6 (80% C1; 20% C11),637,0.166,0.127,-0.11,0.22,0.08,2.0,1.6,0.07,0.01,693.18164,0,6.541292071628028,0.22314355131420976,-0.1335313926245225,0.6931471805599453
45,17265937,Grp. A2 B6 (80% C1; 20% C11),637,0.166,0.142,-0.54,0.625,0.08,1.3,1.1,0.04,0.01,694.249,0,6.542830685782558,0.16705408466316607,-0.6931471805599453,0.14618251017808145
46,25908880,Grp. A2 B6 (80% C1; 20% C11),637,0.166,0.142,-0.255,0.32,0.14,0.7,0.3,0.05,0.01,697.676,0,6.547754811614828,0.8472978603872037,-1.0296194171811581,0.22705745063534608
47,23068014,Grp. A2 B6 (80% C1; 20% C11),637,0.166,0.141,-0.075,0.07,0.12,1.6,1.5,0.06,0.01,706.77545,0,6.560713005829851,0.06453852113757116,-0.6931471805599453,-0.06899287148695131
48,17264064,Grp. A2 B6 (80% C1; 20% C11),637,0.166,0.127,-0.59,0.695,0.08,1.3,1.1,0.04,0.01,721.50684,0,6.581341858418469,0.16705408466316607,-0.6931471805599453,0.16378930866502697
49,23053427,Grp. A2 B6 (80% C1; 20% C11),637,0.166,0.127,-0.14,0.355,0.12,1.6,1.4,0.06,0.01,726.63776,0,6.588428086507274,0.13353139262452277,-0.6931471805599453,0.9304753668661113
50,22510537,Grp. A2 B6 (80% C1; 20% C11),637,0.166,0.127,-0.06,0.065,0.12,1.4,1.2,0.06,0.01,728.55725,0,6.591066208683427,0.15415067982725836,-0.6931471805599453,0.08004270767353656
51,23934867,Grp. A2 B6 (80% C1; 20% C11),637,0.166,0.127,-0.655,0.8,0.12,1.9,1.8,0.07,0.01,730.6192,0,6.593892393785927,0.05406722127027579,-0.5389965007326869,0.1999764920326754
52,26329440,Grp. A2 B6 (80% C1; 20% C11),637,0.166,0.142,-0.14,0.265,0.14,0.9,0.6,0.05,0.01,734.25635,0,6.598858218321892,0.4054651081081644,-1.0296194171811581,0.6380874033769178
53,27073626,Grp. A2 B6 (80% C1; 20% C11),637,0.166,0.127,-0.14,0.355,0.14,1.2,0.9,0.06,0.01,734.5628,0,6.599275492299354,0.28768207245178085,-0.8472978603872038,0.9304753668661113
54,22015595,Grp. A2 B6 (80% C1; 20% C11),637,0.166,0.127,-0.59,0.695,0.12,1.2,0.9,0.06,0.01,737.99945,0,6.603943079342742,0.28768207245178085,-0.6931471805599453,0.16378930866502697
55,18315587,Grp. A2 B6 (80% C1; 20% C11),637,0.166,0.142,-0.585,0.675,0.08,1.7,1.5,0.05,0.01,746.8365,0,6.6158462856740705,0.125163142954006,-0.4700036292457356,0.14310084364067344
56,26840160,Grp. A2 B6 (80% C1; 20% C11),637,0.171,0.127,-0.125,0.365,0.14,1.1,1.0,0.04,0.01,748.75525,0,6.6184121610912205,0.09531017980432493,-1.252762968495368,1.0715836162801904
57,16777887,Grp. A2 B6 (80% C1; 20% C11),637,0.166,0.127,-0.24,0.305,0.08,1.1,0.7,0.05,0.01,751.0124,0,6.621422162946066,0.4519851237430574,-0.4700036292457356,0.23967285326542026
58,16283574,Grp. A2 B6 (80% C1; 20% C11),637,0.166,0.142,-0.045,0.045,0.08,0.9,0.7,0.03,0.01,753.2002,0,6.624331062316685,0.25131442828090617,-0.9808292530117262,0.0
59,23928855,Grp. A2 B6 (80% C1; 20% C11),637,0.166,0.127,-0.06,0.065,0.12,1.9,1.8,0.07,0.01,763.3188,0,6.6376757683976155,0.05406722127027579,-0.5389965007326869,0.08004270767353656
60,28422035,Grp. A2 B6 (80% C1; 20% C11),637,0.166,0.141,-0.145,0.35,0.14,1.7,1.4,0.08,0.01,763.6364,0,6.638091759652081,0.19415601444095756,-0.5596157879354228,0.881199412062885
61,27850290,Grp. A2 B6 (80% C1; 20% C11),637,0.166,0.127,-0.085,0.175,0.14,1.5,1.4,0.06,0.01,764.41833,0,6.639115191670449,0.06899287148695142,-0.8472978603872038,0.7221347174331975
62,21789566,Grp. A2 B6 (80% C1; 20% C11),637,0.166,0.141,-0.08,0.065,0.12,1.1,0.9,0.05,0.01,765.9385,0,6.641101879311135,0.20067069546215124,-0.8754687373538999,-0.2076393647782445
63,13660190,Grp. A2 B6 (80% C1; 20% C11),637,0.171,0.127,-0.125,0.365,0.06,1.8,1.4,0.05,0.01,769.0612,0,6.645170550214178,0.25131442828090617,-0.1823215567939546,1.0715836162801904
64,26356917,Grp. A2 B6 (80% C1; 20% C11),637,0.166,0.141,-0.065,0.06,0.14,0.9,0.8,0.04,0.01,769.59033,0,6.645858334303742,0.11778303565638346,-1.252762968495368,-0.0800427076735365
65,16742724,Grp. A2 B6 (80% C1; 20% C11),637,0.166,0.141,-0.12,0.23,0.08,1.1,0.8,0.04,0.01,770.2588,0,6.646726562273572,0.3184537311185346,-0.6931471805599453,0.6505875661411494
66,27863252,Grp. A2 B6 (80% C1; 20% C11),637,0.166,0.141,-0.12,0.245,0.14,1.5,1.4,0.06,0.01,770.9321,0,6.647600302240288,0.06899287148695142,-0.8472978603872038,0.7137664677626809
67,23934564,Grp. A2 B6 (80% C1; 20% C11),637,0.166,0.142,-0.47,0.57,0.12,1.9,1.8,0.07,0.01,772.9192,0,6.6501745153102965,0.05406722127027579,-0.5389965007326869,0.19290366612449145
68,23638350,Grp. A2 B6 (80% C1; 20% C11),637,0.166,0.141,-0.095,0.085,0.12,1.8,1.8,0.06,0.01,777.5557,0,6.656155281358759,0.0,-0.6931471805599453,-0.11122563511022437
69,11224526,Grp. A2 B6 (80% C1; 20% C11),637,0.166,0.142,-0.075,0.065,0.06,0.8,0.5,0.03,0.01,782.1499,0,6.662046410155058,0.47000362924573563,-0.6931471805599453,-0.1431008436406733
70,23068968,Grp. A2 B6 (80% C1; 20% C11),637,0.166,0.142,-0.075,0.07,0.12,1.6,1.5,0.06,0.01,788.10187,0,6.66962735815212,0.06453852113757116,-0.6931471805599453,-0.06899287148695131
71,23934665,Grp. A2 B6 (80% C1; 20% C11),637,0.166,0.141,-0.495,0.6,0.12,1.9,1.8,0.07,0.01,788.44147,0,6.670058174098165,0.05406722127027579,-0.5389965007326869,0.1923718926474561
72,23638494,Grp. A2 B6 (80% C1; 20% C11),637,0.166,0.142,-0.095,0.085,0.12,1.8,1.8,0.06,0.01,790.5455,0,6.672723213500373,0.0,-0.6931471805599453,-0.11122563511022437
73,23928134,Grp. A2 B6 (80% C1; 20% C11),637,0.166,0.142,-0.05,0.05,0.12,1.9,1.9,0.06,0.01,791.3412,0,6.673729227479893,0.0,-0.6931471805599453,0.0
74,23637371,Grp. A2 B6 (80% C1; 20% C11),637,0.166,0.141,-0.09,0.08,0.12,1.8,1.8,0.06,0.01,801.75555,0,6.686803760906648,0.0,-0.6931471805599453,-0.11778303565638339
75,21291456,Grp. A2 B6 (80% C1; 20% C11),637,0.166,0.141,-0.095,0.13,0.12,0.9,0.7,0.04,0.01,803.3881,0,6.68883790976669,0.25131442828090617,-1.0986122886681096,0.3136575588550416
76,26356320,Grp. A2 B6 (80% C1; 20% C11),637,0.166,0.142,-0.065,0.06,0.14,0.9,0.8,0.04,0.01,803.71075,0,6.689239440766896,0.11778303565638346,-1.252762968495368,-0.0800427076735365
77,23335009,Grp. A2 B6 (80% C1; 20% C11),637,0.166,0.141,-0.05,0.05,0.12,1.7,1.5,0.07,0.01,805.4556,0,6.691408080054978,0.125163142954006,-0.5389965007326869,0.0
78,44619515,Grp. A2 B6 (80% C1; 20% C11),637,0.166,0.142,-0.055,0.05,0.1,2.0,1.8,0.07,0.01,807.9039,0,6.694443115804127,0.10536051565782635,-0.3566749439387323,-0.09531017980432477
79,42649626,Grp. A2 B6 (80% C1; 20% C11),637,0.166,0.142,-0.055,0.055,0.1,1.3,1.2,0.04,0.01,808.5096,0,6.6951925527871134,0.08004270767353656,-0.9162907318741551,0.0
80,18894131,Grp. A2 B6 (80% C1; 20% C11),637,0.166,0.142,-0.575,0.735,0.08,1.9,1.4,0.08,0.01,812.44135,0,6.700043726983074,0.3053816495511819,0.0,0.24550045841548637
81,27334967,Grp. A2 B6 (80% C1; 20% C11),637,0.166,0.141,-0.125,0.255,0.14,1.3,0.8,0.08,0.01,814.61707,0,6.70271815006473,0.4855078157817008,-0.5596157879354228,0.712949807856125
82,14234982,Grp. A2 B6 (80% C1; 20% C11),637,0.166,0.141,-0.12,0.245,0.06,2.0,1.7,0.05,0.01,815.228,0,6.703467828718067,0.16251892949777494,-0.1823215567939546,0.7137664677626809
83,27850005,Grp. A2 B6 (80% C1; 20% C11),637,0.166,0.142,-0.09,0.175,0.14,1.5,1.4,0.06,0.01,816.3324,0,6.704821624959599,0.06899287148695142,-0.8472978603872038,0.664976303593249
84,12325554,Grp. A2 B6 (80% C1; 20% C11),637,0.166,0.127,-0.135,0.265,0.06,1.3,1.1,0.03,0.01,818.03503,0,6.706905159646707,0.16705408466316607,-0.6931471805599453,0.6744550475477928
85,44313375,Grp. A2 B6 (80% C1; 20% C11),637,0.166,0.142,-0.19,0.45,0.1,1.9,1.7,0.06,0.01,819.5329,0,6.708734543808789,0.1112256351102244,-0.5108256237659907,0.8622235106038793
86,43187817,Grp. A2 B6 (80% C1; 20% C11),637,0.166,0.127,-0.24,0.305,0.1,1.5,1.1,0.07,0.01,832.5571,0,6.724501808091098,0.31015492830383945,-0.3566749439387323,0.23967285326542026
87,13658173,Grp. A2 B6 (80% C1; 20% C11),637,0.166,0.142,-0.065,0.06,0.06,1.8,1.4,0.06,0.01,836.16766,0,6.728829143216426,0.25131442828090617,0.0,-0.0800427076735365
88,16284888,Grp. A2 B6 (80% C1; 20% C11),637,0.166,0.141,-0.045,0.045,0.08,0.9,0.7,0.03,0.01,836.65985,0,6.729417596014171,0.25131442828090617,-0.9808292530117262,0.0
89,17265001,Grp. A2 B6 (80% C1; 20% C11),637,0.166,0.141,-0.575,0.665,0.08,1.3,1.1,0.04,0.01,837.0085,0,6.729834225754518,0.16705408466316607,-0.6931471805599453,0.14541699985850387
90,23925290,Grp. A2 B6 (80% C1; 20% C11),637,0.166,0.127,-0.085,0.175,0.12,1.9,1.6,0.08,0.01,846.26276,0,6.7408299023993665,0.17185025692665903,-0.4054651081081643,0.7221347174331975
91,23934362,Grp. A2 B6 (80% C1; 20% C11),637,0.166,0.141,-0.465,0.565,0.12,1.9,1.8,0.07,0.01,852.6823,0,6.748387027939036,0.05406722127027579,-0.5389965007326869,0.19478832555908449
92,28424206,Grp. A2 B6 (80% C1; 20% C11),637,0.166,0.141,-0.15,0.3,0.14,1.7,1.3,0.09,0.01,855.1571,0,6.751285194748198,0.26826398659467937,-0.44183275227903934,0.6931471805599453
93,42152480,Grp. A2 B6 (80% C1; 20% C11),637,0.166,0.141,-0.055,0.055,0.1,1.1,0.8,0.05,0.01,858.4292,0,6.755104207513328,0.3184537311185346,-0.6931471805599453,0.0
94,24237436,Grp. A2 B6 (80% C1; 20% C11),637,0.166,0.142,-0.055,0.055,0.12,2.0,1.7,0.09,0.01,864.71075,0,6.762395057946468,0.16251892949777494,-0.2876820724517809,0.0
95,18893241,Grp. A2 B6 (80% C1; 20% C11),637,0.166,0.142,-0.595,0.76,0.08,1.9,1.4,0.08,0.01,867.2892,0,6.765372485174275,0.3053816495511819,0.0,0.2447570277347471
96,23637651,Grp. A2 B6 (80% C1; 20% C11),637,0.166,0.142,-0.09,0.08,0.12,1.8,1.8,0.06,0.01,868.0063,0,6.766198972698526,0.0,-0.6931471805599453,-0.11778303565638339
97,42155684,Grp. A2 B6 (80% C1; 20% C11),637,0.166,0.142,-0.06,0.06,0.1,1.1,0.8,0.05,0.01,870.23083,0,6.768758498296095,0.3184537311185346,-0.6931471805599453,0.0
98,34452584,Grp. A2 B6 (80% C1; 20% C11),637,0.171,0.141,-0.14,0.385,0.16,2.0,1.8,0.09,0.01,875.1109,0,6.77435062118356,0.10536051565782635,-0.5753641449035618,1.0116009116784799
99,19191121,Grp. A2 B6 (80% C1; 20% C11),637,0.166,0.141,-0.595,0.76,0.08,2.0,2.0,0.04,0.01,875.66626,0,6.7749850366092526,0.0,-0.6931471805599453,0.2447570277347471
0,68222830,Grp. A2 B6 (80% C1; 20% C11),648,0.166,0.142,-0.07,0.065,0.2,1.2,1.0,0.08,0.01,536.4075,0,6.284894133412683,0.1823215567939546,-0.9162907318741551,-0.07410797215372196
1,69030309,Grp. A2 B6 (80% C1; 20% C11),648,0.166,0.141,-0.08,0.065,0.2,1.5,1.3,0.1,0.01,538.70886,0,6.289175276553279,0.14310084364067324,-0.6931471805599453,-0.2076393647782445
2,68499241,Grp. A2 B6 (80% C1; 20% C11),648,0.166,0.141,-0.095,0.085,0.2,1.3,1.2,0.08,0.01,539.7113,0,6.291034366963312,0.08004270767353656,-0.9162907318741551,-0.11122563511022437
3,68762176,Grp. A2 B6 (80% C1; 20% C11),648,0.166,0.127,-0.55,0.72,0.2,1.4,1.2,0.09,0.01,540.96643,0,6.293357225165185,0.15415067982725836,-0.7985076962177717,0.2693329337835842
4,69030468,Grp. A2 B6 (80% C1; 20% C11),648,0.166,0.141,-0.085,0.07,0.2,1.5,1.3,0.1,0.01,545.0734,0,6.300920464493938,0.14310084364067324,-0.6931471805599453,-0.19415601444095737
5,68497276,Grp. A2 B6 (80% C1; 20% C11),648,0.166,0.141,-0.09,0.08,0.2,1.3,1.2,0.08,0.01,547.3251,0,6.305042958600184,0.08004270767353656,-0.9162907318741551,-0.11778303565638339
6,68232358,Grp. A2 B6 (80% C1; 20% C11),648,0.166,0.141,-0.065,0.06,0.2,1.2,1.0,0.08,0.01,547.5551,0,6.305463095896271,0.1823215567939546,-0.9162907318741551,-0.0800427076735365
7,68761248,Grp. A2 B6 (80% C1; 20% C11),648,0.166,0.127,-0.57,0.745,0.2,1.4,1.2,0.09,0.01,548.5449,0,6.307269135982107,0.15415067982725836,-0.7985076962177717,0.26774785755096375
8,68756236,Grp. A2 B6 (80% C1; 20% C11),648,0.166,0.141,-0.245,0.31,0.2,1.4,1.2,0.09,0.01,549.2132,0,6.3084867085649226,0.15415067982725836,-0.7985076962177717,0.235314086934465
9,68499530,Grp. A2 B6 (80% C1; 20% C11),648,0.166,0.142,-0.095,0.085,0.2,1.3,1.2,0.08,0.01,549.85236,0,6.309649805827391,0.08004270767353656,-0.9162907318741551,-0.11122563511022437
10,68004871,Grp. A2 B6 (80% C1; 20% C11),648,0.166,0.142,-0.08,0.065,0.2,1.1,0.7,0.09,0.01,552.07294,0,6.31368017522884,0.4519851237430574,-0.7985076962177717,-0.2076393647782445
11,68760552,Grp. A2 B6 (80% C1; 20% C11),648,0.166,0.127,-0.59,0.77,0.2,1.4,1.2,0.09,0.01,552.4346,0,6.314335055344779,0.15415067982725836,-0.7985076962177717,0.2662679779479645
12,68478417,Grp. A2 B6 (80% C1; 20% C11),648,0.166,0.142,-0.05,0.05,0.2,1.3,0.9,0.1,0.01,552.67554,0,6.314771102386783,0.36772478012531734,-0.6931471805599453,0.0
13,68005674,Grp. A2 B6 (80% C1; 20% C11),648,0.166,0.141,-0.08,0.065,0.2,1.1,0.7,0.09,0.01,552.9587,0,6.315283315189077,0.4519851237430574,-0.7985076962177717,-0.2076393647782445
14,68479972,Grp. A2 B6 (80% C1; 20% C11),648,0.166,0.141,-0.045,0.045,0.2,1.3,0.9,0.1,0.01,553.0426,0,6.315435032913388,0.36772478012531734,-0.6931471805599453,0.0
15,69031277,Grp. A2 B6 (80% C1; 20% C11),648,0.166,0.141,-0.09,0.075,0.2,1.5,1.3,0.1,0.01,553.46893,0,6.316205616878467,0.14310084364067324,-0.6931471805599453,-0.1823215567939546
16,68743275,Grp. A2 B6 (80% C1; 20% C11),648,0.166,0.141,-0.05,0.05,0.2,1.4,1.2,0.09,0.01,555.4652,0,6.319805960852699,0.15415067982725836,-0.7985076962177717,0.0
17,69303493,Grp. A2 B6 (80% C1; 20% C11),648,0.166,0.141,-0.075,0.07,0.2,1.6,1.6,0.09,0.01,556.7144,0,6.322052361569492,0.0,-0.7985076962177717,-0.06899287148695131
18,68761944,Grp. A2 B6 (80% C1; 20% C11),648,0.166,0.127,-0.575,0.75,0.2,1.4,1.2,0.09,0.01,557.4461,0,6.323365817045955,0.15415067982725836,-0.7985076962177717,0.2657031657330057
19,67060937,Grp. A2 B6 (80% C1; 20% C11),648,0.166,0.141,-0.085,0.075,0.2,0.7,0.5,0.05,0.01,558.46466,0,6.325191339873364,0.3364722366212129,-1.3862943611198906,-0.12516314295400616
20,67300341,Grp. A2 B6 (80% C1; 20% C11),648,0.166,0.141,-0.085,0.07,0.2,0.8,0.7,0.05,0.01,559.85126,0,6.327671141306514,0.13353139262452277,-1.3862943611198906,-0.19415601444095737
21,67072065,Grp. A2 B6 (80% C1; 20% C11),648,0.166,0.141,-0.08,0.07,0.2,0.7,0.5,0.05,0.01,559.8755,0,6.327714437583551,0.3364722366212129,-1.3862943611198906,-0.1335313926245225
22,67057019,Grp. A2 B6 (80% C1; 20% C11),648,0.166,0.141,-0.09,0.08,0.2,0.7,0.5,0.05,0.01,560.0983,0,6.32811230403889,0.3364722366212129,-1.3862943611198906,-0.11778303565638339
23,67299745,Grp. A2 B6 (80% C1; 20% C11),648,0.166,0.141,-0.08,0.065,0.2,0.8,0.7,0.05,0.01,560.41724,0,6.328681577729843,0.13353139262452277,-1.3862943611198906,-0.2076393647782445
24,67303325,Grp. A2 B6 (80% C1; 20% C11),648,0.166,0.141,-0.09,0.075,0.2,0.8,0.7,0.05,0.01,561.32837,0,6.330306064052316,0.13353139262452277,-1.3862943611198906,-0.1823215567939546
25,69303930,Grp. A2 B6 (80% C1; 20% C11),648,0.166,0.142,-0.075,0.07,0.2,1.6,1.6,0.09,0.01,562.114,0,6.331704676298115,0.0,-0.7985076962177717,-0.06899287148695131
26,67073369,Grp. A2 B6 (80% C1; 20% C11),648,0.166,0.142,-0.075,0.065,0.2,0.7,0.5,0.05,0.01,562.3116,0,6.332056144642546,0.3364722366212129,-1.3862943611198906,-0.1431008436406733
27,67760467,Grp. A2 B6 (80% C1; 20% C11),648,0.166,0.127,-0.595,0.775,0.2,1.0,0.6,0.08,0.01,562.42706,0,6.332261454559439,0.5108256237659907,-0.9162907318741551,0.26430162380771727
28,69029984,Grp. A2 B6 (80% C1; 20% C11),648,0.166,0.142,-0.08,0.065,0.2,1.5,1.3,0.1,0.01,562.66296,0,6.332680798788369,0.14310084364067324,-0.6931471805599453,-0.2076393647782445
29,67072718,Grp. A2 B6 (80% C1; 20% C11),648,0.166,0.141,-0.075,0.065,0.2,0.7,0.5,0.05,0.01,562.75275,0,6.332840366491916,0.3364722366212129,-1.3862943611198906,-0.1431008436406733
30,67970238,Grp. A2 B6 (80% C1; 20% C11),648,0.166,0.142,-0.05,0.05,0.2,1.1,0.8,0.08,0.01,563.6932,0,6.334510131860609,0.3184537311185346,-0.9162907318741551,0.0
31,67764276,Grp. A2 B6 (80% C1; 20% C11),648,0.166,0.127,-0.575,0.75,0.2,1.0,0.6,0.08,0.01,563.7564,0,6.334622243302338,0.5108256237659907,-0.9162907318741551,0.2657031657330057
32,68760088,Grp. A2 B6 (80% C1; 20% C11),648,0.166,0.127,-0.595,0.775,0.2,1.4,1.2,0.09,0.01,563.81067,0,6.334718503651696,0.15415067982725836,-0.7985076962177717,0.26430162380771727
33,67061590,Grp. A2 B6 (80% C1; 20% C11),648,0.166,0.141,-0.095,0.085,0.2,0.7,0.5,0.05,0.01,563.8836,0,6.334847847219438,0.3364722366212129,-1.3862943611198906,-0.11122563511022437
34,68498958,Grp. A2 B6 (80% C1; 20% C11),648,0.166,0.141,-0.085,0.075,0.2,1.3,1.2,0.08,0.01,564.0542,0,6.335150346171598,0.08004270767353656,-0.9162907318741551,-0.12516314295400616
35,67298552,Grp. A2 B6 (80% C1; 20% C11),648,0.166,0.142,-0.08,0.065,0.2,0.8,0.7,0.05,0.01,564.5279,0,6.3359898066376426,0.13353139262452277,-1.3862943611198906,-0.2076393647782445
36,67059632,Grp. A2 B6 (80% C1; 20% C11),648,0.166,0.142,-0.08,0.07,0.2,0.7,0.5,0.05,0.01,564.5945,0,6.336107774362094,0.3364722366212129,-1.3862943611198906,-0.1335313926245225
37,68497839,Grp. A2 B6 (80% C1; 20% C11),648,0.166,0.142,-0.09,0.08,0.2,1.3,1.2,0.08,0.01,564.75476,0,6.336391583820783,0.08004270767353656,-0.9162907318741551,-0.11778303565638339
38,69884363,Grp. A2 B6 (80% C1; 20% C11),648,0.166,0.142,-0.255,0.32,0.2,1.8,1.8,0.1,0.01,565.04913,0,6.336912683118221,0.0,-0.6931471805599453,0.22705745063534608
39,69884396,Grp. A2 B6 (80% C1; 20% C11),648,0.166,0.141,-0.25,0.315,0.2,1.8,1.8,0.1,0.01,565.50366,0,6.337716767683772,0.0,-0.6931471805599453,0.23111172096338664
40,69883412,Grp. A2 B6 (80% C1; 20% C11),648,0.166,0.142,-0.055,0.05,0.2,1.8,1.8,0.1,0.01,565.8737,0,6.338370908426335,0.0,-0.6931471805599453,-0.09531017980432477
41,67299148,Grp. A2 B6 (80% C1; 20% C11),648,0.166,0.142,-0.085,0.07,0.2,0.8,0.7,0.05,0.01,566.1353,0,6.338833095572651,0.13353139262452277,-1.3862943611198906,-0.19415601444095737
42,67754876,Grp. A2 B6 (80% C1; 20% C11),648,0.166,0.142,-0.25,0.315,0.2,1.0,0.6,0.08,0.01,566.30676,0,6.339135910184306,0.5108256237659907,-0.9162907318741551,0.23111172096338664
43,69884632,Grp. A2 B6 (80% C1; 20% C11),648,0.166,0.142,-0.25,0.315,0.2,1.8,1.8,0.1,0.01,566.7138,0,6.3398544143878155,0.0,-0.6931471805599453,0.23111172096338664
44,67056366,Grp. A2 B6 (80% C1; 20% C11),648,0.166,0.142,-0.085,0.075,0.2,0.7,0.5,0.05,0.01,567.36035,0,6.340994639777926,0.3364722366212129,-1.3862943611198906,-0.12516314295400616
45,67761419,Grp. A2 B6 (80% C1; 20% C11),648,0.166,0.127,-0.59,0.77,0.2,1.0,0.6,0.08,0.01,568.85876,0,6.343632178357354,0.5108256237659907,-0.9162907318741551,0.2662679779479645
46,69885008,Grp. A2 B6 (80% C1; 20% C11),648,0.166,0.127,-0.595,0.775,0.2,1.8,1.8,0.1,0.01,568.86414,0,6.343641635844762,0.0,-0.6931471805599453,0.26430162380771727
47,67302727,Grp. A2 B6 (80% C1; 20% C11),648,0.166,0.142,-0.09,0.075,0.2,0.8,0.7,0.05,0.01,569.5355,0,6.344821116326382,0.13353139262452277,-1.3862943611198906,-0.1823215567939546
48,69885239,Grp. A2 B6 (80% C1; 20% C11),648,0.166,0.141,-0.57,0.73,0.2,1.8,1.8,0.1,0.01,569.6166,0,6.344963502931536,0.0,-0.6931471805599453,0.24740817331384096
49,69030142,Grp. A2 B6 (80% C1; 20% C11),648,0.166,0.142,-0.085,0.07,0.2,1.5,1.3,0.1,0.01,569.6401,0,6.345004757900681,0.14310084364067324,-0.6931471805599453,-0.19415601444095737
50,67531245,Grp. A2 B6 (80% C1; 20% C11),648,0.166,0.141,-0.08,0.065,0.2,0.9,0.6,0.07,0.01,569.8261,0,6.345331226560572,0.4054651081081644,-1.0498221244986776,-0.2076393647782445
51,69885107,Grp. A2 B6 (80% C1; 20% C11),648,0.166,0.141,-0.59,0.755,0.2,1.8,1.8,0.1,0.01,570.31256,0,6.3461845614163845,0.0,-0.6931471805599453,0.24659521234925968
52,67290650,Grp. A2 B6 (80% C1; 20% C11),648,0.166,0.141,-0.085,0.075,0.2,0.8,0.4,0.07,0.01,570.7014,0,6.346866130667391,0.6931471805599453,-1.0498221244986776,-0.12516314295400616
53,69885272,Grp. A2 B6 (80% C1; 20% C11),648,0.166,0.127,-0.575,0.75,0.2,1.8,1.8,0.1,0.01,571.2579,0,6.347840771434453,0.0,-0.6931471805599453,0.2657031657330057
54,37840910,Grp. A2 B6 (80% C1; 20% C11),648,0.166,0.142,-0.54,0.625,0.18,1.4,1.1,0.09,0.01,571.56995,0,6.348386872945289,0.24116205681688788,-0.6931471805599453,0.14618251017808145
55,69882466,Grp. A2 B6 (80% C1; 20% C11),648,0.166,0.127,-0.06,0.065,0.2,1.8,1.8,0.1,0.01,571.93195,0,6.349020015771012,0.0,-0.6931471805599453,0.08004270767353656
56,37827660,Grp. A2 B6 (80% C1; 20% C11),648,0.166,0.141,-0.055,0.055,0.18,1.4,1.1,0.09,0.01,572.43726,0,6.349903139903374,0.24116205681688788,-0.6931471805599453,0.0
57,68757393,Grp. A2 B6 (80% C1; 20% C11),648,0.166,0.142,-0.25,0.315,0.2,1.4,1.2,0.09,0.01,572.4811,0,6.349979721783013,0.15415067982725836,-0.7985076962177717,0.23111172096338664
58,69026338,Grp. A2 B6 (80% C1; 20% C11),648,0.166,0.127,-0.655,0.8,0.2,1.5,1.4,0.09,0.01,572.91974,0,6.35074563709602,0.06899287148695142,-0.7985076962177717,0.1999764920326754
59,69885206,Grp. A2 B6 (80% C1; 20% C11),648,0.166,0.142,-0.575,0.735,0.2,1.8,1.8,0.1,0.01,572.99506,0,6.350877095386127,0.0,-0.6931471805599453,0.24550045841548637
60,67751550,Grp. A2 B6 (80% C1; 20% C11),648,0.166,0.141,-0.25,0.315,0.2,1.0,0.6,0.08,0.01,573.4285,0,6.351633255736936,0.5108256237659907,-0.9162907318741551,0.23111172096338664
61,67058325,Grp. A2 B6 (80% C1; 20% C11),648,0.166,0.142,-0.09,0.08,0.2,0.7,0.5,0.05,0.01,573.9335,0,6.352513535949476,0.3364722366212129,-1.3862943611198906,-0.11778303565638339
62,69885074,Grp. A2 B6 (80% C1; 20% C11),648,0.166,0.127,-0.59,0.77,0.2,1.8,1.8,0.1,0.01,573.93774,0,6.352520923537652,0.0,-0.6931471805599453,0.2662679779479645
63,69885041,Grp. A2 B6 (80% C1; 20% C11),648,0.166,0.142,-0.595,0.76,0.2,1.8,1.8,0.1,0.01,574.3347,0,6.353212327427506,0.0,-0.6931471805599453,0.2447570277347471
64,68245566,Grp. A2 B6 (80% C1; 20% C11),648,0.166,0.142,-0.075,0.07,0.2,1.2,1.0,0.08,0.01,574.6847,0,6.353821542573612,0.1823215567939546,-0.9162907318741551,-0.06899287148695131
65,67752511,Grp. A2 B6 (80% C1; 20% C11),648,0.166,0.141,-0.245,0.31,0.2,1.0,0.6,0.08,0.01,575.22235,0,6.35475666170203,0.5108256237659907,-0.9162907318741551,0.235314086934465
66,69885140,Grp. A2 B6 (80% C1; 20% C11),648,0.166,0.141,-0.595,0.76,0.2,1.8,1.8,0.1,0.01,575.53455,0,6.355299261112313,0.0,-0.6931471805599453,0.2447570277347471
67,69884467,Grp. A2 B6 (80% C1; 20% C11),648,0.166,0.141,-0.245,0.31,0.2,1.8,1.8,0.1,0.01,576.2666,0,6.356570400837378,0.0,-0.6931471805599453,0.235314086934465
68,69885173,Grp. A2 B6 (80% C1; 20% C11),648,0.166,0.127,-0.57,0.745,0.2,1.8,1.8,0.1,0.01,576.83734,0,6.3575603203525395,0.0,-0.6931471805599453,0.26774785755096375
69,67762847,Grp. A2 B6 (80% C1; 20% C11),648,0.166,0.127,-0.57,0.745,0.2,1.0,0.6,0.08,0.01,576.987,0,6.357819735924998,0.5108256237659907,-0.9162907318741551,0.26774785755096375
70,37840392,Grp. A2 B6 (80% C1; 20% C11),648,0.166,0.141,-0.575,0.665,0.18,1.4,1.1,0.09,0.01,577.2626,0,6.358297275627395,0.24116205681688788,-0.6931471805599453,0.14541699985850387
71,69590734,Grp. A2 B6 (80% C1; 20% C11),648,0.166,0.142,-0.075,0.065,0.2,1.7,1.8,0.09,0.01,577.70667,0,6.359066248505577,-0.05715841383994864,-0.7985076962177717,-0.1431008436406733
72,67728430,Grp. A2 B6 (80% C1; 20% C11),648,0.166,0.142,-0.06,0.06,0.2,1.0,0.9,0.06,0.01,578.9299,0,6.3611813994315884,0.10536051565782635,-1.2039728043259361,0.0
73,69031105,Grp. A2 B6 (80% C1; 20% C11),648,0.166,0.142,-0.09,0.075,0.2,1.5,1.3,0.1,0.01,579.43567,0,6.362054647126857,0.14310084364067324,-0.6931471805599453,-0.1823215567939546
74,69884099,Grp. A2 B6 (80% C1; 20% C11),648,0.166,0.127,-0.24,0.305,0.2,1.8,1.8,0.1,0.01,579.4541,0,6.362086453430577,0.0,-0.6931471805599453,0.23967285326542026
75,37845291,Grp. A2 B6 (80% C1; 20% C11),648,0.166,0.142,-0.08,0.07,0.18,1.4,1.0,0.1,0.01,580.056,0,6.363124650603785,0.3364722366212129,-0.587786664902119,-0.1335313926245225
76,68755762,Grp. A2 B6 (80% C1; 20% C11),648,0.166,0.141,-0.25,0.315,0.2,1.4,1.2,0.09,0.01,580.22455,0,6.363415183787653,0.15415067982725836,-0.7985076962177717,0.23111172096338664
77,37845787,Grp. A2 B6 (80% C1; 20% C11),648,0.166,0.141,-0.085,0.075,0.18,1.4,1.0,0.1,0.01,580.3899,0,6.363700119066753,0.3364722366212129,-0.587786664902119,-0.12516314295400616
78,67062243,Grp. A2 B6 (80% C1; 20% C11),648,0.166,0.142,-0.095,0.085,0.2,0.7,0.5,0.05,0.01,580.67914,0,6.364198349569881,0.3364722366212129,-1.3862943611198906,-0.11122563511022437
79,37840651,Grp. A2 B6 (80% C1; 20% C11),648,0.166,0.142,-0.58,0.67,0.18,1.4,1.1,0.09,0.01,580.9099,0,6.364595667373492,0.24116205681688788,-0.6931471805599453,0.1442496088445469
80,67726741,Grp. A2 B6 (80% C1; 20% C11),648,0.166,0.141,-0.06,0.06,0.2,1.0,0.9,0.06,0.01,581.65063,0,6.365869975387779,0.10536051565782635,-1.2039728043259361,0.0
81,67289454,Grp. A2 B6 (80% C1; 20% C11),648,0.166,0.142,-0.08,0.07,0.2,0.8,0.4,0.07,0.01,582.3275,0,6.3670330042434795,0.6931471805599453,-1.0498221244986776,-0.1335313926245225
82,70191593,Grp. A2 B6 (80% C1; 20% C11),648,0.166,0.142,-0.44,0.535,0.2,1.9,2.0,0.1,0.01,583.6623,0,6.369322562150578,-0.05129329438755058,-0.6931471805599453,0.1954920199836998
83,69590675,Grp. A2 B6 (80% C1; 20% C11),648,0.166,0.141,-0.075,0.065,0.2,1.7,1.8,0.09,0.01,584.1804,0,6.3702098392367645,-0.05715841383994864,-0.7985076962177717,-0.1431008436406733
84,38112071,Grp. A2 B6 (80% C1; 20% C11),648,0.166,0.127,-0.655,0.8,0.18,1.5,1.4,0.08,0.01,584.7463,0,6.371178077953889,0.06899287148695142,-0.8109302162163287,0.1999764920326754
85,70191605,Grp. A2 B6 (80% C1; 20% C11),648,0.166,0.142,-0.47,0.57,0.2,1.9,2.0,0.1,0.01,584.98376,0,6.371584086162761,-0.05129329438755058,-0.6931471805599453,0.19290366612449145
86,70191581,Grp. A2 B6 (80% C1; 20% C11),648,0.166,0.141,-0.465,0.565,0.2,1.9,2.0,0.1,0.01,585.0496,0,6.371696629962486,-0.05129329438755058,-0.6931471805599453,0.19478832555908449
87,66835899,Grp. A2 B6 (80% C1; 20% C11),648,0.166,0.142,-0.095,0.085,0.2,0.6,0.3,0.05,0.01,586.0068,0,6.373331393605249,0.6931471805599453,-1.3862943611198906,-0.11122563511022437
88,38671970,Grp. A2 B6 (80% C1; 20% C11),648,0.166,0.127,-0.245,0.31,0.18,1.7,1.6,0.09,0.01,586.289,0,6.373812842068087,0.06062462181643484,-0.6931471805599453,0.235314086934465
89,38667509,Grp. A2 B6 (80% C1; 20% C11),648,0.166,0.141,-0.06,0.06,0.18,1.7,1.6,0.09,0.01,586.7372,0,6.374577019410096,0.06062462181643484,-0.6931471805599453,0.0
90,70191617,Grp. A2 B6 (80% C1; 20% C11),648,0.166,0.141,-0.495,0.6,0.2,1.9,2.0,0.1,0.01,587.80396,0,6.376393490947493,-0.05129329438755058,-0.6931471805599453,0.1923718926474561
91,37840133,Grp. A2 B6 (80% C1; 20% C11),648,0.166,0.142,-0.585,0.675,0.18,1.4,1.1,0.09,0.01,588.5794,0,6.377711836885864,0.24116205681688788,-0.6931471805599453,0.14310084364067344
92,39590125,Grp. A2 B6 (80% C1; 20% C11),648,0.166,0.142,-0.075,0.07,0.18,2.0,2.0,0.1,0.01,589.1491,0,6.378679292533639,0.0,-0.587786664902119,-0.06899287148695131
93,67740215,Grp. A2 B6 (80% C1; 20% C11),648,0.166,0.142,-0.065,0.06,0.2,1.0,0.5,0.09,0.01,589.7761,0,6.37974297334921,0.6931471805599453,-0.7985076962177717,-0.0800427076735365
94,69584359,Grp. A2 B6 (80% C1; 20% C11),648,0.166,0.142,-0.055,0.055,0.2,1.7,1.6,0.1,0.01,589.79846,0,6.379780885323172,0.06062462181643484,-0.6931471805599453,0.0
95,38100387,Grp. A2 B6 (80% C1; 20% C11),648,0.166,0.127,-0.06,0.065,0.18,1.5,1.4,0.08,0.01,589.87,0,6.379902173638515,0.06899287148695142,-0.8109302162163287,0.08004270767353656
96,38667769,Grp. A2 B6 (80% C1; 20% C11),648,0.166,0.142,-0.06,0.06,0.18,1.7,1.6,0.09,0.01,590.0442,0,6.380197449347995,0.06062462181643484,-0.6931471805599453,0.0
97,68232045,Grp. A2 B6 (80% C1; 20% C11),648,0.166,0.142,-0.065,0.06,0.2,1.2,1.0,0.08,0.01,590.0813,0,6.380260324016854,0.1823215567939546,-0.9162907318741551,-0.0800427076735365
98,69885305,Grp. A2 B6 (80% C1; 20% C11),648,0.166,0.127,-0.55,0.72,0.2,1.8,1.8,0.1,0.01,590.1004,0,6.380292691914105,0.0,-0.6931471805599453,0.2693329337835842
99,68496993,Grp. A2 B6 (80% C1; 20% C11),648,0.166,0.142,-0.085,0.075,0.2,1.3,1.2,0.08,0.01,590.2745,0,6.380587682939859,0.08004270767353656,-0.9162907318741551,-0.12516314295400616
0,128255887,Grp. A3 B6 (50% C1; 50% C11),436,0.166,0.142,-0.14,0.265,0.54,0.7,0.2,0.07,0.01,68.085014,1,4.2207571302018385,1.2527629684953678,-2.043073897508961,0.6380874033769178
1,201220500,Grp. A3 B6 (50% C1; 50% C11),436,0.166,0.142,-0.14,0.265,0.84,0.6,0.1,0.09,0.01,69.98905,1,4.248338801241705,1.791759469228055,-2.2335922215070942,0.6380874033769178
2,98302275,Grp. A3 B6 (50% C1; 50% C11),436,0.166,0.142,-0.14,0.265,0.42,0.9,0.2,0.09,0.01,70.45111,1,4.2549189940757834,1.5040773967762742,-1.540445040947149,0.6380874033769178
3,87389352,Grp. A3 B6 (50% C1; 50% C11),436,0.166,0.141,-0.125,0.255,0.38,0.6,0.2,0.04,0.01,71.63844,1,4.271631801411032,1.0986122886681096,-2.2512917986064953,0.712949807856125
4,205754008,Grp. A3 B6 (50% C1; 50% C11),436,0.166,0.142,-0.14,0.265,0.86,0.4,0.1,0.05,0.01,72.32072,1,4.281110671786575,1.3862943611198906,-2.8449093838194073,0.6380874033769178
5,162191142,Grp. A3 B6 (50% C1; 50% C11),436,0.166,0.142,-0.145,0.29,0.68,0.3,0.1,0.01,0.01,72.536316,1,4.284087346791749,1.0986122886681096,-4.219507705176107,0.6931471805599453
6,93232073,Grp. A3 B6 (50% C1; 50% C11),436,0.166,0.142,-0.14,0.265,0.3,0.9,0.2,0.07,0.01,73.07197,1,4.291444845888584,1.5040773967762742,-1.455287232606842,0.6380874033769178
7,205641229,Grp. A3 B6 (50% C1; 50% C11),436,0.171,0.141,-0.13,0.36,0.86,0.3,0.1,0.02,0.01,73.53839,1,4.297807582786044,1.0986122886681096,-3.7612001156935624,1.0185695809945732
8,137860417,Grp. A3 B6 (50% C1; 50% C11),436,0.166,0.142,-0.145,0.29,0.58,0.5,0.2,0.03,0.01,73.99995,1,4.304064417528266,0.9162907318741551,-2.9618307218783095,0.6931471805599453
9,87386453,Grp. A3 B6 (50% C1; 50% C11),436,0.166,0.142,-0.14,0.265,0.38,0.6,0.3,0.02,0.01,74.07144,1,4.305030032905481,0.6931471805599453,-2.9444389791664407,0.6380874033769178
10,120649914,Grp. A3 B6 (50% C1; 50% C11),436,0.166,0.142,-0.14,0.265,0.4,1.7,1.4,0.09,0.01,74.10821,1,4.305526322385916,0.19415601444095756,-1.491654876777717,0.6380874033769178
11,108262393,Grp. A3 B6 (50% C1; 50% C11),436,0.166,0.142,-0.145,0.29,0.46,0.8,0.1,0.08,0.01,74.297844,1,4.308081933806062,2.0794415416798357,-1.749199854809259,0.6931471805599453
12,73774079,Grp. A3 B6 (50% C1; 50% C11),436,0.166,0.141,-0.125,0.255,0.32,1.4,0.9,0.09,0.01,74.42862,1,4.309840545289012,0.4418327522790391,-1.2685113254635072,0.712949807856125
13,93232045,Grp. A3 B6 (50% C1; 50% C11),436,0.166,0.142,-0.14,0.265,0.3,0.9,0.1,0.08,0.01,74.46595,1,4.310341973927842,2.1972245773362196,-1.3217558399823195,0.6380874033769178
14,119095538,Grp. A3 B6 (50% C1; 50% C11),436,0.166,0.142,-0.14,0.265,0.4,1.1,0.6,0.08,0.01,74.50964,1,4.310928512987731,0.6061358035703156,-1.6094379124341005,0.6380874033769178
15,211080497,Grp. A3 B6 (50% C1; 50% C11),436,0.171,0.141,-0.13,0.36,0.88,0.8,0.3,0.1,0.01,74.91029,1,4.31629126426454,0.9808292530117263,-2.1747517214841605,1.0185695809945732
16,234620130,Grp. A3 B6 (50% C1; 50% C11),436,0.166,0.142,-0.145,0.35,0.98,0.6,0.3,0.07,0.01,75.305855,1,4.321557887427125,0.6931471805599453,-2.6390573296152584,0.881199412062885
17,52826331,Grp. A3 B6 (50% C1; 50% C11),436,0.166,0.142,-0.14,0.265,0.24,1.3,0.6,0.08,0.01,75.36595,1,4.322355581503818,0.7731898882334819,-1.0986122886681096,0.6380874033769178
18,133069543,Grp. A3 B6 (50% C1; 50% C11),436,0.171,0.141,-0.13,0.36,0.56,0.6,0.1,0.05,0.01,75.39245,1,4.32270713737431,1.791759469228055,-2.4159137783010487,1.0185695809945732
19,192223020,Grp. A3 B6 (50% C1; 50% C11),436,0.166,0.142,-0.145,0.35,0.7,0.9,0.5,0.08,0.01,75.45341,1,4.323515379686277,0.5877866649021191,-2.169053700369523,0.881199412062885
20,135329712,Grp. A3 B6 (50% C1; 50% C11),436,0.171,0.141,-0.13,0.36,0.56,1.6,1.3,0.1,0.01,75.61308,1,4.325629284092983,0.20763936477824455,-1.7227665977411035,1.0185695809945732
21,201229510,Grp. A3 B6 (50% C1; 50% C11),436,0.171,0.141,-0.14,0.385,0.84,0.6,0.2,0.06,0.01,75.70692,1,4.326869569739687,1.0986122886681096,-2.639057329615259,1.0116009116784799
22,90653445,Grp. A3 B6 (50% C1; 50% C11),436,0.166,0.142,-0.14,0.265,0.38,1.9,1.7,0.08,0.01,75.733086,1,4.327215132328483,0.1112256351102244,-1.55814461804655,0.6380874033769178
23,52334287,Grp. A3 B6 (50% C1; 50% C11),436,0.166,0.141,-0.12,0.23,0.24,1.1,0.8,0.04,0.01,75.85824,1,4.328866335358869,0.3184537311185346,-1.791759469228055,0.6505875661411494
24,210645326,Grp. A3 B6 (50% C1; 50% C11),436,0.166,0.142,-0.145,0.35,0.88,0.5,0.3,0.04,0.01,76.00474,1,4.330795706762554,0.5108256237659907,-3.0910424533583156,0.881199412062885
25,186565276,Grp. A3 B6 (50% C1; 50% C11),436,0.166,0.142,-0.145,0.35,0.78,0.4,0.1,0.03,0.01,76.07139,1,4.331672241485885,1.3862943611198906,-3.258096538021482,0.881199412062885
26,123839294,Grp. A3 B6 (50% C1; 50% C11),436,0.166,0.141,-0.125,0.255,0.52,1.0,0.6,0.09,0.01,76.21975,1,4.333620615461327,0.5108256237659907,-1.754019141245208,0.712949807856125
27,77961639,Grp. A3 B6 (50% C1; 50% C11),436,0.166,0.141,-0.125,0.255,0.34,1.0,0.6,0.06,0.01,76.342865,1,4.335234576086279,0.5108256237659907,-1.7346010553881064,0.712949807856125
28,54848244,Grp. A3 B6 (50% C1; 50% C11),436,0.166,0.141,-0.12,0.245,0.24,2.0,1.5,0.1,0.01,76.34549,1,4.335268959847899,0.28768207245178085,-0.8754687373538999,0.7137664677626809
29,200975618,Grp. A3 B6 (50% C1; 50% C11),436,0.166,0.142,-0.14,0.265,0.84,0.4,0.2,0.04,0.01,76.34624,1,4.335278783562648,0.6931471805599453,-3.044522437723423,0.6380874033769178
30,82452132,Grp. A3 B6 (50% C1; 50% C11),436,0.166,0.141,-0.12,0.23,0.36,0.7,0.4,0.04,0.01,76.65069,1,4.339258607234253,0.5596157879354225,-2.197224577336219,0.6505875661411494
31,89460065,Grp. A3 B6 (50% C1; 50% C11),436,0.166,0.141,-0.125,0.255,0.38,1.5,1.3,0.07,0.01,77.044304,1,4.344380633011398,0.14310084364067324,-1.6916760106710724,0.712949807856125
32,113716323,Grp. A3 B6 (50% C1; 50% C11),436,0.166,0.141,-0.125,0.255,0.48,1.0,0.8,0.06,0.01,77.16275,1,4.345916827630528,0.22314355131420976,-2.0794415416798357,0.712949807856125
33,192230198,Grp. A3 B6 (50% C1; 50% C11),436,0.171,0.141,-0.14,0.385,0.7,0.9,0.2,0.1,0.01,77.340965,1,4.34822376347395,1.5040773967762742,-1.9459101490553132,1.0116009116784799
34,90348488,Grp. A3 B6 (50% C1; 50% C11),436,0.166,0.141,-0.125,0.255,0.38,1.8,1.5,0.1,0.01,77.45039,1,4.349637602356978,0.1823215567939546,-1.3350010667323402,0.712949807856125
35,215926110,Grp. A3 B6 (50% C1; 50% C11),436,0.166,0.142,-0.145,0.35,0.8,0.8,0.2,0.1,0.01,77.54051,1,4.350800509471604,1.3862943611198906,-2.0794415416798357,0.881199412062885
36,53363266,Grp. A3 B6 (50% C1; 50% C11),436,0.166,0.141,-0.12,0.245,0.24,1.5,1.3,0.04,0.01,77.66777,1,4.352440370805271,0.14310084364067324,-1.791759469228055,0.7137664677626809
37,109118400,Grp. A3 B6 (50% C1; 50% C11),436,0.171,0.141,-0.13,0.36,0.46,1.2,0.7,0.08,0.01,77.73391,1,4.353291584305582,0.5389965007326871,-1.749199854809259,1.0185695809945732
38,187735928,Grp. A3 B6 (50% C1; 50% C11),436,0.171,0.141,-0.13,0.36,0.78,1.1,0.8,0.1,0.01,77.84675,1,4.354742150459318,0.3184537311185346,-2.054123733695546,1.0185695809945732
39,122887596,Grp. A3 B6 (50% C1; 50% C11),436,0.166,0.142,-0.14,0.265,0.52,0.5,0.2,0.03,0.01,77.97333,1,4.356366845143645,0.9162907318741551,-2.8526314299133175,0.6380874033769178
40,104818327,Grp. A3 B6 (50% C1; 50% C11),436,0.171,0.141,-0.13,0.36,0.44,1.5,1.2,0.07,0.01,78.03345,1,4.357137580915207,0.22314355131420976,-1.8382794848629478,1.0185695809945732
41,144515228,Grp. A3 B6 (50% C1; 50% C11),436,0.166,0.142,-0.14,0.265,0.5,1.3,1.2,0.06,0.01,78.18484,1,4.359075766865036,0.08004270767353656,-2.120263536200091,0.6380874033769178
42,128832590,Grp. A3 B6 (50% C1; 50% C11),436,0.166,0.141,-0.125,0.255,0.54,1.0,0.8,0.07,0.01,78.286934,1,4.360380718063301,0.22314355131420976,-2.043073897508961,0.712949807856125
43,28920984,Grp. A3 B6 (50% C1; 50% C11),436,0.166,0.141,-0.125,0.255,0.14,1.9,1.6,0.03,0.01,78.30422,1,4.3606014968190445,0.17185025692665903,-1.540445040947149,0.712949807856125
44,127900770,Grp. A3 B6 (50% C1; 50% C11),436,0.166,0.141,-0.125,0.255,0.54,0.5,0.3,0.03,0.01,78.38676,1,4.361655035543922,0.5108256237659907,-2.890371757896165,0.712949807856125
45,109098201,Grp. A3 B6 (50% C1; 50% C11),436,0.166,0.142,-0.14,0.265,0.46,1.2,1.0,0.06,0.01,78.49092,1,4.362982949308403,0.1823215567939546,-2.03688192726104,0.6380874033769178
46,109586467,Grp. A3 B6 (50% C1; 50% C11),436,0.166,0.142,-0.14,0.265,0.46,1.4,1.0,0.1,0.01,78.522835,1,4.363389474207315,0.3364722366212129,-1.5260563034950494,0.6380874033769178
47,124514041,Grp. A3 B6 (50% C1; 50% C11),436,0.166,0.142,-0.145,0.29,0.52,1.3,1.1,0.07,0.01,78.683174,1,4.365429333327431,0.16705408466316607,-2.005333569526114,0.6931471805599453
48,69764713,Grp. A3 B6 (50% C1; 50% C11),436,0.166,0.142,-0.14,0.265,0.2,1.8,1.4,0.05,0.01,78.73947,1,4.366144554479476,0.25131442828090617,-1.3862943611198906,0.6380874033769178
49,118454492,Grp. A3 B6 (50% C1; 50% C11),436,0.166,0.142,-0.14,0.265,0.4,0.8,0.7,0.01,0.01,78.82413,1,4.367219168262698,0.13353139262452277,-3.6888794541139363,0.6380874033769178
50,61782104,Grp. A3 B6 (50% C1; 50% C11),436,0.166,0.142,-0.14,0.265,0.28,0.7,0.4,0.01,0.01,78.846695,1,4.367505397502053,0.5596157879354225,-3.332204510175204,0.6380874033769178
51,47651447,Grp. A3 B6 (50% C1; 50% C11),436,0.166,0.141,-0.12,0.23,0.22,1.3,1.1,0.03,0.01,78.8566,1,4.367631013140116,0.16705408466316607,-1.9924301646902063,0.6505875661411494
52,157938927,Grp. A3 B6 (50% C1; 50% C11),436,0.171,0.141,-0.13,0.36,0.66,0.7,0.3,0.06,0.01,78.87982,1,4.367925428344515,0.8472978603872037,-2.3978952727983707,1.0185695809945732
53,133242626,Grp. A3 B6 (50% C1; 50% C11),436,0.166,0.142,-0.145,0.29,0.56,0.7,0.6,0.02,0.01,79.234085,1,4.372406572401041,0.15415067982725836,-3.332204510175204,0.6931471805599453
54,138379196,Grp. A3 B6 (50% C1; 50% C11),436,0.166,0.141,-0.125,0.255,0.58,0.8,0.6,0.06,0.01,79.23482,1,4.372415848668837,0.287682072451781,-2.268683541318364,0.712949807856125
55,215365417,Grp. A3 B6 (50% C1; 50% C11),436,0.166,0.142,-0.145,0.29,0.8,0.4,0.3,0.02,0.01,79.3458,1,4.373815515514862,0.287682072451781,-3.6888794541139363,0.6931471805599453
56,90322678,Grp. A3 B6 (50% C1; 50% C11),436,0.166,0.142,-0.14,0.265,0.38,1.8,1.5,0.09,0.01,79.42743,1,4.374843774588415,0.1823215567939546,-1.4403615823901665,0.6380874033769178
57,105074235,Grp. A3 B6 (50% C1; 50% C11),436,0.166,0.142,-0.14,0.265,0.44,1.6,1.4,0.08,0.01,79.43601,1,4.374951791889417,0.13353139262452277,-1.7047480922384253,0.6380874033769178
58,58526906,Grp. A3 B6 (50% C1; 50% C11),436,0.166,0.142,-0.14,0.265,0.26,1.5,1.0,0.07,0.01,79.48666,1,4.375589208838364,0.4054651081081644,-1.3121863889661687,0.6380874033769178
59,201697871,Grp. A3 B6 (50% C1; 50% C11),436,0.166,0.142,-0.14,0.265,0.84,0.9,0.7,0.1,0.01,79.524315,1,4.3760628239546016,0.25131442828090617,-2.128231705849268,0.6380874033769178
60,47402469,Grp. A3 B6 (50% C1; 50% C11),436,0.166,0.142,-0.14,0.265,0.22,1.2,0.9,0.02,0.01,79.65256,1,4.37767417645475,0.28768207245178085,-2.3978952727983707,0.6380874033769178
61,244175866,Grp. A3 B6 (50% C1; 50% C11),436,0.166,0.142,-0.15,0.3,1.0,0.6,0.3,0.08,0.01,79.6819,1,4.378042458373573,0.6931471805599453,-2.5257286443082556,0.6931471805599453
62,133612033,Grp. A3 B6 (50% C1; 50% C11),436,0.171,0.141,-0.13,0.36,0.56,0.9,0.8,0.03,0.01,79.68445,1,4.3780744601104535,0.11778303565638346,-2.9267394020670396,1.0185695809945732
63,216115313,Grp. A3 B6 (50% C1; 50% C11),436,0.171,0.142,-0.145,0.395,0.8,0.9,0.3,0.1,0.01,79.717896,1,4.378494102623002,1.0986122886681098,-2.0794415416798357,1.0021520224805476
64,78905162,Grp. A3 B6 (50% C1; 50% C11),436,0.166,0.141,-0.12,0.23,0.34,1.4,1.0,0.09,0.01,79.72178,1,4.378542823243844,0.3364722366212129,-1.3291359472799422,0.6505875661411494
65,147993787,Grp. A3 B6 (50% C1; 50% C11),436,0.166,0.142,-0.145,0.29,0.62,0.6,0.5,0.02,0.01,79.85386,1,4.380198214131348,0.1823215567939546,-3.4339872044851463,0.6931471805599453
66,82890980,Grp. A3 B6 (50% C1; 50% C11),436,0.166,0.141,-0.125,0.255,0.36,0.9,0.8,0.02,0.01,80.05325,1,4.382692038243816,0.11778303565638346,-2.8903717578961645,0.712949807856125
67,128441810,Grp. A3 B6 (50% C1; 50% C11),436,0.166,0.142,-0.145,0.35,0.54,0.8,0.2,0.07,0.01,80.13229,1,4.38367889394146,1.3862943611198906,-2.043073897508961,0.881199412062885
68,123076462,Grp. A3 B6 (50% C1; 50% C11),436,0.166,0.141,-0.12,0.245,0.52,0.6,0.3,0.05,0.01,80.253876,1,4.385195059909184,0.6931471805599453,-2.341805806147327,0.7137664677626809
69,51409007,Grp. A3 B6 (50% C1; 50% C11),436,0.166,0.141,-0.12,0.245,0.24,0.7,0.3,0.03,0.01,80.25924,1,4.385261895568918,0.8472978603872037,-2.0794415416798357,0.7137664677626809
70,206682806,Grp. A3 B6 (50% C1; 50% C11),436,0.166,0.142,-0.145,0.35,0.86,1.0,0.8,0.09,0.01,80.65189,1,4.390142238890556,0.22314355131420976,-2.257122718917288,0.881199412062885
71,63182884,Grp. A3 B6 (50% C1; 50% C11),436,0.166,0.141,-0.12,0.23,0.28,1.3,1.2,0.03,0.01,80.699394,1,4.390731065954028,0.08004270767353656,-2.2335922215070942,0.6505875661411494
72,128082000,Grp. A3 B6 (50% C1; 50% C11),436,0.166,0.142,-0.15,0.3,0.54,0.6,0.2,0.04,0.01,80.70029,1,4.390742168825828,1.0986122886681096,-2.6026896854443837,0.6931471805599453
73,129041884,Grp. A3 B6 (50% C1; 50% C11),436,0.166,0.142,-0.145,0.29,0.54,1.1,0.9,0.06,0.01,80.89833,1,4.39319318108253,0.20067069546215124,-2.1972245773362196,0.6931471805599453
74,59375217,Grp. A3 B6 (50% C1; 50% C11),436,0.166,0.141,-0.12,0.23,0.26,1.8,1.6,0.06,0.01,81.12092,1,4.395940881001441,0.11778303565638346,-1.4663370687934272,0.6505875661411494
75,39170985,Grp. A3 B6 (50% C1; 50% C11),436,0.166,0.141,-0.125,0.255,0.18,1.9,1.7,0.03,0.01,81.1406,1,4.3961834523775325,0.1112256351102244,-1.791759469228055,0.712949807856125
76,89459535,Grp. A3 B6 (50% C1; 50% C11),436,0.166,0.141,-0.12,0.245,0.38,1.5,1.4,0.06,0.01,81.145386,1,4.396242434673162,0.06899287148695142,-1.845826690498331,0.7137664677626809
77,82889787,Grp. A3 B6 (50% C1; 50% C11),436,0.166,0.142,-0.145,0.29,0.36,0.9,0.5,0.04,0.01,81.23131,1,4.397300763979481,0.5877866649021191,-2.197224577336219,0.6931471805599453
78,85886761,Grp. A3 B6 (50% C1; 50% C11),436,0.166,0.141,-0.125,0.255,0.36,2.0,1.8,0.09,0.01,81.30762,1,4.39823973909894,0.10536051565782635,-1.3862943611198906,0.712949807856125
79,147832977,Grp. A3 B6 (50% C1; 50% C11),436,0.166,0.142,-0.15,0.3,0.62,0.5,0.2,0.03,0.01,81.321976,1,4.398416287530349,0.9162907318741551,-3.028522096376982,0.6931471805599453
80,243754758,Grp. A3 B6 (50% C1; 50% C11),436,0.166,0.142,-0.145,0.29,1.0,0.2,0.1,0.01,0.01,81.44734,1,4.39995667644233,0.6931471805599453,-4.605170185988091,0.6931471805599453
81,97690555,Grp. A3 B6 (50% C1; 50% C11),436,0.166,0.141,-0.12,0.23,0.42,0.6,0.4,0.03,0.01,81.513535,1,4.400769080077752,0.4054651081081642,-2.639057329615259,0.6505875661411494
82,118662768,Grp. A3 B6 (50% C1; 50% C11),436,0.166,0.142,-0.14,0.265,0.4,0.9,0.7,0.03,0.01,81.53038,1,4.40097571152499,0.25131442828090617,-2.5902671654458267,0.6380874033769178
83,197606951,Grp. A3 B6 (50% C1; 50% C11),436,0.171,0.142,-0.145,0.395,0.82,1.2,1.0,0.09,0.01,81.66254,1,4.402595389987658,0.1823215567939546,-2.209494669928034,1.0021520224805476
84,91036722,Grp. A3 B6 (50% C1; 50% C11),436,0.171,0.141,-0.13,0.36,0.38,2.0,1.7,0.08,0.01,81.76081,1,4.40379803345133,0.16251892949777494,-1.55814461804655,1.0185695809945732
85,173111259,Grp. A3 B6 (50% C1; 50% C11),436,0.171,0.142,-0.145,0.395,0.72,1.0,0.7,0.07,0.01,81.77805,1,4.404008870191464,0.3566749439387324,-2.330755969960742,1.0021520224805476
86,82452068,Grp. A3 B6 (50% C1; 50% C11),436,0.166,0.141,-0.12,0.23,0.36,0.7,0.1,0.07,0.01,81.77991,1,4.404031614422317,1.9459101490553132,-1.6376087894007965,0.6505875661411494
87,125339677,Grp. A3 B6 (50% C1; 50% C11),436,0.166,0.142,-0.145,0.29,0.52,1.6,1.4,0.09,0.01,81.78557,1,4.404100822179386,0.13353139262452277,-1.754019141245208,0.6931471805599453
88,125664154,Grp. A3 B6 (50% C1; 50% C11),436,0.171,0.141,-0.13,0.36,0.52,1.7,1.6,0.07,0.01,81.917175,1,4.4057086758333,0.06062462181643484,-2.005333569526114,1.0185695809945732
89,162643037,Grp. A3 B6 (50% C1; 50% C11),436,0.166,0.142,-0.145,0.35,0.68,0.6,0.2,0.05,0.01,82.09953,1,4.407932291716052,1.0986122886681096,-2.6100697927420065,0.881199412062885
90,72804269,Grp. A3 B6 (50% C1; 50% C11),436,0.166,0.142,-0.145,0.29,0.32,1.0,0.5,0.05,0.01,82.18263,1,4.4089439658636,0.6931471805599453,-1.8562979903656263,0.6931471805599453
91,239342162,Grp. A3 B6 (50% C1; 50% C11),436,0.171,0.141,-0.13,0.36,0.9,0.5,0.1,0.06,0.01,82.24728,1,4.409730319189845,1.6094379124341003,-2.70805020110221,1.0185695809945732
92,187125560,Grp. A3 B6 (50% C1; 50% C11),436,0.166,0.142,-0.14,0.265,0.78,0.8,0.6,0.08,0.01,82.32786,1,4.410709568017332,0.287682072451781,-2.277267285009756,0.6380874033769178
93,182042523,Grp. A3 B6 (50% C1; 50% C11),436,0.171,0.141,-0.13,0.36,0.76,0.6,0.2,0.06,0.01,82.33228,1,4.410763254355762,1.0986122886681096,-2.538973871058276,1.0185695809945732
94,93701449,Grp. A3 B6 (50% C1; 50% C11),436,0.166,0.141,-0.12,0.245,0.3,1.1,0.8,0.05,0.01,82.39981,1,4.411583131087525,0.3184537311185346,-1.791759469228055,0.7137664677626809
95,61336931,Grp. A3 B6 (50% C1; 50% C11),436,0.166,0.141,-0.125,0.255,0.28,0.5,0.1,0.02,0.01,82.414505,1,4.411761452977088,1.6094379124341003,-2.639057329615259,0.712949807856125
96,78920849,Grp. A3 B6 (50% C1; 50% C11),436,0.166,0.142,-0.145,0.29,0.34,1.4,1.1,0.05,0.01,82.52051,1,4.4130468685038755,0.24116205681688788,-1.916922612182061,0.6931471805599453
97,64865455,Grp. A3 B6 (50% C1; 50% C11),436,0.166,0.141,-0.12,0.23,0.28,1.9,1.7,0.07,0.01,82.534935,1,4.413221658254516,0.1112256351102244,-1.3862943611198906,0.6505875661411494
98,57518778,Grp. A3 B6 (50% C1; 50% C11),436,0.166,0.141,-0.12,0.23,0.26,1.1,0.5,0.08,0.01,82.54972,1,4.413400778476678,0.7884573603642703,-1.1786549963416462,0.6505875661411494
99,192046500,Grp. A3 B6 (50% C1; 50% C11),436,0.166,0.141,-0.145,0.35,0.7,0.8,0.3,0.08,0.01,82.603806,1,4.4140557569472385,0.9808292530117263,-2.169053700369523,0.881199412062885
0,68679202,Grp. A3 B6 (50% C1; 50% C11),439,0.166,0.141,-0.095,0.085,0.2,1.4,1.3,0.07,0.01,879.1885,1,6.778999322931074,0.07410797215372183,-1.0498221244986776,-0.11122563511022437
1,22185385,Grp. A3 B6 (50% C1; 50% C11),439,0.166,0.142,-0.085,0.075,0.12,1.3,1.2,0.04,0.01,1257.5382,1,7.136911279246099,0.08004270767353656,-1.0986122886681096,-0.12516314295400616
2,24149668,Grp. A3 B6 (50% C1; 50% C11),439,0.166,0.141,-0.09,0.08,0.12,2.0,1.9,0.06,0.01,1325.8319,1,7.189795390462167,0.05129329438755048,-0.6931471805599453,-0.11778303565638339
3,240164837,Grp. A3 B6 (50% C1; 50% C11),439,0.166,0.127,-0.245,0.31,0.9,1.0,1.1,0.01,0.01,1329.167,1,7.192307709208658,-0.0953101798043249,-4.499809670330265,0.235314086934465
4,197607977,Grp. A3 B6 (50% C1; 50% C11),439,0.166,0.127,-0.245,0.31,0.82,1.2,1.3,0.01,0.01,1359.9888,1,7.21523174340207,-0.0800427076735365,-4.406719247264253,0.235314086934465
5,206920664,Grp. A3 B6 (50% C1; 50% C11),439,0.166,0.127,-0.245,0.31,0.86,1.1,1.2,0.01,0.01,1375.2537,1,7.226393502171872,-0.08701137698962969,-4.454347296253507,0.235314086934465
6,193698358,Grp. A3 B6 (50% C1; 50% C11),439,0.166,0.127,-0.24,0.305,0.7,1.5,1.6,0.01,0.01,1388.0945,1,7.235687222322656,-0.06453852113757118,-4.2484952420493585,0.23967285326542026
7,194010978,Grp. A3 B6 (50% C1; 50% C11),439,0.166,0.127,-0.24,0.305,0.7,1.6,1.7,0.02,0.01,1398.7864,1,7.243360282522568,-0.060624621816434736,-3.5553480614894135,0.23967285326542026
8,165245524,Grp. A3 B6 (50% C1; 50% C11),439,0.166,0.127,-0.24,0.305,0.68,1.7,1.8,0.02,0.01,1403.2614,1,7.246554377787171,-0.05715841383994864,-3.5263605246161616,0.23967285326542026
9,165244862,Grp. A3 B6 (50% C1; 50% C11),439,0.166,0.127,-0.245,0.31,0.68,1.7,1.8,0.01,0.01,1404.7139,1,7.247588931139226,-0.05715841383994864,-4.219507705176107,0.235314086934465
10,160715414,Grp. A3 B6 (50% C1; 50% C11),439,0.166,0.127,-0.245,0.31,0.66,1.8,1.9,0.01,0.01,1416.7615,1,7.256128912186363,-0.0540672212702757,-4.189654742026425,0.235314086934465
11,197365665,Grp. A3 B6 (50% C1; 50% C11),439,0.166,0.127,-0.24,0.305,0.82,1.1,1.2,0.01,0.01,1417.3616,1,7.256552394150832,-0.08701137698962969,-4.406719247264253,0.23967285326542026
12,156180811,Grp. A3 B6 (50% C1; 50% C11),439,0.166,0.127,-0.245,0.31,0.64,1.9,2.0,0.01,0.01,1419.1276,1,7.257797595597879,-0.05129329438755058,-4.1588830833596715,0.235314086934465
13,194010361,Grp. A3 B6 (50% C1; 50% C11),439,0.166,0.127,-0.245,0.31,0.7,1.6,1.7,0.01,0.01,1430.2396,1,7.265597261666162,-0.060624621816434736,-4.2484952420493585,0.235314086934465
14,184022192,Grp. A3 B6 (50% C1; 50% C11),439,0.166,0.127,-0.245,0.31,0.76,1.5,1.6,0.02,0.01,1441.3479,1,7.273333996422899,-0.06453852113757118,-3.6375861597263857,0.235314086934465
15,160716116,Grp. A3 B6 (50% C1; 50% C11),439,0.166,0.127,-0.24,0.305,0.66,1.8,1.9,0.02,0.01,1445.9315,1,7.276509029535761,-0.0540672212702757,-3.4965075614664802,0.23967285326542026
16,188519958,Grp. A3 B6 (50% C1; 50% C11),439,0.166,0.127,-0.245,0.31,0.78,1.4,1.5,0.02,0.01,1446.7167,1,7.277051923081741,-0.06899287148695156,-3.6635616461296463,0.235314086934465
17,183444562,Grp. A3 B6 (50% C1; 50% C11),439,0.166,0.127,-0.24,0.305,0.76,1.3,1.4,0.01,0.01,1449.5117,1,7.278982020078013,-0.07410797215372172,-4.330733340286331,0.23967285326542026
18,156181552,Grp. A3 B6 (50% C1; 50% C11),439,0.166,0.127,-0.24,0.305,0.64,1.9,2.0,0.02,0.01,1450.4376,1,7.27962058298769,-0.05129329438755058,-3.4657359027997265,0.23967285326542026
19,188238977,Grp. A3 B6 (50% C1; 50% C11),439,0.166,0.127,-0.245,0.31,0.78,1.3,1.4,0.01,0.01,1460.8171,1,7.286751215686758,-0.07410797215372172,-4.356708826689592,0.235314086934465
20,215238420,Grp. A3 B6 (50% C1; 50% C11),439,0.171,0.127,-0.135,0.39,0.8,0.3,0.3,0.01,0.01,1464.6027,1,7.2893392901320295,0.0,-4.382026634673882,1.0608719606852626
21,183723418,Grp. A3 B6 (50% C1; 50% C11),439,0.166,0.127,-0.245,0.31,0.76,1.4,1.5,0.01,0.01,1471.672,1,7.294154448372444,-0.06899287148695156,-4.330733340286331,0.235314086934465
22,161070648,Grp. A3 B6 (50% C1; 50% C11),439,0.166,0.127,-0.245,0.31,0.66,1.9,2.0,0.02,0.01,1472.7655,1,7.294897204875356,-0.05129329438755058,-3.4965075614664802,0.235314086934465
23,165587837,Grp. A3 B6 (50% C1; 50% C11),439,0.166,0.127,-0.245,0.31,0.68,1.8,1.9,0.02,0.01,1473.7206,1,7.29554550254318,-0.0540672212702757,-3.5263605246161616,0.235314086934465
24,162348467,Grp. A3 B6 (50% C1; 50% C11),439,0.171,0.127,-0.135,0.39,0.68,0.4,0.4,0.01,0.01,1497.5254,1,7.311569291448429,0.0,-4.219507705176107,1.0608719606852626
25,174093021,Grp. A3 B6 (50% C1; 50% C11),439,0.166,0.127,-0.24,0.305,0.72,1.4,1.5,0.01,0.01,1501.326,1,7.314103996592418,-0.06899287148695156,-4.276666119016055,0.23967285326542026
26,181634764,Grp. A3 B6 (50% C1; 50% C11),439,0.166,0.127,-0.15,0.315,0.76,0.3,0.3,0.01,0.01,1503.1587,1,7.315323973001222,0.0,-4.330733340286331,0.7419373447293773
27,157626329,Grp. A3 B6 (50% C1; 50% C11),439,0.166,0.127,-0.14,0.355,0.66,0.5,0.5,0.02,0.01,1505.2465,1,7.316711951146703,0.0,-3.4965075614664802,0.9304753668661113
28,76859396,Grp. A3 B6 (50% C1; 50% C11),439,0.166,0.127,-0.11,0.22,0.34,0.5,0.5,0.01,0.01,1505.7361,1,7.317037160601129,0.0,-3.5263605246161616,0.6931471805599453
29,181904284,Grp. A3 B6 (50% C1; 50% C11),439,0.171,0.127,-0.145,0.415,0.76,0.5,0.5,0.02,0.01,1506.602,1,7.3176120628830805,0.0,-3.6375861597263857,1.051544777810124
30,181770137,Grp. A3 B6 (50% C1; 50% C11),439,0.171,0.127,-0.145,0.415,0.76,0.4,0.4,0.01,0.01,1514.4155,1,7.322784834919333,0.0,-4.330733340286331,1.051544777810124
31,210420370,Grp. A3 B6 (50% C1; 50% C11),439,0.171,0.127,-0.145,0.415,0.88,0.3,0.3,0.01,0.01,1526.7224,1,7.330878494323992,0.0,-4.477336814478207,1.051544777810124
32,54532908,Grp. A3 B6 (50% C1; 50% C11),439,0.171,0.127,-0.125,0.365,0.24,1.9,1.9,0.02,0.01,1527.7638,1,7.331560376625736,0.0,-2.4849066497880004,1.0715836162801904
33,164917300,Grp. A3 B6 (50% C1; 50% C11),439,0.166,0.127,-0.24,0.305,0.68,1.6,1.7,0.01,0.01,1530.3176,1,7.333230574543728,-0.060624621816434736,-4.219507705176107,0.23967285326542026
34,22443665,Grp. A3 B6 (50% C1; 50% C11),439,0.166,0.142,-0.09,0.08,0.12,1.4,1.4,0.03,0.01,1532.969,1,7.334961656880006,0.0,-1.3862943611198906,-0.11778303565638339
35,78431281,Grp. A3 B6 (50% C1; 50% C11),439,0.171,0.127,-0.125,0.365,0.34,1.2,1.2,0.02,0.01,1535.8992,1,7.336871286554203,0.0,-2.833213344056216,1.0715836162801904
36,57291627,Grp. A3 B6 (50% C1; 50% C11),439,0.166,0.127,-0.11,0.24,0.26,1.0,1.0,0.02,0.01,1539.8419,1,7.339435027799874,0.0,-2.5649493574615367,0.780158557549575
37,194339789,Grp. A3 B6 (50% C1; 50% C11),439,0.166,0.127,-0.245,0.31,0.7,1.7,1.8,0.02,0.01,1543.551,1,7.34184088518449,-0.05715841383994864,-3.5553480614894135,0.235314086934465
38,215491945,Grp. A3 B6 (50% C1; 50% C11),439,0.166,0.127,-0.16,0.4,0.8,0.5,0.5,0.02,0.01,1545.016,1,7.342789545265278,0.0,-3.6888794541139363,0.9162907318741551
39,70412671,Grp. A3 B6 (50% C1; 50% C11),439,0.171,0.127,-0.125,0.365,0.2,2.0,2.0,0.01,0.01,1545.4395,1,7.343063614898477,0.0,-2.9957322735539913,1.0715836162801904
40,95274204,Grp. A3 B6 (50% C1; 50% C11),439,0.171,0.127,-0.135,0.39,0.3,1.7,1.7,0.02,0.01,1546.2872,1,7.343611981622639,0.0,-2.70805020110221,1.0608719606852626
41,73525202,Grp. A3 B6 (50% C1; 50% C11),439,0.171,0.127,-0.125,0.365,0.32,1.3,1.3,0.02,0.01,1546.5388,1,7.343774680720846,0.0,-2.772588722239781,1.0715836162801904
42,192053846,Grp. A3 B6 (50% C1; 50% C11),439,0.171,0.127,-0.155,0.44,0.7,0.8,0.8,0.03,0.01,1548.2418,1,7.3448752435018685,0.0,-3.1498829533812494,1.0433496099930604
43,90041985,Grp. A3 B6 (50% C1; 50% C11),439,0.171,0.127,-0.145,0.415,0.38,1.7,1.7,0.03,0.01,1549.3523,1,7.345592251613148,0.0,-2.538973871058276,1.051544777810124
44,176960595,Grp. A3 B6 (50% C1; 50% C11),439,0.166,0.127,-0.15,0.315,0.74,0.4,0.4,0.02,0.01,1553.1139,1,7.3480171623781665,0.0,-3.6109179126442243,0.7419373447293773
45,67910551,Grp. A3 B6 (50% C1; 50% C11),439,0.166,0.127,-0.11,0.24,0.2,1.1,1.1,0.01,0.01,1553.6659,1,7.34837251424817,0.0,-2.9957322735539913,0.780158557549575
46,200979722,Grp. A3 B6 (50% C1; 50% C11),439,0.171,0.127,-0.155,0.44,0.84,0.4,0.4,0.01,0.01,1553.8768,1,7.348508248505546,0.0,-4.430816798843313,1.0433496099930604
47,148159506,Grp. A3 B6 (50% C1; 50% C11),439,0.171,0.127,-0.145,0.415,0.62,0.7,0.7,0.02,0.01,1555.6007,1,7.349617052268634,0.0,-3.4339872044851463,1.051544777810124
48,54863040,Grp. A3 B6 (50% C1; 50% C11),439,0.166,0.141,-0.095,0.135,0.24,2.0,1.9,0.1,0.01,1556.2494,1,7.350033974670775,0.05129329438755048,-0.8754687373538999,0.3513978868378886
49,112923857,Grp. A3 B6 (50% C1; 50% C11),439,0.166,0.127,-0.135,0.265,0.48,0.6,0.6,0.02,0.01,1556.972,1,7.350498188371077,0.0,-3.1780538303479453,0.6744550475477928
50,92560969,Grp. A3 B6 (50% C1; 50% C11),439,0.166,0.127,-0.11,0.22,0.3,0.6,0.6,0.01,0.01,1558.83,1,7.3516908188528785,0.0,-3.4011973816621555,0.6931471805599453
51,200731696,Grp. A3 B6 (50% C1; 50% C11),439,0.166,0.127,-0.14,0.295,0.84,0.2,0.2,0.01,0.01,1559.1095,1,7.351870103922874,0.0,-4.430816798843313,0.7453329337305153
52,147832661,Grp. A3 B6 (50% C1; 50% C11),439,0.166,0.127,-0.145,0.305,0.62,0.5,0.5,0.02,0.01,1560.919,1,7.353030029354888,0.0,-3.4339872044851463,0.7435780341868372
53,64887607,Grp. A3 B6 (50% C1; 50% C11),439,0.166,0.127,-0.145,0.305,0.28,1.9,1.9,0.03,0.01,1561.41,1,7.353344538174456,0.0,-2.2335922215070942,0.7435780341868372
54,167456144,Grp. A3 B6 (50% C1; 50% C11),439,0.171,0.127,-0.135,0.39,0.6,0.5,0.5,0.01,0.01,1562.5128,1,7.354050573577002,0.0,-4.0943445622221,1.0608719606852626
55,82893552,Grp. A3 B6 (50% C1; 50% C11),439,0.171,0.127,-0.125,0.365,0.36,0.9,0.9,0.01,0.01,1565.1553,1,7.3557403312778,0.0,-3.58351893845611,1.0715836162801904
56,147665181,Grp. A3 B6 (50% C1; 50% C11),439,0.166,0.127,-0.135,0.265,0.62,0.4,0.4,0.02,0.01,1565.9127,1,7.356224127870383,0.0,-3.4339872044851463,0.6744550475477928
57,187978973,Grp. A3 B6 (50% C1; 50% C11),439,0.166,0.127,-0.24,0.305,0.78,1.2,1.3,0.01,0.01,1567.6675,1,7.357344124852387,-0.0800427076735365,-4.356708826689592,0.23967285326542026
58,127898001,Grp. A3 B6 (50% C1; 50% C11),439,0.166,0.127,-0.135,0.265,0.54,0.5,0.5,0.02,0.01,1569.5004,1,7.3585126311402105,0.0,-3.295836866004329,0.6744550475477928
59,94979643,Grp. A3 B6 (50% C1; 50% C11),439,0.166,0.127,-0.14,0.295,0.3,1.6,1.6,0.03,0.01,1570.6287,1,7.359231264045182,0.0,-2.3025850929940455,0.7453329337305153
60,109358519,Grp. A3 B6 (50% C1; 50% C11),439,0.171,0.127,-0.145,0.415,0.46,1.3,1.3,0.03,0.01,1571.0394,1,7.359492717508289,0.0,-2.7300291078209855,1.051544777810124
61,63697867,Grp. A3 B6 (50% C1; 50% C11),439,0.166,0.127,-0.08,0.165,0.28,1.5,1.2,0.1,0.01,1573.8167,1,7.361258967303956,0.22314355131420976,-1.0296194171811581,0.723918839226699
62,129275670,Grp. A3 B6 (50% C1; 50% C11),439,0.171,0.127,-0.155,0.44,0.54,1.2,1.2,0.03,0.01,1575.9758,1,7.362629914969981,0.0,-2.890371757896165,1.0433496099930604
63,78430086,Grp. A3 B6 (50% C1; 50% C11),439,0.171,0.127,-0.135,0.39,0.34,1.2,1.2,0.01,0.01,1577.2543,1,7.36344082951127,0.0,-3.5263605246161616,1.0608719606852626
64,173818100,Grp. A3 B6 (50% C1; 50% C11),439,0.166,0.141,-0.25,0.315,0.72,1.3,1.4,0.01,0.01,1578.3114,1,7.3641108203402,-0.07410797215372172,-4.276666119016055,0.23111172096338664
65,162646595,Grp. A3 B6 (50% C1; 50% C11),439,0.171,0.127,-0.145,0.415,0.68,0.6,0.6,0.02,0.01,1579.1844,1,7.364663790210972,0.0,-3.5263605246161616,1.051544777810124
66,234294786,Grp. A3 B6 (50% C1; 50% C11),439,0.171,0.127,-0.155,0.44,0.98,0.3,0.3,0.01,0.01,1579.2083,1,7.36467892449114,0.0,-4.584967478670571,1.0433496099930604
67,103610436,Grp. A3 B6 (50% C1; 50% C11),439,0.171,0.127,-0.135,0.39,0.44,1.0,1.0,0.02,0.01,1579.4098,1,7.364806511932162,0.0,-3.0910424533583156,1.0608719606852626
68,63183291,Grp. A3 B6 (50% C1; 50% C11),439,0.166,0.127,-0.135,0.265,0.28,1.3,1.3,0.02,0.01,1581.5365,1,7.366152121834422,0.0,-2.639057329615259,0.6744550475477928
69,167104334,Grp. A3 B6 (50% C1; 50% C11),439,0.166,0.127,-0.085,0.175,0.6,0.3,0.1,0.04,0.01,1581.6874,1,7.366247530825302,1.0986122886681096,-2.70805020110221,0.7221347174331975
70,174388655,Grp. A3 B6 (50% C1; 50% C11),439,0.166,0.127,-0.24,0.305,0.72,1.5,1.6,0.02,0.01,1586.3674,1,7.369202027322225,-0.06453852113757118,-3.58351893845611,0.23967285326542026
71,63716659,Grp. A3 B6 (50% C1; 50% C11),439,0.166,0.127,-0.14,0.295,0.28,1.5,1.5,0.02,0.01,1588.3387,1,7.370443906218262,0.0,-2.639057329615259,0.7453329337305153
72,171990437,Grp. A3 B6 (50% C1; 50% C11),439,0.166,0.127,-0.145,0.305,0.72,0.3,0.3,0.01,0.01,1591.9878,1,7.372738703058382,0.0,-4.276666119016055,0.7435780341868372
73,229725052,Grp. A3 B6 (50% C1; 50% C11),439,0.166,0.127,-0.11,0.22,0.96,0.5,0.4,0.09,0.01,1596.1315,1,7.375338168099307,0.22314355131420976,-2.367123614131617,0.6931471805599453
74,201101129,Grp. A3 B6 (50% C1; 50% C11),439,0.171,0.127,-0.155,0.44,0.84,0.5,0.5,0.02,0.01,1597.2246,1,7.376022777023876,0.0,-3.7376696182833684,1.0433496099930604
75,154855163,Grp. A3 B6 (50% C1; 50% C11),439,0.166,0.141,-0.245,0.31,0.64,1.5,1.6,0.01,0.01,1599.4573,1,7.377419663190782,-0.06453852113757118,-4.1588830833596715,0.235314086934465
76,178639423,Grp. A3 B6 (50% C1; 50% C11),439,0.166,0.142,-0.255,0.32,0.74,1.3,1.4,0.01,0.01,1606.319,1,7.38170050491934,-0.07410797215372172,-4.304065093204169,0.22705745063534608
77,98314137,Grp. A3 B6 (50% C1; 50% C11),439,0.171,0.127,-0.125,0.365,0.42,0.9,0.9,0.02,0.01,1608.3317,1,7.38295270956042,0.0,-3.044522437723423,1.0715836162801904
78,83341654,Grp. A3 B6 (50% C1; 50% C11),439,0.171,0.127,-0.135,0.39,0.36,1.1,1.1,0.01,0.01,1609.4305,1,7.383635668694385,0.0,-3.58351893845611,1.0608719606852626
79,90672754,Grp. A3 B6 (50% C1; 50% C11),439,0.166,0.127,-0.16,0.4,0.38,1.9,1.9,0.03,0.01,1611.596,1,7.384980271308652,0.0,-2.538973871058276,0.9162907318741551
80,68668590,Grp. A3 B6 (50% C1; 50% C11),439,0.166,0.127,-0.11,0.24,0.2,1.4,1.4,0.02,0.01,1614.269,1,7.386637501609215,0.0,-2.302585092994046,0.780158557549575
81,174388081,Grp. A3 B6 (50% C1; 50% C11),439,0.166,0.127,-0.245,0.31,0.72,1.5,1.6,0.01,0.01,1615.3628,1,7.387314854390929,-0.06453852113757118,-4.276666119016055,0.235314086934465
82,91039722,Grp. A3 B6 (50% C1; 50% C11),439,0.171,0.127,-0.155,0.44,0.38,2.0,2.0,0.03,0.01,1615.3752,1,7.3873225306556085,0.0,-2.538973871058276,1.0433496099930604
83,224753793,Grp. A3 B6 (50% C1; 50% C11),439,0.166,0.127,-0.16,0.4,0.94,0.3,0.3,0.01,0.01,1623.1487,1,7.39212318377364,0.0,-4.543294782270004,0.9162907318741551
84,239227070,Grp. A3 B6 (50% C1; 50% C11),439,0.166,0.127,-0.16,0.4,0.9,0.4,0.4,0.02,0.01,1625.3446,1,7.39347513382043,0.0,-3.8066624897703196,0.9162907318741551
85,210300698,Grp. A3 B6 (50% C1; 50% C11),439,0.166,0.127,-0.145,0.305,0.88,0.2,0.2,0.01,0.01,1626.0557,1,7.393912545363596,0.0,-4.477336814478207,0.7435780341868372
86,159740482,Grp. A3 B6 (50% C1; 50% C11),439,0.166,0.142,-0.25,0.315,0.66,1.5,1.6,0.01,0.01,1629.8291,1,7.39623044167825,-0.06453852113757118,-4.189654742026425,0.23111172096338664
87,148507294,Grp. A3 B6 (50% C1; 50% C11),439,0.166,0.127,-0.16,0.4,0.62,0.9,0.9,0.03,0.01,1631.3651,1,7.39717242796878,0.0,-3.028522096376982,0.9162907318741551
88,143270651,Grp. A3 B6 (50% C1; 50% C11),439,0.171,0.127,-0.125,0.365,0.5,0.7,0.7,0.02,0.01,1631.8217,1,7.3974522771045885,0.0,-3.2188758248682006,1.0715836162801904
89,73523833,Grp. A3 B6 (50% C1; 50% C11),439,0.171,0.127,-0.135,0.39,0.32,1.3,1.3,0.01,0.01,1632.146,1,7.397650992306989,0.0,-3.4657359027997265,1.0608719606852626
90,77298512,Grp. A3 B6 (50% C1; 50% C11),439,0.166,0.127,-0.11,0.24,0.34,0.7,0.7,0.02,0.01,1637.5103,1,7.400932257565961,0.0,-2.833213344056216,0.780158557549575
91,85551169,Grp. A3 B6 (50% C1; 50% C11),439,0.171,0.127,-0.155,0.44,0.36,1.9,1.9,0.02,0.01,1641.4022,1,7.4033061555139525,0.0,-2.8903717578961645,1.0433496099930604
92,138758018,Grp. A3 B6 (50% C1; 50% C11),439,0.166,0.127,-0.16,0.4,0.58,1.0,1.0,0.03,0.01,1641.7721,1,7.403531486226102,0.0,-2.9618307218783095,0.9162907318741551
93,136342702,Grp. A3 B6 (50% C1; 50% C11),439,0.166,0.141,-0.245,0.31,0.56,1.9,2.0,0.01,0.01,1644.94,1,7.40545918837014,-0.05129329438755058,-4.02535169073515,0.235314086934465
94,98522359,Grp. A3 B6 (50% C1; 50% C11),439,0.166,0.127,-0.14,0.295,0.42,1.0,1.0,0.03,0.01,1649.3036,1,7.408108417195919,0.0,-2.639057329615259,0.7453329337305153
95,53619061,Grp. A3 B6 (50% C1; 50% C11),439,0.166,0.127,-0.135,0.265,0.24,1.6,1.6,0.02,0.01,1655.7045,1,7.411981876993546,0.0,-2.4849066497880004,0.6744550475477928
96,70379043,Grp. A3 B6 (50% C1; 50% C11),439,0.166,0.127,-0.135,0.265,0.2,2.0,2.0,0.02,0.01,1660.6024,1,7.414935707087635,0.0,-2.302585092994046,0.6744550475477928
97,137860103,Grp. A3 B6 (50% C1; 50% C11),439,0.166,0.127,-0.14,0.355,0.58,0.5,0.5,0.01,0.01,1663.7798,1,7.416847280893768,0.0,-4.060443010546419,0.9304753668661113
98,59110302,Grp. A3 B6 (50% C1; 50% C11),439,0.171,0.127,-0.125,0.365,0.26,1.7,1.7,0.02,0.01,1667.1198,1,7.4188527457954585,0.0,-2.5649493574615367,1.0715836162801904
99,128261523,Grp. A3 B6 (50% C1; 50% C11),439,0.166,0.127,-0.14,0.295,0.54,0.7,0.7,0.03,0.01,1668.7972,1,7.419858406392751,0.0,-2.890371757896165,0.7453329337305153
0,243754812,Grp. A3 B6 (50% C1; 50% C11),440,0.166,0.141,-0.12,0.245,1.0,0.2,0.1,0.03,0.01,68.60987,1,4.228436401933478,0.6931471805599453,-3.506557897319982,0.7137664677626809
1,239340444,Grp. A3 B6 (50% C1; 50% C11),440,0.166,0.141,-0.12,0.245,0.9,0.5,0.4,0.07,0.01,74.00525,1,4.3041360366335715,0.22314355131420976,-2.5538995212749516,0.7137664677626809
2,206001948,Grp. A3 B6 (50% C1; 50% C11),440,0.166,0.141,-0.12,0.245,0.86,0.6,0.5,0.08,0.01,75.840454,1,4.328631844215768,0.1823215567939546,-2.374905754573672,0.7137664677626809
3,220315043,Grp. A3 B6 (50% C1; 50% C11),440,0.166,0.141,-0.12,0.23,0.92,0.6,0.5,0.09,0.01,77.36494,1,4.348533706396839,0.1823215567939546,-2.324563999712821,0.6505875661411494
4,215760087,Grp. A3 B6 (50% C1; 50% C11),440,0.166,0.141,-0.12,0.23,0.8,0.7,0.6,0.09,0.01,81.18111,1,4.396682584635824,0.15415067982725836,-2.1848020573376625,0.6505875661411494
5,177547851,Grp. A3 B6 (50% C1; 50% C11),440,0.166,0.141,-0.12,0.245,0.74,0.8,0.7,0.09,0.01,84.764465,1,4.439876410162724,0.13353139262452277,-2.1068405158679506,0.7137664677626809
6,210772755,Grp. A3 B6 (50% C1; 50% C11),440,0.166,0.141,-0.125,0.255,0.88,0.6,0.5,0.08,0.01,87.58239,1,4.47257995033637,0.1823215567939546,-2.3978952727983707,0.712949807856125
7,234386818,Grp. A3 B6 (50% C1; 50% C11),440,0.166,0.141,-0.12,0.23,0.98,0.4,0.2,0.07,0.01,90.39178,1,4.50415333406028,0.6931471805599453,-2.6390573296152584,0.6505875661411494
8,171989517,Grp. A3 B6 (50% C1; 50% C11),440,0.166,0.141,-0.12,0.23,0.72,0.3,0.2,0.03,0.01,94.829254,1,4.552077948155846,0.4054651081081642,-3.1780538303479458,0.6505875661411494
9,187125019,Grp. A3 B6 (50% C1; 50% C11),440,0.166,0.141,-0.12,0.23,0.78,0.8,0.7,0.1,0.01,96.150665,1,4.565916388287523,0.13353139262452277,-2.054123733695546,0.6505875661411494
10,172720446,Grp. A3 B6 (50% C1; 50% C11),440,0.166,0.141,-0.12,0.23,0.72,0.8,0.6,0.1,0.01,96.82915,1,4.572948085313714,0.287682072451781,-1.9740810260220096,0.6505875661411494
11,162799670,Grp. A3 B6 (50% C1; 50% C11),440,0.166,0.141,-0.12,0.245,0.68,0.7,0.6,0.07,0.01,96.98178,1,4.574523125808624,0.15415067982725836,-2.2735975561207935,0.7137664677626809
12,229725136,Grp. A3 B6 (50% C1; 50% C11),440,0.166,0.141,-0.12,0.23,0.96,0.5,0.2,0.09,0.01,98.407036,1,4.589112305566955,0.9162907318741551,-2.367123614131617,0.6505875661411494
13,172131996,Grp. A3 B6 (50% C1; 50% C11),440,0.166,0.141,-0.12,0.23,0.72,0.4,0.2,0.05,0.01,98.87622,1,4.593868764823326,0.6931471805599453,-2.667228206581955,0.6505875661411494
14,182348146,Grp. A3 B6 (50% C1; 50% C11),440,0.166,0.141,-0.125,0.255,0.76,0.8,0.7,0.09,0.01,98.98301,1,4.594948219245235,0.13353139262452277,-2.133508762950112,0.712949807856125
15,191587055,Grp. A3 B6 (50% C1; 50% C11),440,0.166,0.141,-0.12,0.245,0.7,0.5,0.4,0.05,0.01,99.1464,1,4.596597545683333,0.22314355131420976,-2.6390573296152584,0.7137664677626809
16,182178162,Grp. A3 B6 (50% C1; 50% C11),440,0.166,0.141,-0.12,0.23,0.76,0.7,0.4,0.1,0.01,99.20047,1,4.597142752182829,0.5596157879354225,-2.0281482472922856,0.6505875661411494
17,162791476,Grp. A3 B6 (50% C1; 50% C11),440,0.166,0.141,-0.12,0.23,0.68,0.7,0.4,0.09,0.01,101.40877,1,4.619159576568985,0.5596157879354225,-2.0222831278398874,0.6505875661411494
18,191732730,Grp. A3 B6 (50% C1; 50% C11),440,0.166,0.141,-0.12,0.245,0.7,0.6,0.4,0.07,0.01,101.626816,1,4.621307437327011,0.4054651081081642,-2.3025850929940455,0.7137664677626809
19,229622791,Grp. A3 B6 (50% C1; 50% C11),440,0.166,0.141,-0.12,0.245,0.96,0.4,0.3,0.06,0.01,103.68778,1,4.641384268368958,0.287682072451781,-2.772588722239781,0.7137664677626809
20,133806650,Grp. A3 B6 (50% C1; 50% C11),440,0.166,0.141,-0.12,0.245,0.56,1.0,0.9,0.08,0.01,104.01497,1,4.644534831090365,0.10536051565782635,-1.9459101490553135,0.7137664677626809
21,144053461,Grp. A3 B6 (50% C1; 50% C11),440,0.166,0.141,-0.12,0.23,0.5,1.1,1.0,0.08,0.01,105.535225,1,4.6590447834444335,0.09531017980432493,-1.8325814637483102,0.6505875661411494
22,123254660,Grp. A3 B6 (50% C1; 50% C11),440,0.166,0.141,-0.12,0.23,0.52,0.7,0.6,0.05,0.01,107.698074,1,4.679331700994084,0.15415067982725836,-2.341805806147327,0.6505875661411494
23,124276497,Grp. A3 B6 (50% C1; 50% C11),440,0.166,0.141,-0.12,0.245,0.52,1.2,1.0,0.1,0.01,108.370834,1,4.685558993762077,0.1823215567939546,-1.6486586255873816,0.7137664677626809
24,113501349,Grp. A3 B6 (50% C1; 50% C11),440,0.166,0.141,-0.12,0.23,0.48,0.9,0.8,0.06,0.01,108.38145,1,4.685656948900659,0.11778303565638346,-2.0794415416798357,0.6505875661411494
25,99707672,Grp. A3 B6 (50% C1; 50% C11),440,0.166,0.141,-0.12,0.23,0.42,1.5,1.4,0.09,0.01,108.72965,1,4.688864526021676,0.06899287148695142,-1.540445040947149,0.6505875661411494
26,147309204,Grp. A3 B6 (50% C1; 50% C11),440,0.166,0.141,-0.12,0.245,0.62,0.2,0.1,0.01,0.01,109.75837,1,4.698281313284213,0.6931471805599453,-4.127134385045092,0.7137664677626809
27,103595769,Grp. A3 B6 (50% C1; 50% C11),440,0.166,0.141,-0.12,0.23,0.44,1.0,0.9,0.06,0.01,111.32054,1,4.71241378752627,0.10536051565782635,-1.9924301646902063,0.6505875661411494
28,201220154,Grp. A3 B6 (50% C1; 50% C11),440,0.166,0.141,-0.12,0.23,0.84,0.6,0.2,0.1,0.01,111.97241,1,4.7182525016628745,1.0986122886681096,-2.128231705849268,0.6505875661411494
29,186696158,Grp. A3 B6 (50% C1; 50% C11),440,0.166,0.141,-0.125,0.255,0.78,0.5,0.2,0.07,0.01,113.073685,1,4.728039685846804,0.9162907318741551,-2.4107986776342782,0.712949807856125
30,215492819,Grp. A3 B6 (50% C1; 50% C11),440,0.166,0.141,-0.12,0.245,0.8,0.5,0.4,0.06,0.01,113.43005,1,4.731186347371348,0.22314355131420976,-2.5902671654458267,0.7137664677626809
31,191726633,Grp. A3 B6 (50% C1; 50% C11),440,0.166,0.141,-0.12,0.23,0.7,0.6,0.3,0.08,0.01,114.56496,1,4.741141998364473,0.6931471805599453,-2.169053700369523,0.6505875661411494
32,144788874,Grp. A3 B6 (50% C1; 50% C11),440,0.166,0.141,-0.12,0.245,0.5,1.4,1.3,0.1,0.01,115.21335,1,4.746785626964261,0.07410797215372183,-1.6094379124341003,0.7137664677626809
33,205639297,Grp. A3 B6 (50% C1; 50% C11),440,0.166,0.141,-0.12,0.23,0.86,0.3,0.2,0.04,0.01,116.28493,1,4.756043472452738,0.4054651081081642,-3.068052935133617,0.6505875661411494
34,128819041,Grp. A3 B6 (50% C1; 50% C11),440,0.166,0.141,-0.12,0.23,0.54,1.0,0.9,0.08,0.01,117.34493,1,4.765117717273381,0.10536051565782635,-1.9095425048844386,0.6505875661411494
35,157135955,Grp. A3 B6 (50% C1; 50% C11),440,0.166,0.141,-0.125,0.255,0.66,0.2,0.1,0.01,0.01,119.36389,1,4.782176726406966,0.6931471805599453,-4.189654742026425,0.712949807856125
36,113313583,Grp. A3 B6 (50% C1; 50% C11),440,0.166,0.141,-0.12,0.245,0.48,0.8,0.6,0.06,0.01,119.669174,1,4.784731052246905,0.287682072451781,-2.0794415416798357,0.7137664677626809
37,205757118,Grp. A3 B6 (50% C1; 50% C11),440,0.166,0.141,-0.125,0.255,0.86,0.4,0.3,0.05,0.01,120.09824,1,4.788310074523939,0.287682072451781,-2.8449093838194073,0.712949807856125
38,138971709,Grp. A3 B6 (50% C1; 50% C11),440,0.166,0.141,-0.125,0.255,0.58,1.1,0.9,0.1,0.01,120.203964,1,4.789189999926717,0.20067069546215124,-1.7578579175523736,0.712949807856125
39,172134352,Grp. A3 B6 (50% C1; 50% C11),440,0.166,0.141,-0.12,0.245,0.72,0.4,0.3,0.04,0.01,120.31437,1,4.7901080672184575,0.287682072451781,-2.8903717578961645,0.7137664677626809
40,80728808,Grp. A3 B6 (50% C1; 50% C11),440,0.166,0.141,-0.12,0.245,0.34,2.0,1.9,0.09,0.01,120.69024,1,4.793227263193576,0.05129329438755048,-1.3291359472799422,0.7137664677626809
41,84048514,Grp. A3 B6 (50% C1; 50% C11),440,0.166,0.141,-0.12,0.23,0.36,1.4,1.2,0.08,0.01,121.43671,1,4.799393221712484,0.15415067982725836,-1.504077396776274,0.6505875661411494
42,172274532,Grp. A3 B6 (50% C1; 50% C11),440,0.166,0.141,-0.12,0.245,0.72,0.5,0.3,0.06,0.01,121.95548,1,4.803656060101682,0.5108256237659907,-2.4849066497880004,0.7137664677626809
43,138761564,Grp. A3 B6 (50% C1; 50% C11),440,0.166,0.141,-0.125,0.255,0.58,1.0,0.9,0.08,0.01,123.94101,1,4.819805726605163,0.10536051565782635,-1.9810014688665831,0.712949807856125
44,144294255,Grp. A3 B6 (50% C1; 50% C11),440,0.166,0.141,-0.125,0.255,0.5,1.2,1.1,0.08,0.01,124.42379,1,4.823693399963557,0.0870113769896297,-1.8325814637483102,0.712949807856125
45,108886921,Grp. A3 B6 (50% C1; 50% C11),440,0.166,0.141,-0.12,0.245,0.46,1.1,0.8,0.09,0.01,124.515564,1,4.8244307201396,0.3184537311185346,-1.6314168191528757,0.7137664677626809
46,74290517,Grp. A3 B6 (50% C1; 50% C11),440,0.166,0.141,-0.12,0.23,0.32,1.6,1.4,0.08,0.01,124.85175,1,4.827127033447732,0.13353139262452277,-1.3862943611198906,0.6505875661411494
47,133806582,Grp. A3 B6 (50% C1; 50% C11),440,0.166,0.141,-0.12,0.245,0.56,1.0,0.7,0.1,0.01,125.88714,1,4.835385791274017,0.3566749439387324,-1.7227665977411035,0.7137664677626809
48,239227705,Grp. A3 B6 (50% C1; 50% C11),440,0.166,0.141,-0.125,0.255,0.9,0.4,0.2,0.06,0.01,126.162025,1,4.837566993572256,0.6931471805599453,-2.70805020110221,0.712949807856125
49,152890372,Grp. A3 B6 (50% C1; 50% C11),440,0.166,0.141,-0.12,0.23,0.64,0.6,0.2,0.08,0.01,126.6174,1,4.841169941024254,1.0986122886681096,-2.0794415416798357,0.6505875661411494
50,186435051,Grp. A3 B6 (50% C1; 50% C11),440,0.166,0.141,-0.125,0.255,0.78,0.3,0.2,0.03,0.01,126.90731,1,4.843456977474195,0.4054651081081642,-3.258096538021482,0.712949807856125
51,142886693,Grp. A3 B6 (50% C1; 50% C11),440,0.166,0.141,-0.12,0.23,0.5,0.5,0.4,0.03,0.01,127.04605,1,4.844549619160866,0.22314355131420976,-2.8134107167600364,0.6505875661411494
52,114650157,Grp. A3 B6 (50% C1; 50% C11),440,0.166,0.141,-0.125,0.255,0.48,1.4,1.3,0.09,0.01,128.25981,1,4.854057972353644,0.07410797215372183,-1.6739764335716716,0.712949807856125
53,182033807,Grp. A3 B6 (50% C1; 50% C11),440,0.166,0.141,-0.12,0.23,0.76,0.6,0.4,0.08,0.01,128.3874,1,4.855052255599594,0.4054651081081642,-2.2512917986064953,0.6505875661411494
54,138027797,Grp. A3 B6 (50% C1; 50% C11),440,0.166,0.141,-0.12,0.23,0.58,0.6,0.1,0.08,0.01,128.55513,1,4.8563578395667575,1.791759469228055,-1.9810014688665831,0.6505875661411494
55,105401263,Grp. A3 B6 (50% C1; 50% C11),440,0.166,0.141,-0.125,0.255,0.44,1.7,1.6,0.1,0.01,128.8861,1,4.858929068599053,0.06062462181643484,-1.4816045409242153,0.712949807856125
56,98301870,Grp. A3 B6 (50% C1; 50% C11),440,0.166,0.141,-0.12,0.23,0.42,0.9,0.5,0.08,0.01,129.71703,1,4.865355385709852,0.5877866649021191,-1.6582280766035322,0.6505875661411494
57,96196340,Grp. A3 B6 (50% C1; 50% C11),440,0.166,0.141,-0.12,0.23,0.3,2.0,1.9,0.08,0.01,129.7634,1,4.865712792243313,0.05129329438755048,-1.3217558399823195,0.6505875661411494
58,128262129,Grp. A3 B6 (50% C1; 50% C11),440,0.166,0.141,-0.12,0.245,0.54,0.7,0.6,0.05,0.01,129.88556,1,4.866653755064912,0.15415067982725836,-2.379546134130174,0.7137664677626809
59,192049912,Grp. A3 B6 (50% C1; 50% C11),440,0.166,0.141,-0.125,0.255,0.7,0.8,0.6,0.09,0.01,130.20317,1,4.8690960766363,0.287682072451781,-2.0512706647131393,0.712949807856125
60,206693370,Grp. A3 B6 (50% C1; 50% C11),440,0.171,0.141,-0.13,0.36,0.86,1.0,0.9,0.1,0.01,131.75851,1,4.880970777365857,0.10536051565782635,-2.151762203259462,1.0185695809945732
61,100633669,Grp. A3 B6 (50% C1; 50% C11),440,0.166,0.141,-0.125,0.255,0.42,1.8,1.7,0.1,0.01,131.78487,1,4.881170820334782,0.05715841383994862,-1.4350845252893225,0.712949807856125
62,107869214,Grp. A3 B6 (50% C1; 50% C11),440,0.166,0.141,-0.12,0.245,0.46,0.6,0.3,0.05,0.01,131.91443,1,4.88215345480082,0.6931471805599453,-2.2192034840549946,0.7137664677626809
63,64552397,Grp. A3 B6 (50% C1; 50% C11),440,0.166,0.141,-0.12,0.23,0.28,1.8,1.5,0.09,0.01,132.15077,1,4.883943467745392,0.1823215567939546,-1.1349799328389847,0.6505875661411494
64,85185189,Grp. A3 B6 (50% C1; 50% C11),440,0.166,0.141,-0.12,0.23,0.36,1.8,1.7,0.09,0.01,132.35075,1,4.88545559544965,0.05715841383994862,-1.3862943611198906,0.6505875661411494
65,119577828,Grp. A3 B6 (50% C1; 50% C11),440,0.166,0.141,-0.12,0.245,0.4,1.3,1.1,0.08,0.01,133.84166,1,4.896657459470751,0.16705408466316607,-1.6094379124341005,0.7137664677626809
66,244178920,Grp. A3 B6 (50% C1; 50% C11),440,0.171,0.141,-0.13,0.36,1.0,0.6,0.5,0.07,0.01,133.99413,1,4.897795993021252,0.1823215567939546,-2.659260036932778,1.0185695809945732
67,219982280,Grp. A3 B6 (50% C1; 50% C11),440,0.166,0.141,-0.125,0.255,0.92,0.3,0.2,0.04,0.01,134.1219,1,4.898749087915818,0.4054651081081642,-3.1354942159291497,0.712949807856125
68,49638730,Grp. A3 B6 (50% C1; 50% C11),440,0.166,0.141,-0.095,0.185,0.22,2.0,1.9,0.07,0.01,134.22493,1,4.899516974796112,0.05129329438755048,-1.1451323043030024,0.666478933477784
69,224852500,Grp. A3 B6 (50% C1; 50% C11),440,0.166,0.142,-0.14,0.265,0.94,0.4,0.2,0.06,0.01,134.36368,1,4.900550153472917,0.6931471805599453,-2.751535313041949,0.6380874033769178
70,104544339,Grp. A3 B6 (50% C1; 50% C11),440,0.166,0.141,-0.125,0.255,0.44,1.4,1.3,0.08,0.01,135.42085,1,4.908387336806372,0.07410797215372183,-1.7047480922384253,0.712949807856125
71,152579425,Grp. A3 B6 (50% C1; 50% C11),440,0.166,0.141,-0.125,0.255,0.64,0.4,0.3,0.03,0.01,135.50876,1,4.909036287676565,0.287682072451781,-3.0602707946915624,0.712949807856125
72,113930331,Grp. A3 B6 (50% C1; 50% C11),440,0.166,0.141,-0.125,0.255,0.48,1.1,0.7,0.1,0.01,135.56467,1,4.909448795835647,0.4519851237430574,-1.5686159179138452,0.712949807856125
73,133243479,Grp. A3 B6 (50% C1; 50% C11),440,0.166,0.141,-0.125,0.255,0.56,0.7,0.1,0.09,0.01,135.83669,1,4.911453355363921,1.9459101490553132,-1.8281271133989299,0.712949807856125
74,220198554,Grp. A3 B6 (50% C1; 50% C11),440,0.166,0.141,-0.125,0.255,0.92,0.5,0.4,0.07,0.01,136.40039,1,4.915594604642811,0.22314355131420976,-2.575878427993727,0.712949807856125
75,82882800,Grp. A3 B6 (50% C1; 50% C11),440,0.166,0.141,-0.12,0.23,0.36,0.9,0.6,0.06,0.01,136.51231,1,4.916414793708942,0.4054651081081644,-1.791759469228055,0.6505875661411494
76,220325747,Grp. A3 B6 (50% C1; 50% C11),440,0.171,0.141,-0.13,0.36,0.92,0.6,0.4,0.07,0.01,136.72748,1,4.917989747667712,0.4054651081081642,-2.575878427993727,1.0185695809945732
77,87389313,Grp. A3 B6 (50% C1; 50% C11),440,0.166,0.141,-0.12,0.245,0.38,0.6,0.5,0.02,0.01,137.02751,1,4.920181708589626,0.1823215567939546,-2.9444389791664407,0.7137664677626809
78,85541066,Grp. A3 B6 (50% C1; 50% C11),440,0.166,0.141,-0.125,0.255,0.36,1.9,1.7,0.1,0.01,137.08008,1,4.920565280607055,0.1112256351102244,-1.2809338454620642,0.712949807856125
79,239611441,Grp. A3 B6 (50% C1; 50% C11),440,0.171,0.141,-0.13,0.36,0.9,0.7,0.5,0.08,0.01,137.23233,1,4.921675328932128,0.3364722366212129,-2.4203681286504293,1.0185695809945732
80,59684769,Grp. A3 B6 (50% C1; 50% C11),440,0.166,0.141,-0.12,0.23,0.26,1.9,1.5,0.1,0.01,137.63583,1,4.924611284044876,0.23638877806423034,-0.9555114450274363,0.6505875661411494
81,83338317,Grp. A3 B6 (50% C1; 50% C11),440,0.166,0.141,-0.12,0.245,0.36,1.1,0.7,0.08,0.01,137.74062,1,4.925372351340631,0.4519851237430574,-1.504077396776274,0.7137664677626809
82,123638652,Grp. A3 B6 (50% C1; 50% C11),440,0.166,0.141,-0.125,0.255,0.52,0.9,0.8,0.06,0.01,137.89128,1,4.926465548572187,0.11778303565638346,-2.1594842493533726,0.712949807856125
83,72571804,Grp. A3 B6 (50% C1; 50% C11),440,0.166,0.141,-0.12,0.23,0.32,0.9,0.8,0.03,0.01,138.2393,1,4.928986241385518,0.11778303565638346,-2.367123614131617,0.6505875661411494
84,109353031,Grp. A3 B6 (50% C1; 50% C11),440,0.166,0.141,-0.125,0.255,0.46,1.3,1.1,0.09,0.01,139.24403,1,4.936228005356922,0.16705408466316607,-1.6314168191528757,0.712949807856125
85,73261008,Grp. A3 B6 (50% C1; 50% C11),440,0.166,0.141,-0.12,0.23,0.32,1.2,0.9,0.07,0.01,139.35071,1,4.936993848999298,0.28768207245178085,-1.519825753744413,0.6505875661411494
86,205517042,Grp. A3 B6 (50% C1; 50% C11),440,0.171,0.141,-0.13,0.36,0.86,0.2,0.1,0.01,0.01,140.29733,1,4.94376395627872,0.6931471805599453,-4.454347296253507,1.0185695809945732
87,103193563,Grp. A3 B6 (50% C1; 50% C11),440,0.166,0.141,-0.125,0.255,0.44,0.8,0.5,0.06,0.01,140.75255,1,4.947003384084814,0.47000362924573563,-1.9924301646902063,0.712949807856125
88,93690667,Grp. A3 B6 (50% C1; 50% C11),440,0.166,0.141,-0.12,0.23,0.3,1.1,0.8,0.06,0.01,141.23093,1,4.950396352062477,0.3184537311185346,-1.6094379124341003,0.6505875661411494
89,112927790,Grp. A3 B6 (50% C1; 50% C11),440,0.166,0.141,-0.125,0.255,0.48,0.6,0.5,0.03,0.01,141.58513,1,4.952901161620956,0.1823215567939546,-2.772588722239781,0.712949807856125
90,53900239,Grp. A3 B6 (50% C1; 50% C11),440,0.166,0.141,-0.12,0.23,0.24,1.7,1.5,0.06,0.01,141.62459,1,4.953179824374872,0.125163142954006,-1.3862943611198906,0.6505875661411494
91,220200252,Grp. A3 B6 (50% C1; 50% C11),440,0.171,0.141,-0.13,0.36,0.92,0.5,0.4,0.05,0.01,141.91039,1,4.955195802063373,0.22314355131420976,-2.91235066461494,1.0185695809945732
92,178142389,Grp. A3 B6 (50% C1; 50% C11),440,0.171,0.141,-0.13,0.36,0.74,1.1,1.0,0.09,0.01,141.97443,1,4.955646970964101,0.09531017980432493,-2.1068405158679506,1.0185695809945732
93,216113644,Grp. A3 B6 (50% C1; 50% C11),440,0.171,0.141,-0.13,0.36,0.8,0.9,0.8,0.08,0.01,142.63335,1,4.960277351604386,0.11778303565638346,-2.302585092994046,1.0185695809945732
94,84608203,Grp. A3 B6 (50% C1; 50% C11),440,0.166,0.141,-0.125,0.255,0.36,1.6,1.5,0.07,0.01,142.86133,1,4.9618744394972945,0.06453852113757116,-1.6376087894007965,0.712949807856125
95,89460101,Grp. A3 B6 (50% C1; 50% C11),440,0.166,0.141,-0.125,0.255,0.38,1.5,1.4,0.07,0.01,143.40483,1,4.965671609606662,0.06899287148695142,-1.6916760106710724,0.712949807856125
96,244053976,Grp. A3 B6 (50% C1; 50% C11),440,0.171,0.141,-0.13,0.36,1.0,0.5,0.2,0.07,0.01,143.8208,1,4.968568080167569,0.9162907318741551,-2.659260036932778,1.0185695809945732
97,201094029,Grp. A3 B6 (50% C1; 50% C11),440,0.166,0.141,-0.12,0.23,0.84,0.5,0.2,0.08,0.01,143.93117,1,4.969335199193114,0.9162907318741551,-2.3513752571634776,0.6505875661411494
98,48727275,Grp. A3 B6 (50% C1; 50% C11),440,0.166,0.141,-0.12,0.23,0.22,1.7,1.6,0.04,0.01,144.04065,1,4.970095551405872,0.06062462181643484,-1.7047480922384253,0.6505875661411494
99,82237239,Grp. A3 B6 (50% C1; 50% C11),440,0.166,0.141,-0.12,0.23,0.36,0.6,0.4,0.03,0.01,144.23987,1,4.971477677619004,0.4054651081081642,-2.4849066497880004,0.6505875661411494
0,224959792,Grp. A3 B6 (50% C1; 50% C11),441,0.166,0.142,-0.14,0.265,0.94,0.5,0.4,0.09,0.01,1392.1763,1,7.23862348517349,0.22314355131420976,-2.3460702049337847,0.6380874033769178
1,157310435,Grp. A3 B6 (50% C1; 50% C11),441,0.166,0.141,-0.12,0.245,0.66,0.3,0.1,0.04,0.01,1401.1475,1,7.245046822736723,1.0986122886681096,-2.803360380906535,0.7137664677626809
2,113915616,Grp. A3 B6 (50% C1; 50% C11),441,0.166,0.141,-0.12,0.23,0.48,1.1,1.1,0.09,0.01,1405.8398,1,7.248390125622881,0.0,-1.6739764335716716,0.6505875661411494
3,138761217,Grp. A3 B6 (50% C1; 50% C11),441,0.166,0.141,-0.12,0.245,0.58,1.0,1.0,0.1,0.01,1414.6885,1,7.254664644499919,0.0,-1.7578579175523736,0.7137664677626809
4,148328177,Grp. A3 B6 (50% C1; 50% C11),441,0.166,0.141,-0.125,0.255,0.62,0.8,0.7,0.09,0.01,1424.3184,1,7.261448662483789,0.13353139262452277,-1.9299098077088723,0.712949807856125
5,88471178,Grp. A3 B6 (50% C1; 50% C11),441,0.166,0.141,-0.12,0.245,0.38,1.1,0.9,0.08,0.01,1424.51,1,7.261583173920343,0.20067069546215124,-1.55814461804655,0.7137664677626809
6,168145064,Grp. A3 B6 (50% C1; 50% C11),441,0.166,0.141,-0.12,0.245,0.6,0.9,0.8,0.1,0.01,1429.593,1,7.265145067358692,0.11778303565638346,-1.791759469228055,0.7137664677626809
7,143855184,Grp. A3 B6 (50% C1; 50% C11),441,0.166,0.141,-0.12,0.245,0.5,1.0,0.9,0.09,0.01,1430.0232,1,7.265445946898573,0.10536051565782635,-1.7147984280919266,0.7137664677626809
8,21452651,Grp. A3 B6 (50% C1; 50% C11),441,0.166,0.142,-0.095,0.085,0.12,1.0,1.0,0.02,0.01,1430.0299,1,7.26545063212627,0.0,-1.791759469228055,-0.11122563511022437
9,215933637,Grp. A3 B6 (50% C1; 50% C11),441,0.171,0.141,-0.13,0.36,0.8,0.8,0.6,0.1,0.01,1441.3267,1,7.273319287860232,0.287682072451781,-2.0794415416798357,1.0185695809945732
10,93690616,Grp. A3 B6 (50% C1; 50% C11),441,0.166,0.141,-0.12,0.23,0.3,1.1,0.6,0.09,0.01,1443.6876,1,7.274955952556838,0.6061358035703156,-1.2039728043259361,0.6505875661411494
11,239342732,Grp. A3 B6 (50% C1; 50% C11),441,0.171,0.142,-0.145,0.395,0.9,0.5,0.2,0.07,0.01,1450.1711,1,7.279436828453168,0.9162907318741551,-2.5538995212749516,1.0021520224805476
12,88944397,Grp. A3 B6 (50% C1; 50% C11),441,0.166,0.141,-0.125,0.255,0.38,1.3,1.0,0.1,0.01,1452.8864,1,7.281307477444316,0.26236426446749106,-1.3350010667323402,0.712949807856125
13,206148640,Grp. A3 B6 (50% C1; 50% C11),441,0.171,0.142,-0.145,0.395,0.86,0.7,0.2,0.1,0.01,1463.9731,1,7.288909320035507,1.2527629684953678,-2.151762203259462,1.0021520224805476
14,182184592,Grp. A3 B6 (50% C1; 50% C11),441,0.166,0.142,-0.145,0.35,0.76,0.7,0.4,0.09,0.01,1464.8247,1,7.289490855588422,0.5596157879354225,-2.133508762950112,0.881199412062885
15,157626351,Grp. A3 B6 (50% C1; 50% C11),441,0.166,0.142,-0.145,0.35,0.66,0.5,0.1,0.06,0.01,1468.7065,1,7.2921373604326,1.6094379124341003,-2.3978952727983707,0.881199412062885
16,132521197,Grp. A3 B6 (50% C1; 50% C11),441,0.166,0.141,-0.12,0.23,0.56,0.3,0.2,0.03,0.01,1470.145,1,7.293116314364013,0.4054651081081642,-2.9267394020670396,0.6505875661411494
17,69191710,Grp. A3 B6 (50% C1; 50% C11),441,0.166,0.141,-0.12,0.23,0.2,1.6,1.4,0.06,0.01,1474.7289,1,7.296229455271084,0.13353139262452277,-1.2039728043259361,0.6505875661411494
18,147834249,Grp. A3 B6 (50% C1; 50% C11),441,0.171,0.141,-0.13,0.36,0.62,0.5,0.4,0.04,0.01,1476.3539,1,7.297330746067966,0.22314355131420976,-2.740840023925201,1.0185695809945732
19,215625265,Grp. A3 B6 (50% C1; 50% C11),441,0.166,0.142,-0.15,0.3,0.8,0.6,0.3,0.09,0.01,1476.806,1,7.297636926578904,0.6931471805599453,-2.1848020573376625,0.6931471805599453
20,54194251,Grp. A3 B6 (50% C1; 50% C11),441,0.166,0.142,-0.14,0.265,0.24,1.8,1.5,0.08,0.01,1477.0165,1,7.297779453762143,0.1823215567939546,-1.0986122886681096,0.6380874033769178
21,72128905,Grp. A3 B6 (50% C1; 50% C11),441,0.166,0.142,-0.14,0.265,0.32,0.7,0.3,0.05,0.01,1477.4504,1,7.298073178496795,0.8472978603872037,-1.8562979903656263,0.6380874033769178
22,234626239,Grp. A3 B6 (50% C1; 50% C11),441,0.171,0.142,-0.155,0.42,0.98,0.6,0.5,0.08,0.01,1482.6349,1,7.30157612167307,0.1823215567939546,-2.505525936990736,0.9968295943581673
23,163332681,Grp. A3 B6 (50% C1; 50% C11),441,0.166,0.142,-0.145,0.35,0.68,1.0,0.9,0.1,0.01,1484.4545,1,7.30280264368357,0.10536051565782635,-1.916922612182061,0.881199412062885
24,92563272,Grp. A3 B6 (50% C1; 50% C11),441,0.166,0.141,-0.12,0.245,0.3,0.6,0.3,0.04,0.01,1485.4968,1,7.303504540743493,0.6931471805599453,-2.0149030205422647,0.7137664677626809
25,20759655,Grp. A3 B6 (50% C1; 50% C11),441,0.166,0.141,-0.095,0.085,0.12,0.7,0.7,0.01,0.01,1488.3282,1,7.305408755588389,0.0,-2.4849066497880004,-0.11122563511022437
26,120374890,Grp. A3 B6 (50% C1; 50% C11),441,0.166,0.142,-0.15,0.3,0.4,1.6,1.4,0.1,0.01,1491.1786,1,7.307322092969983,0.13353139262452277,-1.3862943611198906,0.6931471805599453
27,70065573,Grp. A3 B6 (50% C1; 50% C11),441,0.166,0.142,-0.14,0.265,0.2,1.9,1.5,0.08,0.01,1492.6852,1,7.308331924670767,0.23638877806423034,-0.9162907318741551,0.6380874033769178
28,182184789,Grp. A3 B6 (50% C1; 50% C11),441,0.166,0.141,-0.145,0.35,0.76,0.7,0.4,0.09,0.01,1495.6503,1,7.310316374524579,0.5596157879354225,-2.133508762950112,0.881199412062885
29,138767161,Grp. A3 B6 (50% C1; 50% C11),441,0.171,0.142,-0.145,0.395,0.58,1.0,0.9,0.07,0.01,1497.3992,1,7.311485015537059,0.10536051565782635,-2.114532861491106,1.0021520224805476
30,121002350,Grp. A3 B6 (50% C1; 50% C11),441,0.171,0.142,-0.145,0.395,0.4,1.8,1.7,0.08,0.01,1504.6617,1,7.316323367862098,0.05715841383994862,-1.6094379124341005,1.0021520224805476
31,157627179,Grp. A3 B6 (50% C1; 50% C11),441,0.166,0.141,-0.12,0.245,0.66,0.5,0.2,0.07,0.01,1505.1031,1,7.316616679820005,0.9162907318741551,-2.243744592971112,0.7137664677626809
32,78190070,Grp. A3 B6 (50% C1; 50% C11),441,0.166,0.142,-0.15,0.3,0.34,1.1,0.6,0.08,0.01,1505.5187,1,7.316892768967198,0.6061358035703156,-1.4469189829363254,0.6931471805599453
33,98528161,Grp. A3 B6 (50% C1; 50% C11),441,0.171,0.142,-0.145,0.395,0.42,1.0,0.9,0.04,0.01,1506.1764,1,7.317329532974587,0.10536051565782635,-2.3513752571634776,1.0021520224805476
34,215625102,Grp. A3 B6 (50% C1; 50% C11),441,0.166,0.141,-0.15,0.3,0.8,0.6,0.3,0.09,0.01,1507.8502,1,7.318440206763642,0.6931471805599453,-2.1848020573376625,0.6931471805599453
35,98313764,Grp. A3 B6 (50% C1; 50% C11),441,0.171,0.141,-0.13,0.36,0.42,0.9,0.6,0.06,0.01,1509.9592,1,7.3198379095763775,0.4054651081081644,-1.9459101490553135,1.0185695809945732
36,239227432,Grp. A3 B6 (50% C1; 50% C11),441,0.166,0.141,-0.155,0.31,0.9,0.4,0.3,0.06,0.01,1512.4337,1,7.321475354233484,0.287682072451781,-2.70805020110221,0.6931471805599453
37,118251685,Grp. A3 B6 (50% C1; 50% C11),441,0.166,0.142,-0.145,0.29,0.4,0.7,0.4,0.05,0.01,1514.2798,1,7.322695225376841,0.5596157879354225,-2.0794415416798357,0.6931471805599453
38,153410524,Grp. A3 B6 (50% C1; 50% C11),441,0.171,0.142,-0.155,0.42,0.64,0.9,0.6,0.08,0.01,1515.3008,1,7.323369246090238,0.4054651081081644,-2.0794415416798357,0.9968295943581673
39,157939683,Grp. A3 B6 (50% C1; 50% C11),441,0.171,0.142,-0.155,0.42,0.66,0.7,0.6,0.05,0.01,1516.2058,1,7.3239663089677425,0.15415067982725836,-2.580216829592325,0.9968295943581673
40,107261377,Grp. A3 B6 (50% C1; 50% C11),441,0.166,0.142,-0.145,0.29,0.46,0.3,0.2,0.01,0.01,1517.7734,1,7.3249996714505805,0.4054651081081642,-3.828641396489095,0.6931471805599453
41,83572829,Grp. A3 B6 (50% C1; 50% C11),441,0.166,0.141,-0.125,0.255,0.36,1.2,1.1,0.07,0.01,1517.9767,1,7.325133608694166,0.0870113769896297,-1.6376087894007965,0.712949807856125
42,229624315,Grp. A3 B6 (50% C1; 50% C11),441,0.171,0.142,-0.145,0.395,0.96,0.4,0.1,0.06,0.01,1518.5238,1,7.325493957724848,1.3862943611198906,-2.772588722239781,1.0021520224805476
43,205876343,Grp. A3 B6 (50% C1; 50% C11),441,0.171,0.141,-0.14,0.385,0.86,0.5,0.4,0.06,0.01,1522.2089,1,7.327917782616882,0.22314355131420976,-2.662587827025453,1.0116009116784799
44,32632017,Grp. A3 B6 (50% C1; 50% C11),441,0.166,0.141,-0.095,0.135,0.16,1.4,1.1,0.07,0.01,1522.2942,1,7.327973818033645,0.24116205681688788,-0.8266785731844678,0.3513978868378886
45,87817986,Grp. A3 B6 (50% C1; 50% C11),441,0.171,0.142,-0.145,0.395,0.38,0.8,0.2,0.06,0.01,1523.2192,1,7.328581268999675,1.3862943611198906,-1.845826690498331,1.0021520224805476
46,77961552,Grp. A3 B6 (50% C1; 50% C11),441,0.166,0.141,-0.125,0.255,0.34,1.0,0.3,0.1,0.01,1523.9294,1,7.329047409714216,1.2039728043259361,-1.2237754316221157,0.712949807856125
47,57771368,Grp. A3 B6 (50% C1; 50% C11),441,0.166,0.142,-0.15,0.3,0.26,1.2,0.3,0.1,0.01,1524.3749,1,7.329339703369526,1.3862943611198906,-0.9555114450274363,0.6931471805599453
48,52343498,Grp. A3 B6 (50% C1; 50% C11),441,0.166,0.141,-0.12,0.245,0.24,1.1,0.4,0.09,0.01,1525.3618,1,7.329986906804793,1.0116009116784799,-0.9808292530117262,0.7137664677626809
49,192226313,Grp. A3 B6 (50% C1; 50% C11),441,0.166,0.141,-0.155,0.31,0.7,0.9,0.8,0.1,0.01,1526.4598,1,7.330706477075465,0.11778303565638346,-1.9459101490553132,0.6931471805599453
50,105406293,Grp. A3 B6 (50% C1; 50% C11),441,0.171,0.141,-0.14,0.385,0.44,1.7,1.6,0.09,0.01,1526.8488,1,7.33096128263433,0.06062462181643484,-1.586965056582042,1.0116009116784799
51,98526957,Grp. A3 B6 (50% C1; 50% C11),441,0.171,0.141,-0.13,0.36,0.42,1.0,0.9,0.05,0.01,1527.1691,1,7.331171039100507,0.10536051565782635,-2.128231705849268,1.0185695809945732
52,67433299,Grp. A3 B6 (50% C1; 50% C11),441,0.166,0.142,-0.15,0.3,0.2,0.9,0.6,0.02,0.01,1529.8523,1,7.332926473778874,0.4054651081081644,-2.302585092994046,0.6931471805599453
53,24114733,Grp. A3 B6 (50% C1; 50% C11),441,0.166,0.141,-0.12,0.23,0.12,2.0,1.9,0.03,0.01,1530.2599,1,7.333192869241374,0.05129329438755048,-1.3862943611198906,0.6505875661411494
54,100638899,Grp. A3 B6 (50% C1; 50% C11),441,0.171,0.141,-0.14,0.385,0.42,1.8,1.7,0.09,0.01,1531.3312,1,7.333892701458501,0.05715841383994862,-1.540445040947149,1.0116009116784799
55,205873649,Grp. A3 B6 (50% C1; 50% C11),441,0.166,0.141,-0.145,0.35,0.86,0.5,0.3,0.07,0.01,1532.1027,1,7.334396384607212,0.5108256237659907,-2.5084371471981943,0.881199412062885
56,52341504,Grp. A3 B6 (50% C1; 50% C11),441,0.166,0.142,-0.145,0.35,0.24,1.1,0.5,0.06,0.01,1532.8073,1,7.334856169731351,0.7884573603642703,-1.3862943611198906,0.881199412062885
57,137861999,Grp. A3 B6 (50% C1; 50% C11),441,0.171,0.142,-0.155,0.42,0.58,0.5,0.3,0.03,0.01,1532.8184,1,7.334863411319912,0.5108256237659907,-2.9618307218783095,0.9968295943581673
58,59406127,Grp. A3 B6 (50% C1; 50% C11),441,0.171,0.141,-0.13,0.36,0.26,1.8,1.4,0.08,0.01,1532.8539,1,7.334886571003353,0.25131442828090617,-1.1786549963416462,1.0185695809945732
59,62475221,Grp. A3 B6 (50% C1; 50% C11),441,0.171,0.142,-0.145,0.395,0.28,1.0,0.6,0.04,0.01,1536.2987,1,7.337131360947361,0.5108256237659907,-1.9459101490553135,1.0021520224805476
60,88027218,Grp. A3 B6 (50% C1; 50% C11),441,0.166,0.142,-0.145,0.35,0.38,0.9,0.5,0.06,0.01,1536.6624,1,7.337368070746062,0.5877866649021191,-1.845826690498331,0.881199412062885
61,64899434,Grp. A3 B6 (50% C1; 50% C11),441,0.171,0.141,-0.13,0.36,0.28,1.9,1.8,0.06,0.01,1537.0242,1,7.3376034883723555,0.05406722127027579,-1.540445040947149,1.0185695809945732
62,123444759,Grp. A3 B6 (50% C1; 50% C11),441,0.166,0.141,-0.145,0.35,0.52,0.8,0.6,0.06,0.01,1537.9397,1,7.338198942534955,0.287682072451781,-2.1594842493533726,0.881199412062885
63,147493240,Grp. A3 B6 (50% C1; 50% C11),441,0.166,0.141,-0.155,0.31,0.62,0.3,0.2,0.02,0.01,1538.3253,1,7.338449636153366,0.4054651081081642,-3.4339872044851463,0.6931471805599453
64,100638870,Grp. A3 B6 (50% C1; 50% C11),441,0.171,0.141,-0.14,0.385,0.42,1.8,1.6,0.1,0.01,1539.0464,1,7.338918282832087,0.11778303565638346,-1.4350845252893225,1.0116009116784799
65,69207219,Grp. A3 B6 (50% C1; 50% C11),441,0.166,0.142,-0.145,0.29,0.2,1.6,0.8,0.1,0.01,1539.2684,1,7.339062517593512,0.6931471805599453,-0.6931471805599453,0.6931471805599453
66,157938824,Grp. A3 B6 (50% C1; 50% C11),441,0.171,0.141,-0.15,0.41,0.66,0.7,0.5,0.06,0.01,1539.5972,1,7.339276102753741,0.3364722366212129,-2.3978952727983707,1.0055218656020977
67,25827462,Grp. A3 B6 (50% C1; 50% C11),441,0.166,0.142,-0.145,0.29,0.14,0.7,0.3,0.01,0.01,1540.5139,1,7.339871341040481,0.8472978603872037,-2.639057329615259,0.6931471805599453
68,47410074,Grp. A3 B6 (50% C1; 50% C11),441,0.166,0.142,-0.145,0.35,0.22,1.2,0.6,0.06,0.01,1542.0486,1,7.340867071136336,0.6931471805599453,-1.2992829841302609,0.881199412062885
69,107670888,Grp. A3 B6 (50% C1; 50% C11),441,0.171,0.142,-0.155,0.42,0.46,0.5,0.1,0.03,0.01,1542.4672,1,7.341138491371933,1.6094379124341003,-2.7300291078209855,0.9968295943581673
70,33164989,Grp. A3 B6 (50% C1; 50% C11),441,0.166,0.142,-0.15,0.3,0.16,1.6,1.5,0.01,0.01,1543.2334,1,7.341635104695823,0.06453852113757116,-2.772588722239781,0.6931471805599453
71,167620790,Grp. A3 B6 (50% C1; 50% C11),441,0.166,0.142,-0.145,0.35,0.6,0.6,0.1,0.07,0.01,1544.4242,1,7.342406433782985,1.791759469228055,-2.1484344131667874,0.881199412062885
72,147666924,Grp. A3 B6 (50% C1; 50% C11),441,0.166,0.142,-0.15,0.3,0.62,0.4,0.2,0.04,0.01,1544.4506,1,7.342423527386132,0.6931471805599453,-2.740840023925201,0.6931471805599453
73,22698635,Grp. A3 B6 (50% C1; 50% C11),441,0.166,0.142,-0.145,0.29,0.12,1.5,0.9,0.05,0.01,1547.0355,1,7.344095797950367,0.5108256237659906,-0.8754687373538999,0.6931471805599453
74,167963896,Grp. A3 B6 (50% C1; 50% C11),441,0.171,0.141,-0.15,0.41,0.6,0.8,0.1,0.09,0.01,1547.9575,1,7.344691598992421,2.0794415416798357,-1.8971199848858813,1.0055218656020977
75,98313695,Grp. A3 B6 (50% C1; 50% C11),441,0.171,0.141,-0.13,0.36,0.42,0.9,0.3,0.08,0.01,1548.3113,1,7.344920132123356,1.0986122886681098,-1.6582280766035322,1.0185695809945732
76,119572313,Grp. A3 B6 (50% C1; 50% C11),441,0.166,0.142,-0.145,0.35,0.4,1.3,0.9,0.09,0.01,1549.1318,1,7.345449923950164,0.36772478012531734,-1.491654876777717,0.881199412062885
77,82672026,Grp. A3 B6 (50% C1; 50% C11),441,0.166,0.141,-0.145,0.35,0.36,0.8,0.4,0.05,0.01,1549.4828,1,7.34567647681124,0.6931471805599453,-1.9740810260220096,0.881199412062885
78,220197135,Grp. A3 B6 (50% C1; 50% C11),441,0.166,0.142,-0.17,0.405,0.92,0.5,0.4,0.06,0.01,1549.5066,1,7.34569183665726,0.22314355131420976,-2.7300291078209855,0.8680886300562773
79,147832833,Grp. A3 B6 (50% C1; 50% C11),441,0.166,0.141,-0.155,0.31,0.62,0.5,0.1,0.06,0.01,1550.8744,1,7.346574179884586,1.6094379124341003,-2.3353749158170367,0.6931471805599453
80,69794792,Grp. A3 B6 (50% C1; 50% C11),441,0.171,0.142,-0.145,0.395,0.2,1.8,1.6,0.03,0.01,1551.8777,1,7.347220896091767,0.11778303565638346,-1.8971199848858813,1.0021520224805476
81,97693386,Grp. A3 B6 (50% C1; 50% C11),441,0.166,0.141,-0.145,0.35,0.42,0.6,0.4,0.03,0.01,1552.1963,1,7.347426174703759,0.4054651081081642,-2.639057329615259,0.881199412062885
82,42329929,Grp. A3 B6 (50% C1; 50% C11),441,0.166,0.142,-0.14,0.265,0.1,1.2,0.7,0.03,0.01,1552.9357,1,7.347902418556822,0.5389965007326871,-1.2039728043259361,0.6380874033769178
83,48472085,Grp. A3 B6 (50% C1; 50% C11),441,0.171,0.142,-0.145,0.395,0.22,1.6,1.2,0.05,0.01,1555.401,1,7.3494886691820716,0.287682072451781,-1.4816045409242153,1.0021520224805476
84,114655209,Grp. A3 B6 (50% C1; 50% C11),441,0.171,0.141,-0.15,0.41,0.48,1.4,1.0,0.1,0.01,1555.6631,1,7.3496571645856985,0.3364722366212129,-1.5686159179138452,1.0055218656020977
85,47669364,Grp. A3 B6 (50% C1; 50% C11),441,0.171,0.142,-0.145,0.395,0.22,1.3,1.0,0.03,0.01,1555.9718,1,7.34985558118079,0.26236426446749106,-1.9924301646902063,1.0021520224805476
86,102381698,Grp. A3 B6 (50% C1; 50% C11),441,0.166,0.141,-0.155,0.31,0.44,0.4,0.3,0.01,0.01,1556.7653,1,7.350365421871922,0.287682072451781,-3.784189633918261,0.6931471805599453
87,94188784,Grp. A3 B6 (50% C1; 50% C11),441,0.166,0.141,-0.125,0.255,0.3,1.3,1.2,0.06,0.01,1556.9728,1,7.350498702188791,0.08004270767353656,-1.6094379124341003,0.712949807856125
88,98523809,Grp. A3 B6 (50% C1; 50% C11),441,0.166,0.141,-0.125,0.255,0.42,1.0,0.9,0.07,0.01,1557.1815,1,7.350632735367759,0.10536051565782635,-1.791759469228055,0.712949807856125
89,54856174,Grp. A3 B6 (50% C1; 50% C11),441,0.171,0.141,-0.13,0.36,0.24,2.0,1.4,0.1,0.01,1558.0706,1,7.351203539909799,0.3566749439387324,-0.8754687373538999,1.0185695809945732
90,105106760,Grp. A3 B6 (50% C1; 50% C11),441,0.171,0.142,-0.155,0.42,0.44,1.6,1.2,0.1,0.01,1558.249,1,7.3513180339432065,0.287682072451781,-1.4816045409242153,0.9968295943581673
91,83799371,Grp. A3 B6 (50% C1; 50% C11),441,0.166,0.142,-0.14,0.265,0.36,1.3,1.2,0.07,0.01,1558.4497,1,7.35144682406352,0.08004270767353656,-1.6376087894007965,0.6380874033769178
92,63997475,Grp. A3 B6 (50% C1; 50% C11),441,0.171,0.141,-0.14,0.385,0.28,1.6,1.2,0.07,0.01,1559.5371,1,7.352144325441066,0.287682072451781,-1.3862943611198906,1.0116009116784799
93,153402151,Grp. A3 B6 (50% C1; 50% C11),441,0.166,0.142,-0.17,0.405,0.64,0.9,0.6,0.08,0.01,1559.9749,1,7.352425010370552,0.4054651081081644,-2.0794415416798357,0.8680886300562773
94,77730582,Grp. A3 B6 (50% C1; 50% C11),441,0.166,0.142,-0.14,0.265,0.34,0.9,0.7,0.05,0.01,1560.0608,1,7.3524800738430764,0.25131442828090617,-1.916922612182061,0.6380874033769178
95,76861539,Grp. A3 B6 (50% C1; 50% C11),441,0.166,0.141,-0.095,0.13,0.34,0.5,0.4,0.04,0.01,1560.2686,1,7.352613264909576,0.22314355131420976,-2.1400661634962708,0.3136575588550416
96,109599874,Grp. A3 B6 (50% C1; 50% C11),441,0.166,0.142,-0.17,0.405,0.46,1.4,0.9,0.1,0.01,1560.441,1,7.352723752601333,0.4418327522790391,-1.5260563034950494,0.8680886300562773
97,103400886,Grp. A3 B6 (50% C1; 50% C11),441,0.171,0.142,-0.155,0.42,0.44,0.9,0.8,0.03,0.01,1560.6731,1,7.352872481544263,0.11778303565638346,-2.6855773452501515,0.9968295943581673
98,108066074,Grp. A3 B6 (50% C1; 50% C11),441,0.166,0.142,-0.15,0.3,0.46,0.7,0.2,0.07,0.01,1560.9299,1,7.353037012396252,1.2527629684953678,-1.8827312474337816,0.6931471805599453
99,57057879,Grp. A3 B6 (50% C1; 50% C11),441,0.166,0.141,-0.125,0.255,0.26,0.9,0.8,0.03,0.01,1561.1759,1,7.3531945983438565,0.11778303565638346,-2.1594842493533726,0.712949807856125
0,247455788,Grp. A3 B6 (50% C1; 50% C11),653,0.166,0.127,-0.205,0.5,1.0,1.8,2.0,0.02,0.01,5496.287,1,8.611828052334994,-0.10536051565782628,-3.912023005428146,0.8915981192837835
1,247115801,Grp. A3 B6 (50% C1; 50% C11),653,0.166,0.127,-0.24,0.305,1.0,1.7,2.0,0.03,0.01,5555.5728,1,8.622556811069247,-0.16251892949777494,-3.506557897319982,0.23967285326542026
2,41065760,Grp. A3 B6 (50% C1; 50% C11),653,0.166,0.127,-0.06,0.065,0.1,0.6,0.5,0.02,0.01,5580.9395,1,8.627112410378485,0.1823215567939546,-1.6094379124341005,0.08004270767353656
3,20426138,Grp. A3 B6 (50% C1; 50% C11),653,0.166,0.142,-0.07,0.065,0.12,0.5,0.1,0.04,0.01,5699.721,1,8.648172505256259,1.6094379124341003,-1.0986122886681096,-0.07410797215372196
4,247094889,Grp. A3 B6 (50% C1; 50% C11),653,0.166,0.127,-0.205,0.5,1.0,1.7,1.9,0.01,0.01,5728.6514,1,8.653235424241657,-0.11122563511022437,-4.605170185988091,0.8915981192837835
5,237548998,Grp. A3 B6 (50% C1; 50% C11),653,0.166,0.127,-0.24,0.305,0.98,1.7,2.0,0.02,0.01,5768.779,1,8.660215725324116,-0.16251892949777494,-3.8918202981106265,0.23967285326542026
6,43507479,Grp. A3 B6 (50% C1; 50% C11),653,0.166,0.141,-0.08,0.075,0.1,1.6,1.2,0.08,0.01,5851.968,1,8.67453329390907,0.287682072451781,-0.22314355131420985,-0.06453852113757118
7,237888251,Grp. A3 B6 (50% C1; 50% C11),653,0.166,0.127,-0.205,0.5,0.98,1.8,2.0,0.01,0.01,5870.318,1,8.677664085119703,-0.10536051565782628,-4.584967478670571,0.8915981192837835
8,246766611,Grp. A3 B6 (50% C1; 50% C11),653,0.166,0.127,-0.24,0.305,1.0,1.6,1.9,0.02,0.01,5990.45,1,8.69792181349642,-0.17185025692665915,-3.912023005428146,0.23967285326542026
9,233106648,Grp. A3 B6 (50% C1; 50% C11),653,0.166,0.127,-0.205,0.5,0.96,1.8,2.0,0.01,0.01,6012.3335,1,8.701568221722885,-0.10536051565782628,-4.564348191467836,0.8915981192837835
10,237888252,Grp. A3 B6 (50% C1; 50% C11),653,0.166,0.127,-0.205,0.5,0.98,1.8,2.0,0.02,0.01,6034.0205,1,8.705168817127886,-0.10536051565782628,-3.8918202981106265,0.8915981192837835
11,237200618,Grp. A3 B6 (50% C1; 50% C11),653,0.166,0.127,-0.24,0.305,0.98,1.6,1.9,0.01,0.01,6160.0586,1,8.725841569469331,-0.17185025692665915,-4.584967478670571,0.23967285326542026
12,237528127,Grp. A3 B6 (50% C1; 50% C11),653,0.166,0.127,-0.205,0.5,0.98,1.7,1.9,0.01,0.01,6178.002,1,8.728750197207837,-0.11122563511022437,-4.584967478670571,0.8915981192837835
13,163431403,Grp. A3 B6 (50% C1; 50% C11),653,0.166,0.127,-0.16,0.4,0.68,1.0,1.1,0.01,0.01,6208.8037,1,8.733723515468112,-0.0953101798043249,-4.219507705176107,0.9162907318741551
14,229459608,Grp. A3 B6 (50% C1; 50% C11),653,0.166,0.127,-0.14,0.355,0.96,0.2,0.2,0.01,0.01,6262.9727,1,8.742410223582494,0.0,-4.564348191467836,0.9304753668661113
15,163663709,Grp. A3 B6 (50% C1; 50% C11),653,0.171,0.127,-0.155,0.44,0.68,1.1,1.2,0.01,0.01,6265.9106,1,8.742879203935093,-0.08701137698962969,-4.219507705176107,1.0433496099930604
16,154160892,Grp. A3 B6 (50% C1; 50% C11),653,0.171,0.127,-0.155,0.44,0.64,1.2,1.3,0.01,0.01,6370.8154,1,8.75948274665354,-0.0800427076735365,-4.1588830833596715,1.0433496099930604
17,247115802,Grp. A3 B6 (50% C1; 50% C11),653,0.166,0.127,-0.24,0.305,1.0,1.7,2.0,0.04,0.01,6378.4966,1,8.760687705937519,-0.16251892949777494,-3.2188758248682006,0.23967285326542026
18,224686888,Grp. A3 B6 (50% C1; 50% C11),653,0.166,0.127,-0.14,0.355,0.94,0.2,0.2,0.01,0.01,6386.687,1,8.761970946567748,0.0,-4.543294782270004,0.9304753668661113
19,177811895,Grp. A3 B6 (50% C1; 50% C11),653,0.166,0.127,-0.16,0.4,0.74,0.9,1.0,0.01,0.01,6414.0557,1,8.766247064343862,-0.10536051565782628,-4.304065093204169,0.9162907318741551
20,247455787,Grp. A3 B6 (50% C1; 50% C11),653,0.166,0.127,-0.205,0.5,1.0,1.8,2.0,0.01,0.01,6421.4023,1,8.767391799623626,-0.10536051565782628,-4.605170185988091,0.8915981192837835
21,247094890,Grp. A3 B6 (50% C1; 50% C11),653,0.166,0.127,-0.205,0.5,1.0,1.7,1.9,0.02,0.01,6437.3813,1,8.769877105967042,-0.11122563511022437,-3.912023005428146,0.8915981192837835
22,153911385,Grp. A3 B6 (50% C1; 50% C11),653,0.166,0.127,-0.16,0.4,0.64,1.1,1.2,0.01,0.01,6503.7227,1,8.780130015017383,-0.08701137698962969,-4.1588830833596715,0.9162907318741551
23,144170704,Grp. A3 B6 (50% C1; 50% C11),653,0.166,0.127,-0.15,0.315,0.5,1.1,1.2,0.01,0.01,6507.0547,1,8.780642205791294,-0.08701137698962969,-3.912023005428146,0.7419373447293773
24,200779457,Grp. A3 B6 (50% C1; 50% C11),653,0.166,0.127,-0.14,0.295,0.84,0.2,0.2,0.01,0.01,6517.691,1,8.782275451093634,0.0,-4.430816798843313,0.7453329337305153
25,237548999,Grp. A3 B6 (50% C1; 50% C11),653,0.166,0.127,-0.24,0.305,0.98,1.7,2.0,0.03,0.01,6533.9595,1,8.784768393794698,-0.16251892949777494,-3.4863551900024623,0.23967285326542026
26,140116983,Grp. A3 B6 (50% C1; 50% C11),653,0.166,0.127,-0.16,0.4,0.58,1.5,1.6,0.02,0.01,6547.238,1,8.78679856030823,-0.06453852113757118,-3.3672958299864737,0.9162907318741551
27,186485187,Grp. A3 B6 (50% C1; 50% C11),653,0.166,0.127,-0.14,0.295,0.78,0.3,0.3,0.02,0.01,6554.7925,1,8.787951740471744,0.0,-3.6635616461296463,0.7453329337305153
28,149251638,Grp. A3 B6 (50% C1; 50% C11),653,0.166,0.127,-0.16,0.4,0.62,1.2,1.3,0.01,0.01,6564.849,1,8.78948478571076,-0.0800427076735365,-4.127134385045092,0.9162907318741551
29,210345162,Grp. A3 B6 (50% C1; 50% C11),653,0.166,0.127,-0.145,0.305,0.88,0.2,0.2,0.01,0.01,6576.769,1,8.791298870288315,0.0,-4.477336814478207,0.7435780341868372
30,246431053,Grp. A3 B6 (50% C1; 50% C11),653,0.166,0.127,-0.24,0.305,1.0,1.5,1.8,0.01,0.01,6581.3633,1,8.791997191308647,-0.1823215567939547,-4.605170185988091,0.23967285326542026
31,246746769,Grp. A3 B6 (50% C1; 50% C11),653,0.166,0.127,-0.205,0.5,1.0,1.6,1.8,0.01,0.01,6593.326,1,8.793813204273395,-0.11778303565638339,-4.605170185988091,0.8915981192837835
32,124908159,Grp. A3 B6 (50% C1; 50% C11),653,0.171,0.127,-0.145,0.415,0.52,1.4,1.5,0.01,0.01,6621.1675,1,8.798026992898158,-0.06899287148695156,-3.951243718581427,1.051544777810124
33,243788409,Grp. A3 B6 (50% C1; 50% C11),653,0.166,0.127,-0.135,0.265,1.0,0.2,0.1,0.04,0.01,6622.464,1,8.79822278511786,0.6931471805599453,-3.2188758248682006,0.6744550475477928
34,221915026,Grp. A3 B6 (50% C1; 50% C11),653,0.166,0.141,-0.25,0.315,0.92,1.3,1.6,0.01,0.01,6632.605,1,8.799752917021149,-0.2076393647782445,-4.5217885770490405,0.23111172096338664
35,181545406,Grp. A3 B6 (50% C1; 50% C11),653,0.166,0.127,-0.135,0.265,0.76,0.2,0.2,0.01,0.01,6638.983,1,8.800714068089281,0.0,-4.330733340286331,0.6744550475477928
36,149519413,Grp. A3 B6 (50% C1; 50% C11),653,0.171,0.127,-0.155,0.44,0.62,1.3,1.4,0.01,0.01,6643.385,1,8.801376901728759,-0.07410797215372172,-4.127134385045092,1.0433496099930604
37,196122998,Grp. A3 B6 (50% C1; 50% C11),653,0.166,0.127,-0.145,0.305,0.82,0.3,0.3,0.02,0.01,6651.2246,1,8.80255626707224,0.0,-3.713572066704308,0.7435780341868372
38,128927492,Grp. A3 B6 (50% C1; 50% C11),653,0.166,0.127,-0.15,0.315,0.54,1.0,1.1,0.01,0.01,6659.1704,1,8.80375019121106,-0.0953101798043249,-3.9889840465642745,0.7419373447293773
39,152642151,Grp. A3 B6 (50% C1; 50% C11),653,0.166,0.127,-0.06,0.565,0.64,0.4,0.2,0.03,0.01,6659.3203,1,8.803772701269201,0.6931471805599453,-3.0602707946915624,2.24248116892434
40,131164903,Grp. A3 B6 (50% C1; 50% C11),653,0.171,0.127,-0.155,0.44,0.54,1.8,1.9,0.02,0.01,6664.374,1,8.804531304720852,-0.0540672212702757,-3.295836866004329,1.0433496099930604
41,158790217,Grp. A3 B6 (50% C1; 50% C11),653,0.166,0.127,-0.16,0.4,0.66,1.1,1.2,0.01,0.01,6690.9385,1,8.808509427289373,-0.08701137698962969,-4.189654742026425,0.9162907318741551
42,104157560,Grp. A3 B6 (50% C1; 50% C11),653,0.166,0.127,-0.145,0.305,0.44,1.2,1.3,0.01,0.01,6704.4937,1,8.810533282051868,-0.0800427076735365,-3.784189633918261,0.7435780341868372
43,114266084,Grp. A3 B6 (50% C1; 50% C11),653,0.166,0.127,-0.15,0.315,0.48,1.2,1.3,0.01,0.01,6706.2827,1,8.810800082415582,-0.0800427076735365,-3.8712010109078907,0.7419373447293773
44,232768095,Grp. A3 B6 (50% C1; 50% C11),653,0.166,0.127,-0.24,0.305,0.96,1.7,2.0,0.02,0.01,6712.628,1,8.811745807536614,-0.16251892949777494,-3.8712010109078907,0.23967285326542026
45,126514861,Grp. A3 B6 (50% C1; 50% C11),653,0.171,0.127,-0.155,0.44,0.52,1.9,2.0,0.02,0.01,6721.279,1,8.813033742788189,-0.05129329438755058,-3.258096538021482,1.0433496099930604
46,192516265,Grp. A3 B6 (50% C1; 50% C11),653,0.166,0.127,-0.16,0.4,0.7,1.0,1.1,0.01,0.01,6733.8755,1,8.814906111281621,-0.0953101798043249,-4.2484952420493585,0.9162907318741551
47,135463966,Grp. A3 B6 (50% C1; 50% C11),653,0.166,0.127,-0.16,0.4,0.56,1.6,1.7,0.02,0.01,6734.245,1,8.814960981595574,-0.060624621816434736,-3.332204510175204,0.9162907318741551
48,205685323,Grp. A3 B6 (50% C1; 50% C11),653,0.166,0.127,-0.15,0.315,0.86,0.3,0.3,0.02,0.01,6754.648,1,8.817986139488067,0.0,-3.7612001156935624,0.7419373447293773
49,139841197,Grp. A3 B6 (50% C1; 50% C11),653,0.171,0.127,-0.155,0.44,0.58,1.4,1.5,0.01,0.01,6754.7314,1,8.817998486465308,-0.06899287148695156,-4.060443010546419,1.0433496099930604
50,119690191,Grp. A3 B6 (50% C1; 50% C11),653,0.166,0.127,-0.14,0.295,0.4,1.3,1.4,0.01,0.01,6756.216,1,8.818218248997427,-0.07410797215372172,-3.6888794541139363,0.7453329337305153
51,120505343,Grp. A3 B6 (50% C1; 50% C11),653,0.166,0.127,-0.14,0.355,0.4,1.6,1.7,0.01,0.01,6768.369,1,8.820015421076425,-0.060624621816434736,-3.6888794541139363,0.9304753668661113
52,224687045,Grp. A3 B6 (50% C1; 50% C11),653,0.166,0.127,-0.15,0.315,0.94,0.2,0.2,0.01,0.01,6770.2505,1,8.820293366698888,0.0,-4.543294782270004,0.7419373447293773
53,99322969,Grp. A3 B6 (50% C1; 50% C11),653,0.166,0.127,-0.145,0.305,0.42,1.3,1.4,0.01,0.01,6784.528,1,8.822400004631806,-0.07410797215372172,-3.7376696182833684,0.7435780341868372
54,226689771,Grp. A3 B6 (50% C1; 50% C11),653,0.166,0.142,-0.255,0.32,0.94,1.3,1.6,0.01,0.01,6788.918,1,8.823046855866647,-0.2076393647782445,-4.543294782270004,0.22705745063534608
55,89314367,Grp. A3 B6 (50% C1; 50% C11),653,0.166,0.127,-0.14,0.295,0.38,1.4,1.5,0.01,0.01,6789.378,1,8.823114611054805,-0.06899287148695156,-3.6375861597263857,0.7453329337305153
56,135171914,Grp. A3 B6 (50% C1; 50% C11),653,0.171,0.127,-0.155,0.44,0.56,1.5,1.6,0.01,0.01,6795.2134,1,8.823973731537283,-0.06453852113757118,-4.02535169073515,1.0433496099930604
57,219912715,Grp. A3 B6 (50% C1; 50% C11),653,0.166,0.127,-0.15,0.315,0.92,0.2,0.2,0.01,0.01,6796.9443,1,8.82422842252124,0.0,-4.5217885770490405,0.7419373447293773
58,145205010,Grp. A3 B6 (50% C1; 50% C11),653,0.171,0.127,-0.145,0.415,0.5,1.5,1.6,0.01,0.01,6798.028,1,8.824387849106067,-0.06453852113757118,-3.912023005428146,1.051544777810124
59,99852363,Grp. A3 B6 (50% C1; 50% C11),653,0.166,0.127,-0.14,0.355,0.42,1.5,1.6,0.01,0.01,6815.4814,1,8.826951979933739,-0.06453852113757118,-3.7376696182833684,0.9304753668661113
60,90170658,Grp. A3 B6 (50% C1; 50% C11),653,0.166,0.127,-0.14,0.355,0.38,1.7,1.8,0.01,0.01,6826.938,1,8.82863153578923,-0.05715841383994864,-3.6375861597263857,0.9304753668661113
61,228326904,Grp. A3 B6 (50% C1; 50% C11),653,0.166,0.127,-0.205,0.5,0.94,1.8,2.0,0.01,0.01,6841.505,1,8.83076301565348,-0.10536051565782628,-4.543294782270004,0.8915981192837835
62,130806290,Grp. A3 B6 (50% C1; 50% C11),653,0.166,0.127,-0.16,0.4,0.54,1.7,1.8,0.02,0.01,6843.7505,1,8.83109117905827,-0.05715841383994864,-3.295836866004329,0.9162907318741551
63,84456083,Grp. A3 B6 (50% C1; 50% C11),653,0.166,0.127,-0.14,0.295,0.36,1.5,1.6,0.01,0.01,6844.6006,1,8.8312153868602,-0.06453852113757118,-3.58351893845611,0.7453329337305153
64,134868590,Grp. A3 B6 (50% C1; 50% C11),653,0.166,0.127,-0.16,0.4,0.56,1.4,1.5,0.01,0.01,6863.143,1,8.833920779060495,-0.06899287148695156,-4.02535169073515,0.9162907318741551
65,74143769,Grp. A3 B6 (50% C1; 50% C11),653,0.166,0.127,-0.135,0.265,0.32,1.5,1.6,0.01,0.01,6866.8735,1,8.834464187015147,-0.06453852113757118,-3.4657359027997265,0.6744550475477928
66,169152139,Grp. A3 B6 (50% C1; 50% C11),653,0.171,0.127,-0.155,0.44,0.6,1.3,1.4,0.01,0.01,6870.366,1,8.834972658906498,-0.07410797215372172,-4.0943445622221,1.0433496099930604
67,115362111,Grp. A3 B6 (50% C1; 50% C11),653,0.171,0.127,-0.145,0.415,0.48,1.6,1.7,0.01,0.01,6874.098,1,8.835515713927299,-0.060624621816434736,-3.8712010109078907,1.051544777810124
68,110628960,Grp. A3 B6 (50% C1; 50% C11),653,0.171,0.127,-0.145,0.415,0.46,1.7,1.8,0.01,0.01,6877.399,1,8.835995807122012,-0.05715841383994864,-3.828641396489095,1.051544777810124
69,126142783,Grp. A3 B6 (50% C1; 50% C11),653,0.166,0.127,-0.16,0.4,0.52,1.8,1.9,0.02,0.01,6882.118,1,8.836681732388868,-0.0540672212702757,-3.258096538021482,0.9162907318741551
70,139556744,Grp. A3 B6 (50% C1; 50% C11),653,0.166,0.127,-0.16,0.4,0.58,1.3,1.4,0.01,0.01,6885.1206,1,8.837117927349215,-0.07410797215372172,-4.060443010546419,0.9162907318741551
71,130498893,Grp. A3 B6 (50% C1; 50% C11),653,0.171,0.127,-0.155,0.44,0.54,1.6,1.7,0.01,0.01,6886.423,1,8.837307070998135,-0.060624621816434736,-3.9889840465642745,1.0433496099930604
72,105890576,Grp. A3 B6 (50% C1; 50% C11),653,0.171,0.127,-0.145,0.415,0.44,1.8,1.9,0.01,0.01,6900.682,1,8.839375526280653,-0.0540672212702757,-3.784189633918261,1.051544777810124
73,212644977,Grp. A3 B6 (50% C1; 50% C11),653,0.166,0.141,-0.25,0.315,0.88,1.4,1.7,0.01,0.01,6903.9097,1,8.839843153303452,-0.1941560144409575,-4.477336814478207,0.23111172096338664
74,114028818,Grp. A3 B6 (50% C1; 50% C11),653,0.166,0.127,-0.145,0.305,0.48,1.1,1.2,0.01,0.01,6904.4146,1,8.839916283103891,-0.08701137698962969,-3.8712010109078907,0.7435780341868372
75,146500153,Grp. A3 B6 (50% C1; 50% C11),653,0.166,0.127,-0.16,0.4,0.5,1.9,2.0,0.02,0.01,6906.41,1,8.840205244852617,-0.05129329438755058,-3.2188758248682006,0.9162907318741551
76,207866187,Grp. A3 B6 (50% C1; 50% C11),653,0.166,0.141,-0.245,0.31,0.86,1.4,1.7,0.01,0.01,6908.486,1,8.840505790005563,-0.1941560144409575,-4.454347296253507,0.235314086934465
77,227988999,Grp. A3 B6 (50% C1; 50% C11),653,0.166,0.127,-0.24,0.305,0.94,1.7,2.0,0.01,0.01,6909.407,1,8.8406390954236,-0.16251892949777494,-4.543294782270004,0.23967285326542026
78,102059205,Grp. A3 B6 (50% C1; 50% C11),653,0.166,0.127,-0.085,0.175,0.44,0.2,0.1,0.02,0.01,6920.233,1,8.842204718565107,0.6931471805599453,-3.0910424533583156,0.7221347174331975
79,85697490,Grp. A3 B6 (50% C1; 50% C11),653,0.166,0.127,-0.145,0.305,0.36,1.9,2.0,0.02,0.01,6935.0317,1,8.844340903755068,-0.05129329438755058,-2.8903717578961645,0.7435780341868372
80,109470136,Grp. A3 B6 (50% C1; 50% C11),653,0.166,0.127,-0.15,0.315,0.46,1.3,1.4,0.01,0.01,6935.7485,1,8.844444257710693,-0.07410797215372172,-3.828641396489095,0.7419373447293773
81,130177103,Grp. A3 B6 (50% C1; 50% C11),653,0.166,0.127,-0.16,0.4,0.54,1.5,1.6,0.01,0.01,6940.0566,1,8.84506520908719,-0.06453852113757118,-3.9889840465642745,0.9162907318741551
82,119948189,Grp. A3 B6 (50% C1; 50% C11),653,0.166,0.127,-0.145,0.305,0.4,1.4,1.5,0.01,0.01,6946.2134,1,8.845951955550197,-0.06899287148695156,-3.6888794541139363,0.7435780341868372
83,121149096,Grp. A3 B6 (50% C1; 50% C11),653,0.166,0.127,-0.15,0.315,0.4,1.8,1.9,0.02,0.01,6971.8545,1,8.849636537231097,-0.0540672212702757,-2.9957322735539913,0.7419373447293773
84,169138936,Grp. A3 B6 (50% C1; 50% C11),653,0.166,0.127,-0.16,0.4,0.6,1.3,1.4,0.01,0.01,6973.77,1,8.849911247053099,-0.07410797215372172,-4.0943445622221,0.9162907318741551
85,215417561,Grp. A3 B6 (50% C1; 50% C11),653,0.171,0.127,-0.135,0.39,0.8,0.4,0.4,0.02,0.01,6979.0654,1,8.850670289943297,0.0,-3.6888794541139363,1.0608719606852626
86,172047185,Grp. A3 B6 (50% C1; 50% C11),653,0.171,0.127,-0.125,0.365,0.72,0.3,0.3,0.01,0.01,6992.6396,1,8.85261338912424,0.0,-4.276666119016055,1.0715836162801904
87,90845060,Grp. A3 B6 (50% C1; 50% C11),653,0.166,0.127,-0.15,0.315,0.38,1.9,2.0,0.02,0.01,6992.9824,1,8.852662410898184,-0.05129329438755058,-2.9444389791664407,0.7419373447293773
88,241346995,Grp. A3 B6 (50% C1; 50% C11),653,0.166,0.142,-0.255,0.32,0.9,1.4,1.7,0.01,0.01,6994.427,1,8.852868968090272,-0.1941560144409575,-4.499809670330265,0.22705745063534608
89,125821670,Grp. A3 B6 (50% C1; 50% C11),653,0.171,0.127,-0.155,0.44,0.52,1.7,1.8,0.01,0.01,6995.02,1,8.852953746280626,-0.05715841383994864,-3.951243718581427,1.0433496099930604
90,112425766,Grp. A3 B6 (50% C1; 50% C11),653,0.166,0.127,-0.11,0.24,0.48,0.3,0.3,0.01,0.01,6997.285,1,8.853277495658556,0.0,-3.8712010109078907,0.780158557549575
91,199279876,Grp. A3 B6 (50% C1; 50% C11),653,0.166,0.141,-0.25,0.315,0.82,1.7,2.0,0.02,0.01,7039.7427,1,8.859326900188728,-0.16251892949777494,-3.713572066704308,0.23111172096338664
92,125482527,Grp. A3 B6 (50% C1; 50% C11),653,0.166,0.127,-0.16,0.4,0.52,1.6,1.7,0.01,0.01,7041.593,1,8.859589701964081,-0.060624621816434736,-3.951243718581427,0.9162907318741551
93,8309556,Grp. A3 B6 (50% C1; 50% C11),653,0.166,0.127,-0.06,0.065,0.04,1.6,1.6,0.01,0.01,7042.4053,1,8.85970505273076,0.0,-1.3862943611198906,0.08004270767353656
94,104669060,Grp. A3 B6 (50% C1; 50% C11),653,0.166,0.127,-0.15,0.315,0.44,1.4,1.5,0.01,0.01,7058.6045,1,8.862002648059885,-0.06899287148695156,-3.784189633918261,0.7419373447293773
95,225022718,Grp. A3 B6 (50% C1; 50% C11),653,0.171,0.127,-0.155,0.44,0.94,0.5,0.5,0.03,0.01,7069.222,1,8.863505710402691,0.0,-3.4446824936018943,1.0433496099930604
96,195994302,Grp. A3 B6 (50% C1; 50% C11),653,0.166,0.127,-0.14,0.295,0.82,0.2,0.2,0.01,0.01,7070.9365,1,8.863748211221674,0.0,-4.406719247264253,0.7453329337305153
97,198611475,Grp. A3 B6 (50% C1; 50% C11),653,0.166,0.141,-0.245,0.31,0.82,1.5,1.8,0.01,0.01,7073.1465,1,8.864060709390412,-0.1823215567939547,-4.406719247264253,0.235314086934465
98,99862145,Grp. A3 B6 (50% C1; 50% C11),653,0.166,0.127,-0.15,0.315,0.42,1.5,1.6,0.01,0.01,7074.056,1,8.864189286047353,-0.06453852113757118,-3.7376696182833684,0.7419373447293773
99,130482513,Grp. A3 B6 (50% C1; 50% C11),653,0.166,0.127,-0.16,0.4,0.54,1.6,1.7,0.02,0.01,7074.0933,1,8.864194558821792,-0.060624621816434736,-3.295836866004329,0.9162907318741551
0,208139814,Grp. A3 B6 (50% C1; 50% C11),655,0.166,0.127,-0.135,0.265,0.86,1.5,1.7,0.01,0.01,1202.7043,1,7.092327883599113,-0.12516314295400605,-4.454347296253507,0.6744550475477928
1,236850193,Grp. A3 B6 (50% C1; 50% C11),655,0.166,0.127,-0.14,0.295,0.98,1.5,1.7,0.01,0.01,1207.0984,1,7.095974742215357,-0.12516314295400605,-4.584967478670571,0.7453329337305153
2,244754455,Grp. A3 B6 (50% C1; 50% C11),655,0.166,0.127,-0.135,0.265,1.0,0.9,1.0,0.02,0.01,1212.9995,1,7.100851496742811,-0.10536051565782628,-3.912023005428146,0.6744550475477928
3,122967839,Grp. A3 B6 (50% C1; 50% C11),655,0.166,0.127,-0.085,0.175,0.52,0.5,0.5,0.02,0.01,1214.9552,1,7.10246248266686,0.0,-3.258096538021482,0.7221347174331975
4,129630543,Grp. A3 B6 (50% C1; 50% C11),655,0.166,0.127,-0.11,0.24,0.54,1.3,1.4,0.01,0.01,1215.1415,1,7.102615809898954,-0.07410797215372172,-3.9889840465642745,0.780158557549575
5,218397909,Grp. A3 B6 (50% C1; 50% C11),655,0.166,0.127,-0.135,0.265,0.8,1.7,1.9,0.01,0.01,1215.4058,1,7.102833291781361,-0.11122563511022437,-4.382026634673882,0.6744550475477928
6,97783960,Grp. A3 B6 (50% C1; 50% C11),655,0.166,0.127,-0.08,0.165,0.42,0.6,0.6,0.02,0.01,1216.3073,1,7.103574744415144,0.0,-3.044522437723423,0.723918839226699
7,237890459,Grp. A3 B6 (50% C1; 50% C11),655,0.166,0.127,-0.145,0.305,0.98,1.8,2.0,0.02,0.01,1219.1494,1,7.1059086814464525,-0.10536051565782628,-3.8918202981106265,0.7435780341868372
8,227625718,Grp. A3 B6 (50% C1; 50% C11),655,0.166,0.127,-0.14,0.295,0.94,1.6,1.8,0.01,0.01,1220.0521,1,7.106648841733506,-0.11778303565638339,-4.543294782270004,0.7453329337305153
9,129360867,Grp. A3 B6 (50% C1; 50% C11),655,0.166,0.127,-0.11,0.22,0.54,1.2,1.3,0.01,0.01,1220.3884,1,7.10692444771704,-0.0800427076735365,-3.9889840465642745,0.6931471805599453
10,112817000,Grp. A3 B6 (50% C1; 50% C11),655,0.166,0.127,-0.08,0.165,0.48,0.5,0.5,0.02,0.01,1225.9614,1,7.111480631498062,0.0,-3.1780538303479453,0.723918839226699
11,213973231,Grp. A3 B6 (50% C1; 50% C11),655,0.166,0.127,-0.14,0.295,0.88,1.8,2.0,0.01,0.01,1236.7432,1,7.120236751810915,-0.10536051565782628,-4.477336814478207,0.7453329337305153
12,225875155,Grp. A3 B6 (50% C1; 50% C11),655,0.166,0.127,-0.135,0.265,0.94,1.0,1.1,0.02,0.01,1241.0507,1,7.123713638519979,-0.0953101798043249,-3.8501476017100584,0.6744550475477928
13,237530207,Grp. A3 B6 (50% C1; 50% C11),655,0.166,0.127,-0.145,0.305,0.98,1.7,1.9,0.01,0.01,1246.8352,1,7.128363779769282,-0.11122563511022437,-4.584967478670571,0.7435780341868372
14,235686082,Grp. A3 B6 (50% C1; 50% C11),655,0.171,0.127,-0.125,0.365,0.98,1.1,1.2,0.01,0.01,1247.3428,1,7.128770807661444,-0.08701137698962969,-4.584967478670571,1.0715836162801904
15,26639004,Grp. A3 B6 (50% C1; 50% C11),655,0.166,0.127,-0.06,0.065,0.14,1.0,1.0,0.02,0.01,1248.1611,1,7.129426627136884,0.0,-1.9459101490553135,0.08004270767353656
16,124902309,Grp. A3 B6 (50% C1; 50% C11),655,0.166,0.127,-0.11,0.24,0.52,1.4,1.5,0.01,0.01,1257.0017,1,7.136484561015745,-0.06899287148695156,-3.951243718581427,0.780158557549575
17,189944555,Grp. A3 B6 (50% C1; 50% C11),655,0.166,0.127,-0.135,0.265,0.78,1.8,2.0,0.01,0.01,1262.8375,1,7.141116452156764,-0.10536051565782628,-4.356708826689592,0.6744550475477928
18,228329105,Grp. A3 B6 (50% C1; 50% C11),655,0.166,0.127,-0.145,0.305,0.94,1.8,2.0,0.01,0.01,1264.367,1,7.142326880665216,-0.10536051565782628,-4.543294782270004,0.7435780341868372
19,221628829,Grp. A3 B6 (50% C1; 50% C11),655,0.171,0.127,-0.125,0.365,0.92,1.2,1.3,0.01,0.01,1264.3905,1,7.142345466868124,-0.0800427076735365,-4.5217885770490405,1.0715836162801904
20,231450852,Grp. A3 B6 (50% C1; 50% C11),655,0.166,0.127,-0.14,0.295,0.96,1.3,1.4,0.03,0.01,1264.7764,1,7.142650626644645,-0.07410797215372172,-3.4657359027997265,0.7453329337305153
21,203681516,Grp. A3 B6 (50% C1; 50% C11),655,0.166,0.127,-0.135,0.265,0.84,1.6,1.8,0.01,0.01,1265.685,1,7.1433687565786155,-0.11778303565638339,-4.430816798843313,0.6744550475477928
22,247450617,Grp. A3 B6 (50% C1; 50% C11),655,0.166,0.127,-0.14,0.355,1.0,1.8,2.0,0.01,0.01,1270.2902,1,7.147000657286597,-0.10536051565782628,-4.605170185988091,0.9304753668661113
23,212342306,Grp. A3 B6 (50% C1; 50% C11),655,0.171,0.127,-0.125,0.365,0.88,1.3,1.4,0.01,0.01,1270.4913,1,7.147158955039016,-0.07410797215372172,-4.477336814478207,1.0715836162801904
24,242321821,Grp. A3 B6 (50% C1; 50% C11),655,0.166,0.127,-0.14,0.295,0.9,1.7,1.9,0.01,0.01,1272.1335,1,7.148450691223093,-0.11122563511022437,-4.499809670330265,0.7453329337305153
25,198896702,Grp. A3 B6 (50% C1; 50% C11),655,0.166,0.127,-0.135,0.265,0.82,1.6,1.8,0.01,0.01,1276.2203,1,7.15165809790545,-0.11778303565638339,-4.406719247264253,0.6744550475477928
26,22051283,Grp. A3 B6 (50% C1; 50% C11),655,0.166,0.127,-0.06,0.065,0.12,1.2,1.2,0.02,0.01,1277.8417,1,7.152927761850815,0.0,-1.791759469228055,0.08004270767353656
27,109985510,Grp. A3 B6 (50% C1; 50% C11),655,0.166,0.127,-0.11,0.22,0.46,1.5,1.6,0.01,0.01,1280.74,1,7.155193314863785,-0.06453852113757118,-3.828641396489095,0.6931471805599453
28,245237824,Grp. A3 B6 (50% C1; 50% C11),655,0.166,0.127,-0.14,0.295,1.0,1.1,1.2,0.02,0.01,1282.3212,1,7.156427152121044,-0.08701137698962969,-3.912023005428146,0.7453329337305153
29,101136916,Grp. A3 B6 (50% C1; 50% C11),655,0.166,0.127,-0.11,0.24,0.42,1.9,2.0,0.01,0.01,1284.1825,1,7.157877608106219,-0.05129329438755058,-3.7376696182833684,0.780158557549575
30,167181319,Grp. A3 B6 (50% C1; 50% C11),655,0.166,0.127,-0.085,0.175,0.6,0.3,0.3,0.01,0.01,1284.7448,1,7.158315378384094,0.0,-4.0943445622221,0.7221347174331975
31,107952742,Grp. A3 B6 (50% C1; 50% C11),655,0.166,0.127,-0.085,0.175,0.46,0.6,0.6,0.02,0.01,1284.9557,1,7.158479522026883,0.0,-3.1354942159291497,0.7221347174331975
32,185181392,Grp. A3 B6 (50% C1; 50% C11),655,0.171,0.127,-0.125,0.365,0.76,1.8,1.9,0.02,0.01,1285.256,1,7.158713199277178,-0.0540672212702757,-3.6375861597263857,1.0715836162801904
33,243058507,Grp. A3 B6 (50% C1; 50% C11),655,0.171,0.127,-0.135,0.39,0.9,1.9,2.0,0.03,0.01,1285.6338,1,7.159007105303582,-0.05129329438755058,-3.4011973816621555,1.0608719606852626
34,45664378,Grp. A3 B6 (50% C1; 50% C11),655,0.166,0.127,-0.06,0.065,0.22,0.4,0.4,0.01,0.01,1286.2341,1,7.15947392555582,0.0,-3.0910424533583156,0.08004270767353656
35,223192540,Grp. A3 B6 (50% C1; 50% C11),655,0.166,0.127,-0.14,0.295,0.92,1.7,1.9,0.01,0.01,1287.5216,1,7.160474409096193,-0.11122563511022437,-4.5217885770490405,0.7453329337305153
36,203076065,Grp. A3 B6 (50% C1; 50% C11),655,0.171,0.127,-0.125,0.365,0.84,1.4,1.5,0.01,0.01,1294.1044,1,7.165574151868208,-0.06899287148695156,-4.430816798843313,1.0715836162801904
37,180732974,Grp. A3 B6 (50% C1; 50% C11),655,0.171,0.127,-0.125,0.365,0.74,1.9,2.0,0.02,0.01,1296.2548,1,7.167234462526274,-0.05129329438755058,-3.6109179126442243,1.0715836162801904
38,107559635,Grp. A3 B6 (50% C1; 50% C11),655,0.166,0.127,-0.08,0.165,0.46,0.4,0.4,0.01,0.01,1296.3585,1,7.16731445903023,0.0,-3.828641396489095,0.723918839226699
39,105213188,Grp. A3 B6 (50% C1; 50% C11),655,0.166,0.127,-0.11,0.22,0.44,1.6,1.7,0.01,0.01,1297.45,1,7.168156078652054,-0.060624621816434736,-3.784189633918261,0.6931471805599453
40,246748725,Grp. A3 B6 (50% C1; 50% C11),655,0.166,0.127,-0.145,0.305,1.0,1.6,1.8,0.01,0.01,1299.2878,1,7.169571547173246,-0.11778303565638339,-4.605170185988091,0.7435780341868372
41,114753483,Grp. A3 B6 (50% C1; 50% C11),655,0.166,0.127,-0.11,0.22,0.48,1.4,1.5,0.01,0.01,1300.5419,1,7.170536302747252,-0.06899287148695156,-3.8712010109078907,0.6931471805599453
42,231167249,Grp. A3 B6 (50% C1; 50% C11),655,0.166,0.127,-0.14,0.295,0.96,1.2,1.3,0.02,0.01,1301.9208,1,7.171595991425239,-0.0800427076735365,-3.8712010109078907,0.7453329337305153
43,246088462,Grp. A3 B6 (50% C1; 50% C11),655,0.166,0.127,-0.14,0.355,1.0,1.4,1.5,0.02,0.01,1302.9897,1,7.172416672258605,-0.06899287148695156,-3.912023005428146,0.9304753668661113
44,172185963,Grp. A3 B6 (50% C1; 50% C11),655,0.166,0.127,-0.08,0.165,0.72,0.4,0.3,0.05,0.01,1303.2949,1,7.172650875385459,0.287682072451781,-2.667228206581955,0.723918839226699
45,244556370,Grp. A3 B6 (50% C1; 50% C11),655,0.166,0.127,-0.135,0.265,1.0,0.8,0.9,0.01,0.01,1304.8302,1,7.173828196348581,-0.11778303565638339,-4.605170185988091,0.6744550475477928
46,246424219,Grp. A3 B6 (50% C1; 50% C11),655,0.171,0.127,-0.135,0.39,1.0,1.5,1.6,0.02,0.01,1308.2572,1,7.17645114877243,-0.06453852113757118,-3.912023005428146,1.0608719606852626
47,225658866,Grp. A3 B6 (50% C1; 50% C11),655,0.166,0.127,-0.135,0.265,0.94,0.9,1.0,0.01,0.01,1308.7317,1,7.176813779278963,-0.10536051565782628,-4.543294782270004,0.6744550475477928
48,232413263,Grp. A3 B6 (50% C1; 50% C11),655,0.171,0.127,-0.135,0.39,0.96,1.6,1.7,0.02,0.01,1310.1278,1,7.177879968688706,-0.060624621816434736,-3.8712010109078907,1.0608719606852626
49,240478710,Grp. A3 B6 (50% C1; 50% C11),655,0.166,0.127,-0.135,0.265,0.9,1.1,1.2,0.02,0.01,1313.817,1,7.180691919939279,-0.08701137698962969,-3.8066624897703196,0.6744550475477928
50,232396225,Grp. A3 B6 (50% C1; 50% C11),655,0.166,0.127,-0.14,0.355,0.96,1.6,1.7,0.03,0.01,1313.863,1,7.180726931812875,-0.060624621816434736,-3.4657359027997265,0.9304753668661113
51,223202104,Grp. A3 B6 (50% C1; 50% C11),655,0.171,0.127,-0.135,0.39,0.92,1.7,1.8,0.02,0.01,1317.5848,1,7.183555642670599,-0.05715841383994864,-3.828641396489095,1.0608719606852626
52,189289858,Grp. A3 B6 (50% C1; 50% C11),655,0.171,0.127,-0.125,0.365,0.78,1.6,1.7,0.01,0.01,1319.5261,1,7.185027935967533,-0.060624621816434736,-4.356708826689592,1.0715836162801904
53,232063707,Grp. A3 B6 (50% C1; 50% C11),655,0.166,0.127,-0.14,0.355,0.96,1.5,1.6,0.02,0.01,1322.6603,1,7.1874003662170045,-0.06453852113757118,-3.8712010109078907,0.9304753668661113
54,87696053,Grp. A3 B6 (50% C1; 50% C11),655,0.166,0.127,-0.08,0.165,0.38,0.7,0.7,0.02,0.01,1322.7521,1,7.187469769384569,0.0,-2.9444389791664407,0.723918839226699
55,218434799,Grp. A3 B6 (50% C1; 50% C11),655,0.171,0.127,-0.125,0.365,0.8,1.7,1.8,0.02,0.01,1323.3756,1,7.187941024049669,-0.05715841383994864,-3.6888794541139363,1.0715836162801904
56,202478844,Grp. A3 B6 (50% C1; 50% C11),655,0.166,0.127,-0.135,0.265,0.84,1.2,1.3,0.02,0.01,1324.3558,1,7.188681431513039,-0.0800427076735365,-3.7376696182833684,0.6744550475477928
57,132603884,Grp. A3 B6 (50% C1; 50% C11),655,0.166,0.127,-0.08,0.165,0.56,0.3,0.3,0.01,0.01,1324.517,1,7.188803143661843,0.0,-4.02535169073515,0.723918839226699
58,105883315,Grp. A3 B6 (50% C1; 50% C11),655,0.166,0.127,-0.11,0.24,0.44,1.8,1.9,0.01,0.01,1325.7069,1,7.189701105588725,-0.0540672212702757,-3.784189633918261,0.780158557549575
59,205561593,Grp. A3 B6 (50% C1; 50% C11),655,0.166,0.127,-0.08,0.165,0.86,0.2,0.1,0.03,0.01,1326.8744,1,7.190581380267122,0.6931471805599453,-3.355735007585398,0.723918839226699
60,139310366,Grp. A3 B6 (50% C1; 50% C11),655,0.166,0.127,-0.11,0.24,0.58,1.2,1.3,0.01,0.01,1327.4844,1,7.191041001634616,-0.0800427076735365,-4.060443010546419,0.780158557549575
61,198261848,Grp. A3 B6 (50% C1; 50% C11),655,0.166,0.127,-0.135,0.265,0.82,1.4,1.5,0.03,0.01,1329.1014,1,7.192258353771101,-0.06899287148695156,-3.3081069585961433,0.6744550475477928
62,230912224,Grp. A3 B6 (50% C1; 50% C11),655,0.171,0.127,-0.125,0.365,0.96,1.1,1.2,0.01,0.01,1329.572,1,7.192612364914338,-0.08701137698962969,-4.564348191467836,1.0715836162801904
63,240243325,Grp. A3 B6 (50% C1; 50% C11),655,0.166,0.127,-0.135,0.265,0.9,1.0,1.1,0.01,0.01,1331.0292,1,7.1937077565466545,-0.0953101798043249,-4.499809670330265,0.6744550475477928
64,230903706,Grp. A3 B6 (50% C1; 50% C11),655,0.166,0.127,-0.14,0.295,0.96,1.1,1.2,0.01,0.01,1339.4961,1,7.200048777446271,-0.08701137698962969,-4.564348191467836,0.7453329337305153
65,145198775,Grp. A3 B6 (50% C1; 50% C11),655,0.166,0.127,-0.11,0.24,0.5,1.5,1.6,0.01,0.01,1340.0402,1,7.200454892494966,-0.06453852113757118,-3.912023005428146,0.780158557549575
66,29056594,Grp. A3 B6 (50% C1; 50% C11),655,0.166,0.127,-0.06,0.065,0.14,1.9,1.7,0.08,0.01,1340.7732,1,7.201001741461229,0.1112256351102244,-0.5596157879354228,0.08004270767353656
67,236539285,Grp. A3 B6 (50% C1; 50% C11),655,0.171,0.127,-0.135,0.39,0.98,1.4,1.5,0.01,0.01,1341.6705,1,7.2016707583233295,-0.06899287148695156,-4.584967478670571,1.0608719606852626
68,185143105,Grp. A3 B6 (50% C1; 50% C11),655,0.166,0.127,-0.135,0.265,0.76,1.8,2.0,0.01,0.01,1341.955,1,7.201882784927687,-0.10536051565782628,-4.330733340286331,0.6744550475477928
69,247464799,Grp. A3 B6 (50% C1; 50% C11),655,0.166,0.127,-0.15,0.315,1.0,1.8,2.0,0.01,0.01,1346.7028,1,7.205414513610291,-0.10536051565782628,-4.605170185988091,0.7419373447293773
70,209567568,Grp. A3 B6 (50% C1; 50% C11),655,0.171,0.127,-0.135,0.39,0.86,1.9,2.0,0.02,0.01,1347.1654,1,7.205757960260389,-0.05129329438755058,-3.7612001156935624,1.0608719606852626
71,237176247,Grp. A3 B6 (50% C1; 50% C11),655,0.166,0.127,-0.14,0.355,0.98,1.6,1.7,0.03,0.01,1347.724,1,7.206172522734084,-0.060624621816434736,-3.4863551900024623,0.9304753668661113
72,77613654,Grp. A3 B6 (50% C1; 50% C11),655,0.166,0.127,-0.08,0.165,0.34,0.8,0.8,0.02,0.01,1348.3662,1,7.206648916299956,0.0,-2.833213344056216,0.723918839226699
73,244992241,Grp. A3 B6 (50% C1; 50% C11),655,0.166,0.127,-0.14,0.295,1.0,1.0,1.1,0.01,0.01,1348.7311,1,7.206919503499185,-0.0953101798043249,-4.605170185988091,0.7453329337305153
74,211780724,Grp. A3 B6 (50% C1; 50% C11),655,0.166,0.127,-0.135,0.265,0.88,1.1,1.2,0.02,0.01,1349.3589,1,7.207384869748147,-0.08701137698962969,-3.784189633918261,0.6744550475477928
75,207534015,Grp. A3 B6 (50% C1; 50% C11),655,0.166,0.127,-0.135,0.265,0.86,1.3,1.4,0.03,0.01,1349.3861,1,7.207405027265808,-0.07410797215372172,-3.355735007585398,0.6744550475477928
76,175540148,Grp. A3 B6 (50% C1; 50% C11),655,0.171,0.127,-0.125,0.365,0.72,1.8,1.9,0.01,0.01,1350.3953,1,7.208152643385399,-0.0540672212702757,-4.276666119016055,1.0715836162801904
77,245784751,Grp. A3 B6 (50% C1; 50% C11),655,0.166,0.127,-0.14,0.355,1.0,1.3,1.4,0.01,0.01,1351.0253,1,7.208619064653839,-0.07410797215372172,-4.605170185988091,0.9304753668661113
78,189629721,Grp. A3 B6 (50% C1; 50% C11),655,0.171,0.127,-0.125,0.365,0.78,1.7,1.8,0.02,0.01,1355.3188,1,7.2117919823933345,-0.05715841383994864,-3.6635616461296463,1.0715836162801904
79,195208362,Grp. A3 B6 (50% C1; 50% C11),655,0.171,0.127,-0.125,0.365,0.7,1.9,2.0,0.01,0.01,1355.6346,1,7.2120249631604905,-0.05129329438755058,-4.2484952420493585,1.0715836162801904
80,100435747,Grp. A3 B6 (50% C1; 50% C11),655,0.166,0.127,-0.11,0.22,0.42,1.7,1.8,0.01,0.01,1355.66,1,7.212043699597321,-0.05715841383994864,-3.7376696182833684,0.6931471805599453
81,202226884,Grp. A3 B6 (50% C1; 50% C11),655,0.166,0.127,-0.135,0.265,0.84,1.1,1.2,0.01,0.01,1356.4885,1,7.212654654363087,-0.08701137698962969,-4.430816798843313,0.6744550475477928
82,217767730,Grp. A3 B6 (50% C1; 50% C11),655,0.171,0.127,-0.125,0.365,0.8,1.5,1.6,0.01,0.01,1358.3363,1,7.214015921053548,-0.06453852113757118,-4.382026634673882,1.0715836162801904
83,217136821,Grp. A3 B6 (50% C1; 50% C11),655,0.166,0.127,-0.135,0.265,0.8,1.3,1.4,0.02,0.01,1358.8782,1,7.214414785410546,-0.07410797215372172,-3.6888794541139363,0.6744550475477928
84,233108851,Grp. A3 B6 (50% C1; 50% C11),655,0.166,0.127,-0.145,0.305,0.96,1.8,2.0,0.01,0.01,1363.9489,1,7.218139374358531,-0.10536051565782628,-4.564348191467836,0.7435780341868372
85,236859001,Grp. A3 B6 (50% C1; 50% C11),655,0.171,0.127,-0.135,0.39,0.98,1.5,1.6,0.02,0.01,1365.2224,1,7.219072624750274,-0.06453852113757118,-3.8918202981106265,1.0608719606852626
86,212920821,Grp. A3 B6 (50% C1; 50% C11),655,0.166,0.127,-0.135,0.265,0.88,1.5,1.7,0.01,0.01,1366.2875,1,7.219852486506573,-0.12516314295400605,-4.477336814478207,0.6744550475477928
87,227302382,Grp. A3 B6 (50% C1; 50% C11),655,0.171,0.127,-0.135,0.39,0.94,1.5,1.6,0.01,0.01,1367.2628,1,7.220566064040804,-0.06453852113757118,-4.543294782270004,1.0608719606852626
88,230427366,Grp. A3 B6 (50% C1; 50% C11),655,0.166,0.127,-0.135,0.265,0.96,0.9,1.0,0.01,0.01,1367.7916,1,7.220952747396417,-0.10536051565782628,-4.564348191467836,0.6744550475477928
89,232404060,Grp. A3 B6 (50% C1; 50% C11),655,0.166,0.127,-0.14,0.295,0.96,1.6,1.8,0.01,0.01,1368.264,1,7.221298062019917,-0.11778303565638339,-4.564348191467836,0.7453329337305153
90,226402620,Grp. A3 B6 (50% C1; 50% C11),655,0.171,0.127,-0.125,0.365,0.94,1.2,1.3,0.01,0.01,1368.2982,1,7.221323056883913,-0.0800427076735365,-4.543294782270004,1.0715836162801904
91,217426338,Grp. A3 B6 (50% C1; 50% C11),655,0.166,0.127,-0.135,0.265,0.8,1.4,1.5,0.03,0.01,1368.8624,1,7.221735308914715,-0.06899287148695156,-3.283414346005772,0.6744550475477928
92,216867325,Grp. A3 B6 (50% C1; 50% C11),655,0.166,0.127,-0.135,0.265,0.8,1.2,1.3,0.01,0.01,1369.8374,1,7.222447325647027,-0.0800427076735365,-4.382026634673882,0.6744550475477928
93,86628888,Grp. A3 B6 (50% C1; 50% C11),655,0.166,0.127,-0.06,0.065,0.38,0.2,0.1,0.02,0.01,1371.9327,1,7.223975754604584,0.6931471805599453,-2.9444389791664407,0.08004270767353656
94,18925006,Grp. A3 B6 (50% C1; 50% C11),655,0.166,0.127,-0.06,0.065,0.08,1.9,1.9,0.02,0.01,1372.1425,1,7.224128665866206,0.0,-1.3862943611198906,0.08004270767353656
95,110622011,Grp. A3 B6 (50% C1; 50% C11),655,0.166,0.127,-0.11,0.24,0.46,1.7,1.8,0.01,0.01,1377.9392,1,7.228344328684384,-0.05715841383994864,-3.828641396489095,0.780158557549575
96,43224296,Grp. A3 B6 (50% C1; 50% C11),655,0.166,0.127,-0.06,0.065,0.1,1.5,1.5,0.02,0.01,1378.398,1,7.228677234255035,0.0,-1.6094379124341005,0.08004270767353656
97,242689064,Grp. A3 B6 (50% C1; 50% C11),655,0.171,0.127,-0.135,0.39,0.9,1.8,1.9,0.02,0.01,1379.6827,1,7.22960882417763,-0.0540672212702757,-3.8066624897703196,1.0608719606852626
98,232749333,Grp. A3 B6 (50% C1; 50% C11),655,0.166,0.127,-0.145,0.305,0.96,1.7,1.9,0.01,0.01,1379.736,1,7.2296474555024135,-0.11122563511022437,-4.564348191467836,0.7435780341868372
99,198604707,Grp. A3 B6 (50% C1; 50% C11),655,0.171,0.127,-0.125,0.365,0.82,1.5,1.6,0.01,0.01,1379.9673,1,7.22981508221833,-0.06453852113757118,-4.406719247264253,1.0715836162801904
0,51522338,Grp. A3 B6 (50% C1; 50% C11),660,0.166,0.141,-0.075,0.07,0.24,0.7,0.4,0.06,0.01,381.54752,1,5.944235403911085,0.5596157879354225,-1.3862943611198906,-0.06899287148695131
1,71353972,Grp. A3 B6 (50% C1; 50% C11),660,0.166,0.142,-0.075,0.07,0.32,0.3,0.1,0.03,0.01,472.14825,1,6.157293025252987,1.0986122886681096,-2.367123614131617,-0.06899287148695131
2,31277238,Grp. A3 B6 (50% C1; 50% C11),660,0.166,0.127,-0.06,0.065,0.16,0.8,0.6,0.04,0.01,486.91342,1,6.188086324936574,0.287682072451781,-1.3862943611198906,0.08004270767353656
3,51523609,Grp. A3 B6 (50% C1; 50% C11),660,0.166,0.142,-0.08,0.065,0.24,0.7,0.5,0.05,0.01,508.237,1,6.230947874217734,0.3364722366212129,-1.5686159179138452,-0.2076393647782445
4,44371854,Grp. A3 B6 (50% C1; 50% C11),660,0.166,0.141,-0.075,0.07,0.1,1.9,1.8,0.04,0.01,511.14325,1,6.236649883598858,0.05406722127027579,-0.9162907318741551,-0.06899287148695131
5,18924968,Grp. A3 B6 (50% C1; 50% C11),660,0.166,0.127,-0.06,0.065,0.08,1.9,1.6,0.06,0.01,511.8729,1,6.238076352034816,0.17185025692665903,-0.2876820724517809,0.08004270767353656
6,57176357,Grp. A3 B6 (50% C1; 50% C11),660,0.166,0.141,-0.08,0.065,0.26,0.9,0.5,0.09,0.01,512.48975,1,6.239280710812561,0.5877866649021191,-1.0608719606852628,-0.2076393647782445
7,67553576,Grp. A3 B6 (50% C1; 50% C11),660,0.166,0.141,-0.08,0.065,0.2,0.9,0.8,0.04,0.01,532.7562,1,6.2780639086397745,0.11778303565638346,-1.6094379124341005,-0.2076393647782445
8,234996816,Grp. A3 B6 (50% C1; 50% C11),660,0.166,0.127,-0.055,0.525,0.98,0.8,0.5,0.07,0.01,539.0961,1,6.289893848152101,0.47000362924573563,-2.6390573296152584,2.256065077359153
9,44657318,Grp. A3 B6 (50% C1; 50% C11),660,0.166,0.127,-0.06,0.065,0.1,2.0,1.5,0.1,0.01,556.6442,1,6.321926256646796,0.28768207245178085,0.0,0.08004270767353656
10,46114607,Grp. A3 B6 (50% C1; 50% C11),660,0.166,0.141,-0.075,0.07,0.22,0.6,0.4,0.04,0.01,560.52344,1,6.3288710614415375,0.4054651081081642,-1.7047480922384253,-0.06899287148695131
11,57652748,Grp. A3 B6 (50% C1; 50% C11),660,0.166,0.142,-0.085,0.07,0.26,1.1,0.8,0.09,0.01,565.3575,1,6.337458274411594,0.3184537311185346,-1.0608719606852628,-0.19415601444095737
12,26172361,Grp. A3 B6 (50% C1; 50% C11),660,0.166,0.142,-0.075,0.07,0.14,0.8,0.8,0.01,0.01,565.8733,1,6.33837020155457,0.0,-2.639057329615259,-0.06899287148695131
13,67553070,Grp. A3 B6 (50% C1; 50% C11),660,0.166,0.142,-0.08,0.065,0.2,0.9,0.8,0.04,0.01,566.09863,1,6.33876832097256,0.11778303565638346,-1.6094379124341005,-0.2076393647782445
14,29393265,Grp. A3 B6 (50% C1; 50% C11),660,0.166,0.142,-0.08,0.07,0.14,2.0,1.7,0.09,0.01,585.19336,1,6.371942322533408,0.16251892949777494,-0.44183275227903934,-0.1335313926245225
15,102271557,Grp. A3 B6 (50% C1; 50% C11),660,0.166,0.141,-0.085,0.07,0.44,0.3,0.2,0.03,0.01,589.0439,1,6.378500713981094,0.4054651081081642,-2.6855773452501515,-0.19415601444095737
16,30821833,Grp. A3 B6 (50% C1; 50% C11),660,0.166,0.127,-0.06,0.065,0.16,0.6,0.5,0.02,0.01,591.6124,1,6.382851690725166,0.1823215567939546,-2.0794415416798357,0.08004270767353656
17,107149792,Grp. A3 B6 (50% C1; 50% C11),660,0.166,0.142,-0.085,0.075,0.46,0.2,0.1,0.02,0.01,594.9232,1,6.388432321584402,0.6931471805599453,-3.1354942159291497,-0.12516314295400616
18,42975521,Grp. A3 B6 (50% C1; 50% C11),660,0.166,0.142,-0.075,0.065,0.1,1.4,1.3,0.03,0.01,595.00214,1,6.388565002177818,0.07410797215372183,-1.2039728043259361,-0.1431008436406733
19,26401903,Grp. A3 B6 (50% C1; 50% C11),660,0.166,0.142,-0.07,0.065,0.14,0.9,0.7,0.04,0.01,602.06006,1,6.400357207774241,0.25131442828090617,-1.252762968495368,-0.07410797215372196
20,32501814,Grp. A3 B6 (50% C1; 50% C11),660,0.166,0.141,-0.08,0.065,0.16,1.3,1.1,0.06,0.01,607.3557,1,6.409114616135582,0.16705408466316607,-0.9808292530117262,-0.2076393647782445
21,33891856,Grp. A3 B6 (50% C1; 50% C11),660,0.166,0.141,-0.08,0.075,0.16,1.8,1.5,0.09,0.01,617.0116,1,6.424887824376956,0.1823215567939546,-0.5753641449035618,-0.06453852113757118
22,57172981,Grp. A3 B6 (50% C1; 50% C11),660,0.166,0.142,-0.085,0.075,0.26,0.9,0.8,0.05,0.01,622.8867,1,6.434364640290296,0.11778303565638346,-1.6486586255873816,-0.12516314295400616
23,33889207,Grp. A3 B6 (50% C1; 50% C11),660,0.166,0.142,-0.085,0.075,0.16,1.8,1.7,0.06,0.01,625.1026,1,6.437915796263623,0.05715841383994862,-0.9808292530117262,-0.12516314295400616
24,72464205,Grp. A3 B6 (50% C1; 50% C11),660,0.166,0.142,-0.085,0.075,0.32,0.8,0.5,0.08,0.01,627.736,1,6.442119695917239,0.47000362924573563,-1.3862943611198906,-0.12516314295400616
25,32500940,Grp. A3 B6 (50% C1; 50% C11),660,0.166,0.142,-0.08,0.065,0.16,1.3,1.1,0.06,0.01,637.4135,1,6.457418581551856,0.16705408466316607,-0.9808292530117262,-0.2076393647782445
26,33031122,Grp. A3 B6 (50% C1; 50% C11),660,0.166,0.141,-0.08,0.075,0.16,1.5,1.4,0.05,0.01,637.5151,1,6.4575779630265755,0.06899287148695142,-1.1631508098056809,-0.06453852113757118
27,55584155,Grp. A3 B6 (50% C1; 50% C11),660,0.166,0.127,-0.06,0.065,0.26,0.2,0.1,0.01,0.01,638.4483,1,6.459040701168422,0.6931471805599453,-3.258096538021482,0.08004270767353656
28,197442576,Grp. A3 B6 (50% C1; 50% C11),660,0.166,0.127,-0.055,0.525,0.82,1.1,0.8,0.08,0.01,638.50543,1,6.459130179743402,0.3184537311185346,-2.327277705584417,2.256065077359153
29,17824942,Grp. A3 B6 (50% C1; 50% C11),660,0.166,0.141,-0.075,0.065,0.08,1.5,1.5,0.01,0.01,647.7163,1,6.473452791844114,0.0,-2.0794415416798357,-0.1431008436406733
30,71353883,Grp. A3 B6 (50% C1; 50% C11),660,0.166,0.141,-0.075,0.07,0.32,0.3,0.1,0.03,0.01,655.7413,1,6.485766351407733,1.0986122886681096,-2.367123614131617,-0.06899287148695131
31,42462403,Grp. A3 B6 (50% C1; 50% C11),660,0.166,0.141,-0.075,0.07,0.1,1.2,1.2,0.01,0.01,656.412,1,6.4867886405844795,0.0,-2.302585092994046,-0.06899287148695131
32,76748820,Grp. A3 B6 (50% C1; 50% C11),660,0.166,0.142,-0.085,0.07,0.34,0.4,0.3,0.03,0.01,660.649,1,6.493222685198291,0.287682072451781,-2.427748235948052,-0.19415601444095737
33,69078396,Grp. A3 B6 (50% C1; 50% C11),660,0.166,0.142,-0.085,0.07,0.2,1.5,1.3,0.08,0.01,661.35614,1,6.494292484469181,0.14310084364067324,-0.9162907318741551,-0.19415601444095737
34,51523936,Grp. A3 B6 (50% C1; 50% C11),660,0.166,0.141,-0.08,0.065,0.24,0.7,0.5,0.05,0.01,662.60486,1,6.496178824580822,0.3364722366212129,-1.5686159179138452,-0.2076393647782445
35,72466030,Grp. A3 B6 (50% C1; 50% C11),660,0.166,0.141,-0.085,0.075,0.32,0.8,0.5,0.08,0.01,662.6356,1,6.496225216161721,0.47000362924573563,-1.3862943611198906,-0.12516314295400616
36,44380501,Grp. A3 B6 (50% C1; 50% C11),660,0.166,0.141,-0.075,0.065,0.1,1.9,1.6,0.07,0.01,662.6559,1,6.496255850931508,0.17185025692665903,-0.3566749439387323,-0.1431008436406733
37,107562130,Grp. A3 B6 (50% C1; 50% C11),660,0.166,0.142,-0.09,0.08,0.46,0.4,0.3,0.04,0.01,662.75385,1,6.4964036542808925,0.287682072451781,-2.4423470353692043,-0.11778303565638339
38,69079531,Grp. A3 B6 (50% C1; 50% C11),660,0.166,0.141,-0.085,0.07,0.2,1.5,1.3,0.08,0.01,663.613,1,6.497699148238932,0.14310084364067324,-0.9162907318741551,-0.19415601444095737
39,45889494,Grp. A3 B6 (50% C1; 50% C11),660,0.166,0.141,-0.08,0.07,0.22,0.5,0.5,0.01,0.01,664.44727,1,6.498955522107777,0.0,-3.0910424533583156,-0.1335313926245225
40,28482196,Grp. A3 B6 (50% C1; 50% C11),660,0.166,0.142,-0.08,0.07,0.14,1.7,1.4,0.08,0.01,678.2272,1,6.519482335050681,0.19415601444095756,-0.5596157879354228,-0.1335313926245225
41,102887903,Grp. A3 B6 (50% C1; 50% C11),660,0.166,0.142,-0.09,0.075,0.44,0.6,0.4,0.07,0.01,681.1245,1,6.523745108823346,0.4054651081081642,-1.8382794848629478,-0.1823215567939546
42,43792514,Grp. A3 B6 (50% C1; 50% C11),660,0.166,0.141,-0.08,0.065,0.1,1.7,1.7,0.02,0.01,684.0838,1,6.52808042473813,0.0,-1.6094379124341005,-0.2076393647782445
43,41975903,Grp. A3 B6 (50% C1; 50% C11),660,0.166,0.127,-0.06,0.065,0.1,1.0,0.9,0.02,0.01,690.093,1,6.536826371117641,0.10536051565782635,-1.6094379124341005,0.08004270767353656
44,169679267,Grp. A3 B6 (50% C1; 50% C11),660,0.166,0.141,-0.06,0.53,0.6,1.5,1.2,0.08,0.01,690.44525,1,6.537336679336402,0.22314355131420976,-2.0149030205422647,2.178532444324067
45,77850951,Grp. A3 B6 (50% C1; 50% C11),660,0.166,0.142,-0.09,0.075,0.34,0.9,0.7,0.08,0.01,693.2703,1,6.541419966432836,0.25131442828090617,-1.4469189829363254,-0.1823215567939546
46,87494443,Grp. A3 B6 (50% C1; 50% C11),660,0.166,0.142,-0.09,0.075,0.38,0.6,0.5,0.05,0.01,693.3257,1,6.541499874351263,0.1823215567939546,-2.0281482472922856,-0.1823215567939546
47,57174985,Grp. A3 B6 (50% C1; 50% C11),660,0.166,0.141,-0.085,0.075,0.26,0.9,0.8,0.05,0.01,693.7067,1,6.542049248698369,0.11778303565638346,-1.6486586255873816,-0.12516314295400616
48,22057379,Grp. A3 B6 (50% C1; 50% C11),660,0.166,0.141,-0.075,0.07,0.12,1.2,1.1,0.03,0.01,707.99554,1,6.56243779423885,0.0870113769896297,-1.3862943611198906,-0.06899287148695131
49,17053337,Grp. A3 B6 (50% C1; 50% C11),660,0.166,0.142,-0.07,0.065,0.08,1.2,1.1,0.02,0.01,710.3037,1,6.565692625056789,0.0870113769896297,-1.3862943611198906,-0.07410797215372196
50,57653552,Grp. A3 B6 (50% C1; 50% C11),660,0.166,0.141,-0.085,0.07,0.26,1.1,0.8,0.09,0.01,712.8194,1,6.569228092396784,0.3184537311185346,-1.0608719606852628,-0.19415601444095737
51,44076471,Grp. A3 B6 (50% C1; 50% C11),660,0.166,0.141,-0.08,0.075,0.1,1.8,1.8,0.02,0.01,714.7343,1,6.57191086523889,0.0,-1.6094379124341005,-0.06453852113757118
52,20871948,Grp. A3 B6 (50% C1; 50% C11),660,0.166,0.142,-0.065,0.06,0.12,0.7,0.5,0.03,0.01,727.9691,1,6.590258602240924,0.3364722366212129,-1.3862943611198906,-0.0800427076735365
53,77851280,Grp. A3 B6 (50% C1; 50% C11),660,0.166,0.141,-0.09,0.075,0.34,0.9,0.7,0.08,0.01,740.0597,1,6.606730858619784,0.25131442828090617,-1.4469189829363254,-0.1823215567939546
54,27126433,Grp. A3 B6 (50% C1; 50% C11),660,0.166,0.127,-0.06,0.065,0.14,1.2,1.0,0.05,0.01,741.8635,1,6.609165263980096,0.1823215567939546,-1.0296194171811581,0.08004270767353656
55,157532201,Grp. A3 B6 (50% C1; 50% C11),660,0.166,0.142,-0.085,0.165,0.66,0.4,0.2,0.05,0.01,745.84735,1,6.6145209546003985,0.6931471805599453,-2.580216829592325,0.6632942174102642
56,61223136,Grp. A3 B6 (50% C1; 50% C11),660,0.166,0.142,-0.085,0.075,0.28,0.4,0.4,0.01,0.01,748.3745,1,6.617903521131045,0.0,-3.332204510175204,-0.12516314295400616
57,87494605,Grp. A3 B6 (50% C1; 50% C11),660,0.166,0.141,-0.09,0.075,0.38,0.6,0.5,0.05,0.01,757.854,1,6.630490754953069,0.1823215567939546,-2.0281482472922856,-0.1823215567939546
58,35719154,Grp. A3 B6 (50% C1; 50% C11),660,0.166,0.142,-0.07,0.065,0.18,0.5,0.2,0.04,0.01,764.31335,1,6.638977849059527,0.9162907318741551,-1.504077396776274,-0.07410797215372196
59,92898525,Grp. A3 B6 (50% C1; 50% C11),660,0.166,0.142,-0.08,0.07,0.3,0.7,0.2,0.09,0.01,772.82684,1,6.650055013144067,1.2527629684953678,-1.2039728043259361,-0.1335313926245225
60,212031573,Grp. A3 B6 (50% C1; 50% C11),660,0.166,0.127,-0.06,0.565,0.88,1.2,1.0,0.08,0.01,774.1716,1,6.651793554443068,0.1823215567939546,-2.3978952727983707,2.24248116892434
61,107763276,Grp. A3 B6 (50% C1; 50% C11),660,0.166,0.142,-0.085,0.07,0.46,0.5,0.1,0.08,0.01,775.06354,1,6.652945013089363,1.6094379124341003,-1.749199854809259,-0.19415601444095737
62,62593457,Grp. A3 B6 (50% C1; 50% C11),660,0.166,0.142,-0.09,0.075,0.28,1.0,0.9,0.06,0.01,775.9721,1,6.654116565928625,0.10536051565782635,-1.540445040947149,-0.1823215567939546
63,56258946,Grp. A3 B6 (50% C1; 50% C11),660,0.166,0.142,-0.08,0.065,0.26,0.5,0.3,0.04,0.01,776.4488,1,6.65473070351848,0.5108256237659907,-1.8718021769015913,-0.2076393647782445
64,70262269,Grp. A3 B6 (50% C1; 50% C11),660,0.166,0.142,-0.09,0.075,0.2,1.9,1.8,0.08,0.01,778.85474,1,6.657824558649968,0.05406722127027579,-0.9162907318741551,-0.1823215567939546
65,217728527,Grp. A3 B6 (50% C1; 50% C11),660,0.166,0.127,-0.06,0.565,0.8,1.5,1.3,0.09,0.01,792.28986,1,6.674927309706792,0.14310084364067324,-2.1848020573376625,2.24248116892434
66,18091176,Grp. A3 B6 (50% C1; 50% C11),660,0.166,0.142,-0.08,0.065,0.08,1.6,1.6,0.01,0.01,793.57196,1,6.67654422268516,0.0,-2.0794415416798357,-0.2076393647782445
67,205799402,Grp. A3 B6 (50% C1; 50% C11),660,0.166,0.127,-0.08,0.165,0.86,0.4,0.1,0.07,0.01,794.3093,1,6.677472931993054,1.3862943611198906,-2.5084371471981943,0.723918839226699
68,44381170,Grp. A3 B6 (50% C1; 50% C11),660,0.166,0.142,-0.075,0.065,0.1,1.9,1.6,0.07,0.01,798.1462,1,6.682291788689319,0.17185025692665903,-0.3566749439387323,-0.1431008436406733
69,23696890,Grp. A3 B6 (50% C1; 50% C11),660,0.166,0.142,-0.075,0.065,0.12,1.8,1.4,0.09,0.01,801.2829,1,6.6862140682343405,0.25131442828090617,-0.2876820724517809,-0.1431008436406733
70,81693017,Grp. A3 B6 (50% C1; 50% C11),660,0.166,0.142,-0.09,0.075,0.36,0.3,0.3,0.01,0.01,808.8473,1,6.695610147697559,0.0,-3.58351893845611,-0.1823215567939546
71,37629308,Grp. A3 B6 (50% C1; 50% C11),660,0.166,0.141,-0.085,0.07,0.18,1.3,1.2,0.05,0.01,813.5296,1,6.7013823119836164,0.08004270767353656,-1.2809338454620642,-0.19415601444095737
72,229776557,Grp. A3 B6 (50% C1; 50% C11),660,0.166,0.127,-0.055,0.525,0.96,0.5,0.3,0.04,0.01,814.8371,1,6.70298821596212,0.5108256237659907,-3.1780538303479453,2.256065077359153
73,102059546,Grp. A3 B6 (50% C1; 50% C11),660,0.166,0.141,-0.08,0.07,0.44,0.2,0.1,0.02,0.01,816.4364,1,6.704949015929025,0.6931471805599453,-3.0910424533583156,-0.1335313926245225
74,17054179,Grp. A3 B6 (50% C1; 50% C11),660,0.166,0.127,-0.06,0.065,0.08,1.2,0.6,0.08,0.01,817.52124,1,6.706276884085267,0.6931471805599453,0.0,0.08004270767353656
75,13422349,Grp. A3 B6 (50% C1; 50% C11),660,0.166,0.127,-0.06,0.065,0.06,1.7,1.6,0.02,0.01,817.7569,1,6.706565104169505,0.06062462181643484,-1.0986122886681096,0.08004270767353656
76,28487733,Grp. A3 B6 (50% C1; 50% C11),660,0.166,0.141,-0.08,0.07,0.14,1.7,1.4,0.08,0.01,818.47,1,6.707436743726523,0.19415601444095756,-0.5596157879354228,-0.1335313926245225
77,31514186,Grp. A3 B6 (50% C1; 50% C11),660,0.166,0.142,-0.08,0.07,0.16,0.9,0.8,0.03,0.01,818.542,1,6.707524708872834,0.11778303565638346,-1.6739764335716716,-0.1335313926245225
78,51294046,Grp. A3 B6 (50% C1; 50% C11),660,0.166,0.141,-0.08,0.075,0.24,0.6,0.5,0.03,0.01,819.95575,1,6.709250375387587,0.1823215567939546,-2.0794415416798357,-0.06453852113757118
79,51068216,Grp. A3 B6 (50% C1; 50% C11),660,0.166,0.141,-0.085,0.075,0.24,0.5,0.5,0.01,0.01,823.55707,1,6.713632848977216,0.0,-3.1780538303479453,-0.12516314295400616
80,119195908,Grp. A3 B6 (50% C1; 50% C11),660,0.166,0.142,-0.085,0.165,0.4,1.1,0.9,0.08,0.01,832.5057,1,6.724440068678006,0.20067069546215124,-1.6094379124341005,0.6632942174102642
81,62593811,Grp. A3 B6 (50% C1; 50% C11),660,0.166,0.141,-0.09,0.075,0.28,1.0,0.9,0.06,0.01,835.5326,1,6.72806936582601,0.10536051565782635,-1.540445040947149,-0.1823215567939546
82,23119028,Grp. A3 B6 (50% C1; 50% C11),660,0.166,0.141,-0.08,0.07,0.12,1.6,1.5,0.04,0.01,838.9391,1,6.7321381174202894,0.06453852113757116,-1.0986122886681096,-0.1335313926245225
83,177999283,Grp. A3 B6 (50% C1; 50% C11),660,0.166,0.127,-0.055,0.525,0.74,1.0,0.8,0.06,0.01,842.53864,1,6.736419524676302,0.22314355131420976,-2.512305623976115,2.256065077359153
84,33893938,Grp. A3 B6 (50% C1; 50% C11),660,0.166,0.141,-0.085,0.075,0.16,1.8,1.7,0.06,0.01,843.2068,1,6.737212242270709,0.05715841383994862,-0.9808292530117262,-0.12516314295400616
85,43508468,Grp. A3 B6 (50% C1; 50% C11),660,0.166,0.142,-0.075,0.07,0.1,1.6,1.0,0.1,0.01,844.1159,1,6.738289807442998,0.47000362924573563,0.0,-0.06899287148695131
86,25943582,Grp. A3 B6 (50% C1; 50% C11),660,0.166,0.141,-0.075,0.065,0.14,0.7,0.6,0.02,0.01,846.29144,1,6.740863792008341,0.15415067982725836,-1.9459101490553135,-0.1431008436406733
87,36173385,Grp. A3 B6 (50% C1; 50% C11),660,0.166,0.141,-0.085,0.07,0.18,0.7,0.7,0.01,0.01,846.96014,1,6.741653633332173,0.0,-2.8903717578961645,-0.19415601444095737
88,31993693,Grp. A3 B6 (50% C1; 50% C11),660,0.166,0.142,-0.085,0.075,0.16,1.1,1.1,0.02,0.01,848.2993,1,6.743233521633577,0.0,-2.0794415416798357,-0.12516314295400616
89,18076681,Grp. A3 B6 (50% C1; 50% C11),660,0.166,0.127,-0.06,0.065,0.08,1.6,1.4,0.04,0.01,852.10376,1,6.747708303451801,0.13353139262452277,-0.6931471805599453,0.08004270767353656
90,56259097,Grp. A3 B6 (50% C1; 50% C11),660,0.166,0.141,-0.08,0.065,0.26,0.5,0.3,0.04,0.01,853.1801,1,6.748970662368319,0.5108256237659907,-1.8718021769015913,-0.2076393647782445
91,82128481,Grp. A3 B6 (50% C1; 50% C11),660,0.166,0.141,-0.08,0.075,0.36,0.5,0.3,0.05,0.01,854.30286,1,6.750285767922073,0.5108256237659907,-1.9740810260220096,-0.06453852113757118
92,56258930,Grp. A3 B6 (50% C1; 50% C11),660,0.166,0.142,-0.08,0.065,0.26,0.5,0.2,0.05,0.01,858.6356,1,6.755344617777395,0.9162907318741551,-1.6486586255873816,-0.2076393647782445
93,206559028,Grp. A3 B6 (50% C1; 50% C11),660,0.166,0.127,-0.055,0.525,0.86,0.9,0.6,0.07,0.01,864.0581,1,6.761640011913557,0.4054651081081644,-2.5084371471981943,2.256065077359153
94,61447541,Grp. A3 B6 (50% C1; 50% C11),660,0.166,0.142,-0.085,0.07,0.28,0.5,0.4,0.03,0.01,868.8283,1,6.767145522313986,0.22314355131420976,-2.2335922215070942,-0.19415601444095737
95,133136426,Grp. A3 B6 (50% C1; 50% C11),660,0.166,0.141,-0.09,0.175,0.56,0.6,0.5,0.05,0.01,873.522,1,6.772533315290148,0.1823215567939546,-2.4159137783010487,0.664976303593249
96,21571565,Grp. A3 B6 (50% C1; 50% C11),660,0.166,0.142,-0.08,0.065,0.12,1.0,1.0,0.01,0.01,873.9001,1,6.77296606706306,0.0,-2.4849066497880004,-0.2076393647782445
97,36405084,Grp. A3 B6 (50% C1; 50% C11),660,0.166,0.141,-0.08,0.07,0.18,0.8,0.7,0.03,0.01,874.1382,1,6.773238486725115,0.13353139262452277,-1.791759469228055,-0.1335313926245225
98,11914416,Grp. A3 B6 (50% C1; 50% C11),660,0.166,0.127,-0.06,0.065,0.06,1.1,1.0,0.01,0.01,875.49896,1,6.774793963832568,0.09531017980432493,-1.791759469228055,0.08004270767353656
99,30823741,Grp. A3 B6 (50% C1; 50% C11),660,0.166,0.141,-0.075,0.065,0.16,0.6,0.5,0.02,0.01,875.57574,1,6.774881658549474,0.1823215567939546,-2.0794415416798357,-0.1431008436406733
0,28180312,Grp. A3 B6 (50% C1; 50% C11),668,0.166,0.127,-0.06,0.065,0.14,1.6,1.4,0.06,0.01,332.35913,1,5.806216101149835,0.13353139262452277,-0.8472978603872038,0.08004270767353656
1,32748659,Grp. A3 B6 (50% C1; 50% C11),668,0.166,0.127,-0.06,0.065,0.16,1.4,1.2,0.06,0.01,332.59253,1,5.806918107095908,0.15415067982725836,-0.9808292530117262,0.08004270767353656
2,67546923,Grp. A3 B6 (50% C1; 50% C11),668,0.166,0.127,-0.06,0.065,0.2,0.9,0.7,0.05,0.01,348.17685,1,5.852710540345015,0.25131442828090617,-1.3862943611198906,0.08004270767353656
3,112220841,Grp. A3 B6 (50% C1; 50% C11),668,0.166,0.141,-0.075,0.07,0.48,0.2,0.1,0.02,0.01,364.19763,1,5.897696659858825,0.6931471805599453,-3.1780538303479453,-0.06899287148695131
4,71353589,Grp. A3 B6 (50% C1; 50% C11),668,0.166,0.142,-0.07,0.065,0.32,0.3,0.2,0.02,0.01,367.4625,1,5.906621272630047,0.4054651081081642,-2.772588722239781,-0.07410797215372196
5,36871139,Grp. A3 B6 (50% C1; 50% C11),668,0.166,0.127,-0.06,0.065,0.18,1.0,0.8,0.05,0.01,369.90048,1,5.913233996485579,0.22314355131420976,-1.2809338454620642,0.08004270767353656
6,23380478,Grp. A3 B6 (50% C1; 50% C11),668,0.166,0.127,-0.06,0.065,0.12,1.7,1.6,0.04,0.01,381.82297,1,5.944957071870649,0.06062462181643484,-1.0986122886681096,0.08004270767353656
7,72020789,Grp. A3 B6 (50% C1; 50% C11),668,0.166,0.141,-0.08,0.065,0.32,0.6,0.5,0.04,0.01,406.18668,1,6.006812856880411,0.1823215567939546,-2.0794415416798357,-0.2076393647782445
8,56033426,Grp. A3 B6 (50% C1; 50% C11),668,0.166,0.127,-0.06,0.065,0.26,0.4,0.3,0.02,0.01,420.87363,1,6.042332622352686,0.287682072451781,-2.5649493574615367,0.08004270767353656
9,112626739,Grp. A3 B6 (50% C1; 50% C11),668,0.166,0.141,-0.085,0.07,0.48,0.4,0.3,0.04,0.01,421.31558,1,6.043382149074994,0.287682072451781,-2.4849066497880004,-0.19415601444095737
10,22826166,Grp. A3 B6 (50% C1; 50% C11),668,0.166,0.127,-0.06,0.065,0.12,1.5,1.3,0.05,0.01,427.22305,1,6.057306242182922,0.14310084364067324,-0.8754687373538999,0.08004270767353656
11,30822220,Grp. A3 B6 (50% C1; 50% C11),668,0.166,0.142,-0.065,0.06,0.16,0.6,0.5,0.02,0.01,461.9209,1,6.135393664302058,0.1823215567939546,-2.0794415416798357,-0.0800427076735365
12,37124013,Grp. A3 B6 (50% C1; 50% C11),668,0.166,0.141,-0.075,0.065,0.18,1.1,1.0,0.04,0.01,463.58252,1,6.138984405836715,0.09531017980432493,-1.504077396776274,-0.1431008436406733
13,112426576,Grp. A3 B6 (50% C1; 50% C11),668,0.166,0.141,-0.08,0.07,0.48,0.3,0.2,0.03,0.01,464.56735,1,6.141106542361058,0.4054651081081642,-2.772588722239781,-0.1335313926245225
14,51067128,Grp. A3 B6 (50% C1; 50% C11),668,0.166,0.127,-0.06,0.065,0.24,0.5,0.5,0.01,0.01,479.77026,1,6.1733073643244305,0.0,-3.1780538303479453,0.08004270767353656
15,137936125,Grp. A3 B6 (50% C1; 50% C11),668,0.166,0.142,-0.09,0.08,0.58,0.5,0.3,0.07,0.01,480.96924,1,6.175803317956916,0.5108256237659907,-2.114532861491106,-0.11778303565638339
16,44059350,Grp. A3 B6 (50% C1; 50% C11),668,0.166,0.127,-0.06,0.065,0.1,1.8,1.6,0.05,0.01,488.07385,1,6.1904667263708335,0.11778303565638346,-0.6931471805599453,0.08004270767353656
17,43494565,Grp. A3 B6 (50% C1; 50% C11),668,0.166,0.127,-0.06,0.065,0.1,1.6,1.5,0.03,0.01,519.34894,1,6.252575988658933,0.06453852113757116,-1.2039728043259361,0.08004270767353656
18,72020504,Grp. A3 B6 (50% C1; 50% C11),668,0.166,0.142,-0.08,0.065,0.32,0.6,0.5,0.04,0.01,528.117,1,6.269317850067713,0.1823215567939546,-2.0794415416798357,-0.2076393647782445
19,31281857,Grp. A3 B6 (50% C1; 50% C11),668,0.166,0.142,-0.075,0.065,0.16,0.8,0.8,0.01,0.01,529.029,1,6.271043250771594,0.0,-2.772588722239781,-0.1431008436406733
20,172628874,Grp. A3 B6 (50% C1; 50% C11),668,0.166,0.127,-0.08,0.165,0.72,0.7,0.6,0.07,0.01,531.1713,1,6.275084568088168,0.15415067982725836,-2.330755969960742,0.723918839226699
21,19223659,Grp. A3 B6 (50% C1; 50% C11),668,0.166,0.127,-0.06,0.065,0.08,2.0,1.7,0.06,0.01,533.01166,1,6.278543300099172,0.16251892949777494,-0.2876820724517809,0.08004270767353656
22,92675196,Grp. A3 B6 (50% C1; 50% C11),668,0.166,0.142,-0.075,0.065,0.3,0.6,0.4,0.05,0.01,536.7479,1,6.285528524315279,0.4054651081081642,-1.791759469228055,-0.1431008436406733
23,82560988,Grp. A3 B6 (50% C1; 50% C11),668,0.166,0.142,-0.085,0.075,0.36,0.7,0.6,0.05,0.01,543.31836,1,6.297695446470753,0.15415067982725836,-1.9740810260220096,-0.12516314295400616
24,81911546,Grp. A3 B6 (50% C1; 50% C11),668,0.166,0.142,-0.08,0.065,0.36,0.4,0.3,0.03,0.01,550.8719,1,6.31150229573538,0.287682072451781,-2.4849066497880004,-0.2076393647782445
25,18634249,Grp. A3 B6 (50% C1; 50% C11),668,0.166,0.127,-0.06,0.065,0.08,1.8,1.8,0.01,0.01,553.7594,1,6.316730296384569,0.0,-2.0794415416798357,0.08004270767353656
26,31277223,Grp. A3 B6 (50% C1; 50% C11),668,0.166,0.127,-0.06,0.065,0.16,0.8,0.5,0.05,0.01,562.2112,1,6.331877580010033,0.47000362924573563,-1.1631508098056809,0.08004270767353656
27,117508531,Grp. A3 B6 (50% C1; 50% C11),668,0.166,0.142,-0.085,0.075,0.4,0.3,0.3,0.01,0.01,563.6008,1,6.334346199469934,0.0,-3.6888794541139363,-0.12516314295400616
28,32244047,Grp. A3 B6 (50% C1; 50% C11),668,0.166,0.142,-0.08,0.07,0.16,1.2,1.2,0.02,0.01,570.3686,1,6.34628281849647,0.0,-2.0794415416798357,-0.1335313926245225
29,56259263,Grp. A3 B6 (50% C1; 50% C11),668,0.166,0.141,-0.08,0.07,0.26,0.5,0.5,0.01,0.01,572.37164,1,6.349788500682676,0.0,-3.258096538021482,-0.1335313926245225
30,26169852,Grp. A3 B6 (50% C1; 50% C11),668,0.166,0.127,-0.06,0.065,0.14,0.8,0.7,0.02,0.01,573.76807,1,6.352225255432189,0.13353139262452277,-1.9459101490553135,0.08004270767353656
31,42961188,Grp. A3 B6 (50% C1; 50% C11),668,0.166,0.127,-0.06,0.065,0.1,1.4,1.4,0.01,0.01,576.137,1,6.356345479636947,0.0,-2.302585092994046,0.08004270767353656
32,46113313,Grp. A3 B6 (50% C1; 50% C11),668,0.166,0.127,-0.06,0.065,0.22,0.6,0.3,0.05,0.01,576.76276,1,6.357431020779656,0.6931471805599453,-1.4816045409242153,0.08004270767353656
33,36400265,Grp. A3 B6 (50% C1; 50% C11),668,0.166,0.127,-0.06,0.065,0.18,0.8,0.1,0.1,0.01,582.56244,1,6.36743637282813,2.0794415416798357,-0.587786664902119,0.08004270767353656
34,29056530,Grp. A3 B6 (50% C1; 50% C11),668,0.166,0.127,-0.06,0.065,0.14,1.9,1.5,0.1,0.01,595.8696,1,6.390021851180592,0.23638877806423034,-0.3364722366212129,0.08004270767353656
35,73646359,Grp. A3 B6 (50% C1; 50% C11),668,0.166,0.142,-0.09,0.08,0.32,1.3,1.2,0.08,0.01,596.29315,1,6.390732408556789,0.08004270767353656,-1.3862943611198906,-0.11778303565638339
36,82562487,Grp. A3 B6 (50% C1; 50% C11),668,0.166,0.141,-0.085,0.075,0.36,0.7,0.6,0.05,0.01,598.006,1,6.393600787345113,0.15415067982725836,-1.9740810260220096,-0.12516314295400616
37,14275152,Grp. A3 B6 (50% C1; 50% C11),668,0.166,0.127,-0.06,0.065,0.06,2.0,1.9,0.02,0.01,602.9359,1,6.401810889252534,0.05129329438755048,-1.0986122886681096,0.08004270767353656
38,182414670,Grp. A3 B6 (50% C1; 50% C11),668,0.166,0.127,-0.08,0.165,0.76,0.8,0.6,0.1,0.01,610.2562,1,6.413878868992045,0.287682072451781,-2.0281482472922856,0.723918839226699
39,46804187,Grp. A3 B6 (50% C1; 50% C11),668,0.166,0.127,-0.06,0.065,0.22,0.9,0.5,0.08,0.01,610.5844,1,6.414416531333724,0.5877866649021191,-1.0116009116784799,0.08004270767353656
40,27649854,Grp. A3 B6 (50% C1; 50% C11),668,0.166,0.142,-0.08,0.07,0.14,1.4,1.4,0.02,0.01,619.06024,1,6.4282025862047325,0.0,-1.9459101490553135,-0.1335313926245225
41,210573359,Grp. A3 B6 (50% C1; 50% C11),668,0.166,0.127,-0.08,0.165,0.88,0.4,0.2,0.06,0.01,619.6585,1,6.429168519837925,0.6931471805599453,-2.6855773452501515,0.723918839226699
42,46115641,Grp. A3 B6 (50% C1; 50% C11),668,0.166,0.141,-0.08,0.065,0.22,0.6,0.6,0.01,0.01,623.909,1,6.43600452440138,0.0,-3.0910424533583156,-0.2076393647782445
43,18082850,Grp. A3 B6 (50% C1; 50% C11),668,0.166,0.141,-0.065,0.06,0.08,1.6,1.4,0.04,0.01,625.13904,1,6.437974088994955,0.13353139262452277,-0.6931471805599453,-0.0800427076735365
44,92675063,Grp. A3 B6 (50% C1; 50% C11),668,0.166,0.141,-0.075,0.065,0.3,0.6,0.4,0.05,0.01,628.0726,1,6.4426557648819855,0.4054651081081642,-1.791759469228055,-0.1431008436406733
45,37892582,Grp. A3 B6 (50% C1; 50% C11),668,0.166,0.141,-0.085,0.07,0.18,1.4,1.4,0.03,0.01,644.5289,1,6.468519662335902,0.0,-1.791759469228055,-0.19415601444095737
46,51755613,Grp. A3 B6 (50% C1; 50% C11),668,0.166,0.141,-0.085,0.07,0.24,0.8,0.8,0.02,0.01,645.05304,1,6.469332545973001,0.0,-2.4849066497880004,-0.19415601444095737
47,48613411,Grp. A3 B6 (50% C1; 50% C11),668,0.166,0.142,-0.085,0.07,0.22,1.6,1.5,0.07,0.01,646.2043,1,6.471115707654857,0.06453852113757116,-1.1451323043030024,-0.19415601444095737
48,67553079,Grp. A3 B6 (50% C1; 50% C11),668,0.166,0.142,-0.08,0.065,0.2,0.9,0.9,0.02,0.01,647.7591,1,6.473518867973411,0.0,-2.302585092994046,-0.2076393647782445
49,163216323,Grp. A3 B6 (50% C1; 50% C11),668,0.166,0.127,-0.08,0.165,0.68,0.9,0.7,0.1,0.01,650.1434,1,6.4771929539423025,0.25131442828090617,-1.916922612182061,0.723918839226699
50,102271176,Grp. A3 B6 (50% C1; 50% C11),668,0.166,0.141,-0.09,0.08,0.44,0.3,0.3,0.01,0.01,652.32056,1,6.4805360975449435,0.0,-3.784189633918261,-0.11778303565638339
51,44684561,Grp. A3 B6 (50% C1; 50% C11),668,0.166,0.141,-0.08,0.065,0.1,2.0,2.0,0.02,0.01,654.6218,1,6.484057664292878,0.0,-1.6094379124341005,-0.2076393647782445
52,67086416,Grp. A3 B6 (50% C1; 50% C11),668,0.166,0.141,-0.08,0.07,0.2,0.7,0.7,0.01,0.01,656.2949,1,6.4866102306129765,0.0,-2.9957322735539913,-0.1335313926245225
53,71576743,Grp. A3 B6 (50% C1; 50% C11),668,0.166,0.142,-0.085,0.07,0.32,0.4,0.4,0.01,0.01,656.53955,1,6.48698293564495,0.0,-3.4657359027997265,-0.19415601444095737
54,66630686,Grp. A3 B6 (50% C1; 50% C11),668,0.166,0.127,-0.06,0.065,0.2,0.5,0.3,0.03,0.01,657.92554,1,6.489091763827893,0.5108256237659907,-1.8971199848858813,0.08004270767353656
55,92227455,Grp. A3 B6 (50% C1; 50% C11),668,0.166,0.141,-0.08,0.065,0.3,0.4,0.4,0.01,0.01,658.3508,1,6.489737919960724,0.0,-3.4011973816621555,-0.2076393647782445
56,62357131,Grp. A3 B6 (50% C1; 50% C11),668,0.166,0.142,-0.08,0.065,0.28,0.9,0.6,0.08,0.01,658.36316,1,6.489756693969926,0.4054651081081644,-1.252762968495368,-0.2076393647782445
57,18634194,Grp. A3 B6 (50% C1; 50% C11),668,0.166,0.127,-0.06,0.065,0.08,1.8,1.4,0.07,0.01,659.43994,1,6.491390899018676,0.25131442828090617,-0.1335313926245225,0.08004270767353656
58,33314415,Grp. A3 B6 (50% C1; 50% C11),668,0.166,0.141,-0.085,0.07,0.16,1.6,1.6,0.03,0.01,659.4531,1,6.491410855147947,0.0,-1.6739764335716716,-0.19415601444095737
59,210693372,Grp. A3 B6 (50% C1; 50% C11),668,0.166,0.127,-0.085,0.175,0.88,0.5,0.4,0.06,0.01,661.2247,1,6.494093721570978,0.22314355131420976,-2.6855773452501515,0.7221347174331975
60,72921611,Grp. A3 B6 (50% C1; 50% C11),668,0.166,0.142,-0.085,0.07,0.32,1.0,0.8,0.08,0.01,661.60223,1,6.494664514320488,0.22314355131420976,-1.3862943611198906,-0.19415601444095737
61,36173654,Grp. A3 B6 (50% C1; 50% C11),668,0.166,0.141,-0.075,0.065,0.18,0.7,0.7,0.01,0.01,664.65295,1,6.499265024729998,0.0,-2.8903717578961645,-0.1431008436406733
62,92227135,Grp. A3 B6 (50% C1; 50% C11),668,0.166,0.142,-0.08,0.07,0.3,0.4,0.4,0.01,0.01,665.18427,1,6.5000641000157255,0.0,-3.4011973816621555,-0.1335313926245225
63,93566400,Grp. A3 B6 (50% C1; 50% C11),668,0.166,0.127,-0.08,0.165,0.3,1.0,1.0,0.01,0.01,665.2448,1,6.500155093216952,0.0,-3.4011973816621555,0.723918839226699
64,239667087,Grp. A3 B6 (50% C1; 50% C11),668,0.166,0.127,-0.05,0.485,0.9,0.7,0.5,0.05,0.01,665.5547,1,6.500620828296657,0.3364722366212129,-2.8903717578961645,2.272125885509337
65,67553585,Grp. A3 B6 (50% C1; 50% C11),668,0.166,0.141,-0.08,0.065,0.2,0.9,0.9,0.02,0.01,669.71826,1,6.506857116484269,0.0,-2.302585092994046,-0.2076393647782445
66,186619430,Grp. A3 B6 (50% C1; 50% C11),668,0.166,0.141,-0.095,0.135,0.78,0.4,0.3,0.05,0.01,674.4181,1,6.513850244998906,0.287682072451781,-2.747270914255491,0.3513978868378886
67,92674821,Grp. A3 B6 (50% C1; 50% C11),668,0.166,0.141,-0.085,0.07,0.3,0.6,0.6,0.02,0.01,675.0844,1,6.514837720093088,0.0,-2.70805020110221,-0.19415601444095737
68,177613877,Grp. A3 B6 (50% C1; 50% C11),668,0.166,0.127,-0.085,0.175,0.74,0.8,0.7,0.08,0.01,676.4931,1,6.5169222480022855,0.13353139262452277,-2.2246235515243336,0.7221347174331975
69,38733260,Grp. A3 B6 (50% C1; 50% C11),668,0.166,0.141,-0.08,0.07,0.18,1.7,1.6,0.06,0.01,677.39075,1,6.518248285138387,0.06062462181643484,-1.0986122886681098,-0.1335313926245225
70,67783813,Grp. A3 B6 (50% C1; 50% C11),668,0.166,0.127,-0.06,0.065,0.2,1.0,0.9,0.04,0.01,679.40265,1,6.521213956219318,0.10536051565782635,-1.6094379124341005,0.08004270767353656
71,161186257,Grp. A3 B6 (50% C1; 50% C11),668,0.166,0.127,-0.055,0.525,0.66,1.9,1.7,0.09,0.01,683.89606,1,6.527805947011275,0.1112256351102244,-1.9924301646902063,2.256065077359153
72,148233094,Grp. A3 B6 (50% C1; 50% C11),668,0.166,0.141,-0.095,0.13,0.62,0.7,0.6,0.07,0.01,685.1448,1,6.529630202784484,0.15415067982725836,-2.181224235989778,0.3136575588550416
73,112626353,Grp. A3 B6 (50% C1; 50% C11),668,0.166,0.141,-0.095,0.085,0.48,0.4,0.4,0.02,0.01,685.35406,1,6.5299355806402914,0.0,-3.1780538303479453,-0.11122563511022437
74,76528726,Grp. A3 B6 (50% C1; 50% C11),668,0.166,0.141,-0.075,0.07,0.34,0.3,0.2,0.02,0.01,686.5335,1,6.531655022269432,0.4054651081081642,-2.833213344056216,-0.06899287148695131
75,62359624,Grp. A3 B6 (50% C1; 50% C11),668,0.166,0.141,-0.09,0.075,0.28,0.9,0.9,0.03,0.01,687.94324,1,6.533706334530032,0.0,-2.2335922215070942,-0.1823215567939546
76,31047945,Grp. A3 B6 (50% C1; 50% C11),668,0.166,0.127,-0.06,0.065,0.16,0.7,0.6,0.02,0.01,690.68207,1,6.537679616586128,0.15415067982725836,-2.0794415416798357,0.08004270767353656
77,142970133,Grp. A3 B6 (50% C1; 50% C11),668,0.166,0.127,-0.08,0.165,0.5,0.5,0.5,0.01,0.01,692.30316,1,6.540023952168724,0.0,-3.912023005428146,0.723918839226699
78,193218040,Grp. A3 B6 (50% C1; 50% C11),668,0.166,0.127,-0.05,0.485,0.7,1.3,1.0,0.08,0.01,693.784,1,6.542160672868751,0.26236426446749106,-2.169053700369523,2.272125885509337
79,102878190,Grp. A3 B6 (50% C1; 50% C11),668,0.166,0.127,-0.08,0.165,0.44,0.6,0.6,0.01,0.01,698.8111,1,6.549380462506957,0.0,-3.784189633918261,0.723918839226699
80,42975094,Grp. A3 B6 (50% C1; 50% C11),668,0.166,0.141,-0.075,0.065,0.1,1.4,1.4,0.01,0.01,700.94696,1,6.552432220833887,0.0,-2.302585092994046,-0.1431008436406733
81,37120171,Grp. A3 B6 (50% C1; 50% C11),668,0.166,0.141,-0.08,0.075,0.18,1.1,1.1,0.02,0.01,701.09436,1,6.552642485679067,0.0,-2.197224577336219,-0.06453852113757118
82,61446676,Grp. A3 B6 (50% C1; 50% C11),668,0.166,0.142,-0.085,0.075,0.28,0.5,0.5,0.01,0.01,702.1874,1,6.554200319967533,0.0,-3.332204510175204,-0.12516314295400616
83,87278461,Grp. A3 B6 (50% C1; 50% C11),668,0.166,0.141,-0.09,0.08,0.38,0.5,0.5,0.02,0.01,703.27747,1,6.555751508107264,0.0,-2.9444389791664407,-0.11778303565638339
84,33309725,Grp. A3 B6 (50% C1; 50% C11),668,0.166,0.142,-0.08,0.07,0.16,1.6,1.5,0.05,0.01,707.0167,1,6.5610542865511245,0.06453852113757116,-1.1631508098056809,-0.1335313926245225
85,57409111,Grp. A3 B6 (50% C1; 50% C11),668,0.166,0.142,-0.09,0.08,0.26,1.0,1.0,0.03,0.01,707.1148,1,6.561193028952602,0.0,-2.1594842493533726,-0.11778303565638339
86,137581527,Grp. A3 B6 (50% C1; 50% C11),668,0.166,0.141,-0.095,0.13,0.58,0.3,0.3,0.01,0.01,707.1169,1,6.561195998762995,0.0,-4.060443010546419,0.3136575588550416
87,137757579,Grp. A3 B6 (50% C1; 50% C11),668,0.166,0.127,-0.08,0.165,0.58,0.4,0.4,0.01,0.01,708.86554,1,6.563665861156096,0.0,-4.060443010546419,0.723918839226699
88,45441055,Grp. A3 B6 (50% C1; 50% C11),668,0.166,0.127,-0.06,0.065,0.22,0.3,0.1,0.02,0.01,710.24194,1,6.565605672553047,1.0986122886681096,-2.3978952727983707,0.08004270767353656
89,36173788,Grp. A3 B6 (50% C1; 50% C11),668,0.166,0.142,-0.075,0.065,0.18,0.7,0.7,0.01,0.01,711.7407,1,6.5677136596871115,0.0,-2.8903717578961645,-0.1431008436406733
90,46808340,Grp. A3 B6 (50% C1; 50% C11),668,0.166,0.142,-0.085,0.075,0.22,0.9,0.9,0.02,0.01,711.8311,1,6.5678406641699505,0.0,-2.3978952727983707,-0.12516314295400616
91,52943806,Grp. A3 B6 (50% C1; 50% C11),668,0.166,0.127,-0.08,0.165,0.24,1.3,1.3,0.01,0.01,712.4062,1,6.5686482543534925,0.0,-3.1780538303479453,0.723918839226699
92,120793052,Grp. A3 B6 (50% C1; 50% C11),668,0.166,0.127,-0.08,0.165,0.4,1.7,1.6,0.09,0.01,712.60016,1,6.568920477701601,0.06062462181643484,-1.491654876777717,0.723918839226699
93,72021501,Grp. A3 B6 (50% C1; 50% C11),668,0.166,0.142,-0.09,0.075,0.32,0.6,0.6,0.02,0.01,713.2303,1,6.569804369663098,0.0,-2.772588722239781,-0.1823215567939546
94,19223691,Grp. A3 B6 (50% C1; 50% C11),668,0.166,0.127,-0.06,0.065,0.08,2.0,1.9,0.03,0.01,713.4791,1,6.570153144266422,0.05129329438755048,-0.9808292530117262,0.08004270767353656
95,133145789,Grp. A3 B6 (50% C1; 50% C11),668,0.166,0.141,-0.09,0.08,0.56,0.6,0.4,0.08,0.01,713.54175,1,6.5702409495707945,0.4054651081081642,-1.9459101490553135,-0.11778303565638339
96,31514192,Grp. A3 B6 (50% C1; 50% C11),668,0.166,0.142,-0.08,0.07,0.16,0.9,0.9,0.01,0.01,713.98145,1,6.570856981609931,0.0,-2.772588722239781,-0.1335313926245225
97,18656178,Grp. A3 B6 (50% C1; 50% C11),668,0.166,0.141,-0.075,0.065,0.08,1.8,1.8,0.01,0.01,714.0483,1,6.570950607110449,0.0,-2.0794415416798357,-0.1431008436406733
98,36405090,Grp. A3 B6 (50% C1; 50% C11),668,0.166,0.141,-0.08,0.07,0.18,0.8,0.8,0.01,0.01,716.9341,1,6.574983925636379,0.0,-2.8903717578961645,-0.1335313926245225
99,128911177,Grp. A3 B6 (50% C1; 50% C11),668,0.166,0.142,-0.085,0.165,0.54,1.0,0.8,0.09,0.01,719.05505,1,6.577937919463279,0.22314355131420976,-1.791759469228055,0.6632942174102642
0,215798330,Grp. A4 B6 (20% C1; 80% C11),444,0.166,0.142,-0.145,0.35,0.8,0.7,0.6,0.06,0.01,5314.2544,1,8.578147998715446,0.15415067982725836,-2.5902671654458267,0.881199412062885
1,240004525,Grp. A4 B6 (20% C1; 80% C11),444,0.171,0.142,-0.145,0.395,0.9,0.9,0.8,0.08,0.01,5314.8003,1,8.578250717163302,0.11778303565638346,-2.4203681286504293,1.0021520224805476
2,130110264,Grp. A4 B6 (20% C1; 80% C11),444,0.166,0.142,-0.145,0.29,0.54,1.5,1.4,0.1,0.01,5323.667,1,8.579917630601685,0.06899287148695142,-1.6863989535702288,0.6931471805599453
3,229884279,Grp. A4 B6 (20% C1; 80% C11),444,0.166,0.142,-0.15,0.3,0.96,0.6,0.4,0.08,0.01,5332.8667,1,8.581644214976007,0.4054651081081642,-2.4849066497880004,0.6931471805599453
4,172766818,Grp. A4 B6 (20% C1; 80% C11),444,0.166,0.142,-0.15,0.3,0.72,0.8,0.7,0.07,0.01,5338.5073,1,8.582701361042728,0.13353139262452277,-2.330755969960742,0.6931471805599453
5,206028640,Grp. A4 B6 (20% C1; 80% C11),444,0.166,0.142,-0.15,0.3,0.86,0.6,0.3,0.08,0.01,5339.1157,1,8.582815318990235,0.6931471805599453,-2.374905754573672,0.6931471805599453
6,135083633,Grp. A4 B6 (20% C1; 80% C11),444,0.166,0.142,-0.145,0.35,0.56,1.5,1.4,0.09,0.01,5340.77,1,8.58312511631573,0.06899287148695142,-1.8281271133989299,0.881199412062885
7,133262547,Grp. A4 B6 (20% C1; 80% C11),444,0.166,0.142,-0.14,0.265,0.56,0.7,0.4,0.07,0.01,5345.027,1,8.58392187489634,0.5596157879354225,-2.0794415416798357,0.6380874033769178
8,74076680,Grp. A4 B6 (20% C1; 80% C11),444,0.166,0.142,-0.14,0.265,0.32,1.5,1.4,0.06,0.01,5346.567,1,8.584209951680897,0.06899287148695142,-1.6739764335716716,0.6380874033769178
9,186714791,Grp. A4 B6 (20% C1; 80% C11),444,0.166,0.142,-0.145,0.35,0.78,0.5,0.4,0.04,0.01,5350.6104,1,8.584965926839832,0.22314355131420976,-2.9704144655697013,0.881199412062885
10,230030516,Grp. A4 B6 (20% C1; 80% C11),444,0.166,0.142,-0.145,0.35,0.96,0.7,0.4,0.09,0.01,5351.7295,1,8.585175058677269,0.5596157879354225,-2.367123614131617,0.881199412062885
11,154339607,Grp. A4 B6 (20% C1; 80% C11),444,0.166,0.142,-0.145,0.35,0.64,1.3,1.2,0.09,0.01,5351.796,1,8.58518748448968,0.08004270767353656,-1.9616585060234524,0.881199412062885
12,210547886,Grp. A4 B6 (20% C1; 80% C11),444,0.166,0.142,-0.15,0.3,0.88,0.4,0.2,0.05,0.01,5352.9717,1,8.585407143624316,0.6931471805599453,-2.867898902044106,0.6931471805599453
13,164675822,Grp. A4 B6 (20% C1; 80% C11),444,0.171,0.142,-0.145,0.395,0.68,1.5,1.4,0.1,0.01,5354.605,1,8.585712217322769,0.06899287148695142,-1.916922612182061,1.0021520224805476
14,123663211,Grp. A4 B6 (20% C1; 80% C11),444,0.166,0.142,-0.14,0.265,0.52,0.9,0.4,0.1,0.01,5359.9463,1,8.586709235357944,0.8109302162163288,-1.6486586255873816,0.6380874033769178
15,87618975,Grp. A4 B6 (20% C1; 80% C11),444,0.166,0.142,-0.14,0.265,0.38,0.7,0.6,0.03,0.01,5362.934,1,8.587266492362355,0.15415067982725836,-2.538973871058276,0.6380874033769178
16,202446118,Grp. A4 B6 (20% C1; 80% C11),444,0.171,0.142,-0.145,0.395,0.84,1.2,1.1,0.1,0.01,5363.6,1,8.587390670405487,0.0870113769896297,-2.128231705849268,1.0021520224805476
17,96301894,Grp. A4 B6 (20% C1; 80% C11),444,0.166,0.142,-0.145,0.29,0.3,2.0,1.9,0.07,0.01,5364.365,1,8.587533288320683,0.05129329438755048,-1.455287232606842,0.6931471805599453
18,88734719,Grp. A4 B6 (20% C1; 80% C11),444,0.166,0.142,-0.14,0.265,0.38,1.2,1.0,0.07,0.01,5365.002,1,8.587652027851309,0.1823215567939546,-1.6916760106710724,0.6380874033769178
19,172945902,Grp. A4 B6 (20% C1; 80% C11),444,0.166,0.142,-0.145,0.35,0.72,0.9,0.7,0.08,0.01,5365.0317,1,8.58765756371463,0.25131442828090617,-2.197224577336219,0.881199412062885
20,128861057,Grp. A4 B6 (20% C1; 80% C11),444,0.166,0.142,-0.14,0.265,0.54,1.0,0.9,0.07,0.01,5365.961,1,8.587830762975557,0.10536051565782635,-2.043073897508961,0.6380874033769178
21,225115999,Grp. A4 B6 (20% C1; 80% C11),444,0.166,0.142,-0.145,0.35,0.94,0.6,0.4,0.07,0.01,5366.1665,1,8.587869059203406,0.4054651081081642,-2.5973846332146904,0.881199412062885
22,243961449,Grp. A4 B6 (20% C1; 80% C11),444,0.166,0.142,-0.145,0.35,1.0,0.4,0.2,0.05,0.01,5367.068,1,8.58803704211706,0.6931471805599453,-2.995732273553991,0.881199412062885
23,145128042,Grp. A4 B6 (20% C1; 80% C11),444,0.166,0.142,-0.15,0.3,0.5,1.5,1.4,0.09,0.01,5378.195,1,8.590108095003753,0.06899287148695142,-1.7147984280919266,0.6931471805599453
24,205774333,Grp. A4 B6 (20% C1; 80% C11),444,0.171,0.142,-0.145,0.395,0.86,0.4,0.3,0.03,0.01,5378.6157,1,8.590186315214549,0.287682072451781,-3.355735007585398,1.0021520224805476
25,162030454,Grp. A4 B6 (20% C1; 80% C11),444,0.166,0.142,-0.15,0.3,0.68,0.2,0.1,0.01,0.01,5379.0356,1,8.590264380581885,0.6931471805599453,-4.219507705176107,0.6931471805599453
26,155233656,Grp. A4 B6 (20% C1; 80% C11),444,0.171,0.142,-0.145,0.395,0.64,1.6,1.5,0.1,0.01,5380.3184,1,8.59050283356077,0.06453852113757116,-1.8562979903656263,1.0021520224805476
27,73825227,Grp. A4 B6 (20% C1; 80% C11),444,0.166,0.142,-0.145,0.29,0.32,1.4,1.3,0.05,0.01,5380.5454,1,8.590545023482369,0.07410797215372183,-1.8562979903656263,0.6931471805599453
28,143893809,Grp. A4 B6 (20% C1; 80% C11),444,0.166,0.142,-0.145,0.29,0.5,1.0,0.9,0.06,0.01,5386.66,1,8.591680805782449,0.10536051565782635,-2.120263536200091,0.6931471805599453
29,239364514,Grp. A4 B6 (20% C1; 80% C11),444,0.171,0.142,-0.145,0.395,0.9,0.5,0.3,0.05,0.01,5387.035,1,8.59175041978213,0.5108256237659907,-2.8903717578961645,1.0021520224805476
30,133847150,Grp. A4 B6 (20% C1; 80% C11),444,0.166,0.142,-0.145,0.29,0.56,1.0,0.8,0.08,0.01,5389.457,1,8.592199916713188,0.22314355131420976,-1.9459101490553135,0.6931471805599453
31,39531736,Grp. A4 B6 (20% C1; 80% C11),444,0.166,0.142,-0.14,0.265,0.18,2.0,1.9,0.04,0.01,5392.163,1,8.592701882105553,0.05129329438755048,-1.504077396776274,0.6380874033769178
32,88993303,Grp. A4 B6 (20% C1; 80% C11),444,0.166,0.142,-0.145,0.29,0.38,1.3,1.1,0.07,0.01,5393.1646,1,8.59288761591727,0.16705408466316607,-1.6916760106710724,0.6931471805599453
33,153444250,Grp. A4 B6 (20% C1; 80% C11),444,0.166,0.142,-0.15,0.3,0.64,0.9,0.6,0.09,0.01,5395.355,1,8.59329367719561,0.4054651081081644,-1.9616585060234524,0.6931471805599453
34,181645496,Grp. A4 B6 (20% C1; 80% C11),444,0.166,0.142,-0.145,0.35,0.76,0.3,0.2,0.02,0.01,5396.483,1,8.5935027240705,0.4054651081081642,-3.6375861597263857,0.881199412062885
35,146435961,Grp. A4 B6 (20% C1; 80% C11),444,0.171,0.142,-0.145,0.395,0.5,1.9,1.8,0.09,0.01,5398.733,1,8.5939195753929,0.05406722127027579,-1.7147984280919266,1.0021520224805476
36,110229916,Grp. A4 B6 (20% C1; 80% C11),444,0.166,0.142,-0.145,0.29,0.46,1.6,1.5,0.09,0.01,5399.034,1,8.593975327660951,0.06453852113757116,-1.6314168191528757,0.6931471805599453
37,153440420,Grp. A4 B6 (20% C1; 80% C11),444,0.166,0.142,-0.145,0.35,0.64,0.9,0.6,0.08,0.01,5399.2715,1,8.594019316044136,0.4054651081081644,-2.0794415416798357,0.881199412062885
38,79524352,Grp. A4 B6 (20% C1; 80% C11),444,0.166,0.142,-0.145,0.29,0.34,1.6,1.2,0.1,0.01,5401.2085,1,8.594378003810007,0.287682072451781,-1.2237754316221157,0.6931471805599453
39,110862791,Grp. A4 B6 (20% C1; 80% C11),444,0.166,0.142,-0.145,0.35,0.46,1.8,1.6,0.1,0.01,5402.458,1,8.594609314172201,0.11778303565638346,-1.5260563034950494,0.881199412062885
40,74354718,Grp. A4 B6 (20% C1; 80% C11),444,0.166,0.142,-0.14,0.265,0.32,1.6,1.3,0.09,0.01,5402.952,1,8.594700749851244,0.20763936477824455,-1.2685113254635072,0.6380874033769178
41,109407074,Grp. A4 B6 (20% C1; 80% C11),444,0.166,0.142,-0.15,0.3,0.46,1.3,1.2,0.07,0.01,5405.6206,1,8.595194543093513,0.08004270767353656,-1.8827312474337816,0.6931471805599453
42,102601837,Grp. A4 B6 (20% C1; 80% C11),444,0.166,0.142,-0.145,0.29,0.44,0.5,0.4,0.02,0.01,5406.9883,1,8.595447525518003,0.22314355131420976,-3.0910424533583156,0.6931471805599453
43,104873430,Grp. A4 B6 (20% C1; 80% C11),444,0.166,0.142,-0.145,0.29,0.44,1.5,1.4,0.08,0.01,5408.9604,1,8.595812190713179,0.06899287148695142,-1.7047480922384253,0.6931471805599453
44,239646255,Grp. A4 B6 (20% C1; 80% C11),444,0.171,0.142,-0.145,0.395,0.9,0.7,0.5,0.07,0.01,5409.7803,1,8.595963761034405,0.3364722366212129,-2.5538995212749516,1.0021520224805476
45,137877289,Grp. A4 B6 (20% C1; 80% C11),444,0.166,0.142,-0.15,0.3,0.58,0.5,0.3,0.04,0.01,5410.111,1,8.596024889190119,0.5108256237659907,-2.6741486494265287,0.6931471805599453
46,124097402,Grp. A4 B6 (20% C1; 80% C11),444,0.166,0.142,-0.15,0.3,0.52,1.1,0.8,0.09,0.01,5411.3003,1,8.596244694162284,0.3184537311185346,-1.754019141245208,0.6931471805599453
47,129823562,Grp. A4 B6 (20% C1; 80% C11),444,0.166,0.142,-0.145,0.35,0.54,1.4,1.3,0.08,0.01,5413.5903,1,8.596667793132754,0.07410797215372183,-1.9095425048844386,0.881199412062885
48,177963873,Grp. A4 B6 (20% C1; 80% C11),444,0.166,0.142,-0.145,0.35,0.74,1.0,0.7,0.1,0.01,5415.398,1,8.597001656272452,0.3566749439387324,-2.001480000210124,0.881199412062885
49,108930708,Grp. A4 B6 (20% C1; 80% C11),444,0.166,0.142,-0.15,0.3,0.46,1.1,0.6,0.1,0.01,5415.5356,1,8.597027064977755,0.6061358035703156,-1.5260563034950494,0.6931471805599453
50,172295215,Grp. A4 B6 (20% C1; 80% C11),444,0.171,0.142,-0.145,0.395,0.72,0.5,0.4,0.03,0.01,5416.1045,1,8.597132109088394,0.22314355131420976,-3.1780538303479458,1.0021520224805476
51,102180666,Grp. A4 B6 (20% C1; 80% C11),444,0.166,0.142,-0.14,0.265,0.44,0.3,0.2,0.01,0.01,5417.2554,1,8.597344582414296,0.4054651081081642,-3.784189633918261,0.6380874033769178
52,134540530,Grp. A4 B6 (20% C1; 80% C11),444,0.166,0.142,-0.145,0.29,0.56,1.3,1.2,0.09,0.01,5425.3687,1,8.598841139232912,0.08004270767353656,-1.8281271133989299,0.6931471805599453
53,88510530,Grp. A4 B6 (20% C1; 80% C11),444,0.166,0.142,-0.145,0.29,0.38,1.1,0.8,0.07,0.01,5426.1704,1,8.5989888970752,0.3184537311185346,-1.6916760106710724,0.6931471805599453
54,54262086,Grp. A4 B6 (20% C1; 80% C11),444,0.166,0.142,-0.14,0.265,0.24,1.8,1.4,0.09,0.01,5426.2607,1,8.599005538507736,0.25131442828090617,-0.9808292530117262,0.6380874033769178
55,87405926,Grp. A4 B6 (20% C1; 80% C11),444,0.166,0.142,-0.145,0.29,0.38,0.6,0.5,0.02,0.01,5426.641,1,8.599075621147506,0.1823215567939546,-2.9444389791664407,0.6931471805599453
56,103420388,Grp. A4 B6 (20% C1; 80% C11),444,0.166,0.142,-0.14,0.265,0.44,0.9,0.4,0.09,0.01,5428.73,1,8.599460499752906,0.8109302162163288,-1.586965056582042,0.6380874033769178
57,84970956,Grp. A4 B6 (20% C1; 80% C11),444,0.166,0.142,-0.15,0.3,0.36,1.7,1.6,0.07,0.01,5428.952,1,8.599501392459109,0.06062462181643484,-1.6376087894007965,0.6931471805599453
58,215653987,Grp. A4 B6 (20% C1; 80% C11),444,0.171,0.142,-0.155,0.42,0.8,0.6,0.5,0.04,0.01,5431.095,1,8.599896050056412,0.1823215567939546,-2.9957322735539913,0.9968295943581673
59,182068067,Grp. A4 B6 (20% C1; 80% C11),444,0.171,0.142,-0.145,0.395,0.76,0.6,0.4,0.05,0.01,5431.65,1,8.599998234172947,0.4054651081081642,-2.7212954278522306,1.0021520224805476
60,64344142,Grp. A4 B6 (20% C1; 80% C11),444,0.166,0.142,-0.15,0.3,0.28,1.7,1.6,0.05,0.01,5431.838,1,8.600032845524295,0.06062462181643484,-1.7227665977411035,0.6931471805599453
61,74668803,Grp. A4 B6 (20% C1; 80% C11),444,0.166,0.142,-0.15,0.3,0.32,1.7,1.6,0.06,0.01,5433.1978,1,8.600283153030341,0.06062462181643484,-1.6739764335716716,0.6931471805599453
62,216158627,Grp. A4 B6 (20% C1; 80% C11),444,0.171,0.142,-0.145,0.395,0.8,0.9,0.8,0.07,0.01,5434.1387,1,8.600456314136073,0.11778303565638346,-2.436116485618568,1.0021520224805476
63,230037916,Grp. A4 B6 (20% C1; 80% C11),444,0.171,0.142,-0.155,0.42,0.96,0.7,0.2,0.09,0.01,5437.232,1,8.601025386825956,1.2527629684953678,-2.367123614131617,0.9968295943581673
64,138052641,Grp. A4 B6 (20% C1; 80% C11),444,0.166,0.142,-0.145,0.35,0.58,0.6,0.3,0.05,0.01,5437.5684,1,8.601087254628165,0.6931471805599453,-2.451005098112319,0.881199412062885
65,107684441,Grp. A4 B6 (20% C1; 80% C11),444,0.166,0.142,-0.145,0.29,0.46,0.5,0.2,0.04,0.01,5438.004,1,8.60116736075669,0.9162907318741551,-2.4423470353692043,0.6931471805599453
66,119149475,Grp. A4 B6 (20% C1; 80% C11),444,0.166,0.142,-0.15,0.3,0.4,1.1,0.9,0.06,0.01,5439.5635,1,8.601454097660081,0.20067069546215124,-1.8971199848858813,0.6931471805599453
67,117844345,Grp. A4 B6 (20% C1; 80% C11),444,0.166,0.142,-0.14,0.265,0.4,0.5,0.3,0.03,0.01,5442.486,1,8.601991220758126,0.5108256237659907,-2.5902671654458267,0.6380874033769178
68,103220048,Grp. A4 B6 (20% C1; 80% C11),444,0.166,0.142,-0.145,0.29,0.44,0.8,0.6,0.05,0.01,5442.779,1,8.602045055001037,0.287682072451781,-2.1747517214841605,0.6931471805599453
69,104345209,Grp. A4 B6 (20% C1; 80% C11),444,0.166,0.142,-0.15,0.3,0.44,1.3,1.0,0.09,0.01,5446.0483,1,8.602645542088979,0.26236426446749106,-1.586965056582042,0.6931471805599453
70,186711578,Grp. A4 B6 (20% C1; 80% C11),444,0.166,0.142,-0.14,0.265,0.78,0.5,0.3,0.06,0.01,5446.102,1,8.60265540240095,0.5108256237659907,-2.5649493574615367,0.6380874033769178
71,47955291,Grp. A4 B6 (20% C1; 80% C11),444,0.166,0.142,-0.14,0.265,0.22,1.4,0.9,0.08,0.01,5447.64,1,8.60293776635086,0.4418327522790391,-1.0116009116784799,0.6380874033769178
72,69829261,Grp. A4 B6 (20% C1; 80% C11),444,0.166,0.142,-0.14,0.265,0.2,1.8,1.3,0.09,0.01,5449.284,1,8.603239502879898,0.32542240043462795,-0.7985076962177717,0.6380874033769178
73,186717809,Grp. A4 B6 (20% C1; 80% C11),444,0.171,0.142,-0.155,0.42,0.78,0.5,0.4,0.03,0.01,5449.4126,1,8.603263102032114,0.22314355131420976,-3.258096538021482,0.9968295943581673
74,169359544,Grp. A4 B6 (20% C1; 80% C11),444,0.171,0.142,-0.145,0.395,0.6,1.4,1.3,0.08,0.01,5451.3423,1,8.603617150909987,0.07410797215372183,-2.0149030205422647,1.0021520224805476
75,234306384,Grp. A4 B6 (20% C1; 80% C11),444,0.166,0.141,-0.145,0.35,0.98,0.3,0.2,0.03,0.01,5451.475,1,8.603641493242131,0.4054651081081642,-3.4863551900024623,0.881199412062885
76,196628401,Grp. A4 B6 (20% C1; 80% C11),444,0.166,0.142,-0.15,0.3,0.82,0.7,0.6,0.07,0.01,5451.5195,1,8.603649656137195,0.15415067982725836,-2.46080909820894,0.6931471805599453
77,148971351,Grp. A4 B6 (20% C1; 80% C11),444,0.171,0.142,-0.145,0.395,0.62,1.1,0.6,0.1,0.01,5451.601,1,8.603664605985728,0.6061358035703156,-1.8245492920510458,1.0021520224805476
78,106144140,Grp. A4 B6 (20% C1; 80% C11),444,0.166,0.142,-0.15,0.3,0.44,1.9,1.8,0.1,0.01,5451.6924,1,8.603681371562265,0.05406722127027579,-1.4816045409242153,0.6931471805599453
79,150019236,Grp. A4 B6 (20% C1; 80% C11),444,0.171,0.142,-0.145,0.395,0.62,1.5,1.4,0.09,0.01,5452.2725,1,8.60378777322549,0.06899287148695142,-1.9299098077088723,1.0021520224805476
80,79813900,Grp. A4 B6 (20% C1; 80% C11),444,0.166,0.142,-0.145,0.35,0.34,1.7,1.4,0.08,0.01,5452.8486,1,8.603893430007336,0.19415601444095756,-1.4469189829363254,0.881199412062885
81,64647770,Grp. A4 B6 (20% C1; 80% C11),444,0.166,0.142,-0.15,0.3,0.28,1.8,1.5,0.08,0.01,5452.8965,1,8.603902214368158,0.1823215567939546,-1.252762968495368,0.6931471805599453
82,99530185,Grp. A4 B6 (20% C1; 80% C11),444,0.171,0.142,-0.145,0.395,0.42,1.4,1.3,0.05,0.01,5453.43,1,8.60400004749289,0.07410797215372183,-2.128231705849268,1.0021520224805476
83,138401744,Grp. A4 B6 (20% C1; 80% C11),444,0.166,0.142,-0.14,0.265,0.58,0.8,0.7,0.06,0.01,5453.8677,1,8.604080305685574,0.13353139262452277,-2.268683541318364,0.6380874033769178
84,216834435,Grp. A4 B6 (20% C1; 80% C11),444,0.171,0.142,-0.155,0.42,0.8,1.2,1.1,0.09,0.01,5456.778,1,8.60461378466547,0.0870113769896297,-2.1848020573376625,0.9968295943581673
85,58858644,Grp. A4 B6 (20% C1; 80% C11),444,0.166,0.142,-0.14,0.265,0.26,1.6,1.5,0.05,0.01,5457.099,1,8.604672608857845,0.06453852113757116,-1.6486586255873816,0.6380874033769178
86,117631698,Grp. A4 B6 (20% C1; 80% C11),444,0.166,0.142,-0.145,0.29,0.4,0.4,0.3,0.01,0.01,5458.3823,1,8.60490774278747,0.287682072451781,-3.6888794541139363,0.6931471805599453
87,215514942,Grp. A4 B6 (20% C1; 80% C11),444,0.171,0.142,-0.155,0.42,0.8,0.5,0.3,0.04,0.01,5461.808,1,8.605535149456816,0.5108256237659907,-2.9957322735539913,0.9968295943581673
88,87841129,Grp. A4 B6 (20% C1; 80% C11),444,0.166,0.142,-0.15,0.3,0.38,0.8,0.5,0.05,0.01,5462.271,1,8.605619916328289,0.47000362924573563,-2.0281482472922856,0.6931471805599453
89,187178265,Grp. A4 B6 (20% C1; 80% C11),444,0.171,0.142,-0.155,0.42,0.78,0.8,0.4,0.08,0.01,5462.41,1,8.605645363295576,0.6931471805599453,-2.277267285009756,0.9968295943581673
90,78456792,Grp. A4 B6 (20% C1; 80% C11),444,0.166,0.142,-0.14,0.265,0.34,1.2,1.1,0.05,0.01,5464.063,1,8.605947931198797,0.0870113769896297,-1.916922612182061,0.6380874033769178
91,104885833,Grp. A4 B6 (20% C1; 80% C11),444,0.171,0.142,-0.145,0.395,0.44,1.5,1.3,0.07,0.01,5464.324,1,8.605995696710771,0.14310084364067324,-1.8382794848629478,1.0021520224805476
92,98559320,Grp. A4 B6 (20% C1; 80% C11),444,0.166,0.142,-0.145,0.29,0.42,1.0,0.6,0.08,0.01,5466.0366,1,8.606309062404124,0.5108256237659907,-1.6582280766035322,0.6931471805599453
93,243963849,Grp. A4 B6 (20% C1; 80% C11),444,0.171,0.142,-0.145,0.395,1.0,0.4,0.1,0.05,0.01,5466.137,1,8.606327430206115,1.3862943611198906,-2.995732273553991,1.0021520224805476
94,211119182,Grp. A4 B6 (20% C1; 80% C11),444,0.171,0.141,-0.14,0.385,0.88,0.8,0.7,0.07,0.01,5466.6245,1,8.606416611699798,0.13353139262452277,-2.531426665422893,1.0116009116784799
95,215654069,Grp. A4 B6 (20% C1; 80% C11),444,0.171,0.142,-0.145,0.395,0.8,0.6,0.3,0.06,0.01,5467.689,1,8.606611319854702,0.6931471805599453,-2.5902671654458267,1.0021520224805476
96,206030689,Grp. A4 B6 (20% C1; 80% C11),444,0.171,0.141,-0.14,0.385,0.86,0.6,0.5,0.05,0.01,5467.8887,1,8.606647842845165,0.1823215567939546,-2.8449093838194073,1.0116009116784799
97,154355788,Grp. A4 B6 (20% C1; 80% C11),444,0.171,0.142,-0.145,0.395,0.64,1.3,1.2,0.08,0.01,5468.115,1,8.606689229078425,0.08004270767353656,-2.0794415416798357,1.0021520224805476
98,76873675,Grp. A4 B6 (20% C1; 80% C11),444,0.166,0.142,-0.145,0.29,0.34,0.5,0.4,0.01,0.01,5469.9766,1,8.607029617527536,0.22314355131420976,-3.5263605246161616,0.6931471805599453
99,210547829,Grp. A4 B6 (20% C1; 80% C11),444,0.166,0.141,-0.15,0.3,0.88,0.4,0.2,0.05,0.01,5470.518,1,8.607128589287083,0.6931471805599453,-2.867898902044106,0.6931471805599453
0,93258563,Grp. A4 B6 (20% C1; 80% C11),445,0.166,0.127,-0.135,0.265,0.3,0.9,0.9,0.01,0.01,484.06677,1,6.182222851747233,0.0,-3.4011973816621555,0.6744550475477928
1,73828550,Grp. A4 B6 (20% C1; 80% C11),445,0.166,0.127,-0.11,0.24,0.32,1.4,1.3,0.06,0.01,487.62265,1,6.1895418485380995,0.07410797215372183,-1.6739764335716716,0.780158557549575
2,118486145,Grp. A4 B6 (20% C1; 80% C11),445,0.166,0.127,-0.145,0.305,0.4,0.8,0.8,0.01,0.01,520.05096,1,6.253926806773787,0.0,-3.6888794541139363,0.7435780341868372
3,167472314,Grp. A4 B6 (20% C1; 80% C11),445,0.166,0.127,-0.15,0.315,0.6,0.5,0.5,0.01,0.01,527.2467,1,6.267668560448827,0.0,-4.0943445622221,0.7419373447293773
4,53144644,Grp. A4 B6 (20% C1; 80% C11),445,0.166,0.127,-0.14,0.295,0.24,1.4,1.4,0.01,0.01,532.4837,1,6.277552286786436,0.0,-3.1780538303479453,0.7453329337305153
5,191457634,Grp. A4 B6 (20% C1; 80% C11),445,0.166,0.127,-0.15,0.315,0.7,0.4,0.4,0.01,0.01,540.92847,1,6.293287051990293,0.0,-4.2484952420493585,0.7419373447293773
6,103218571,Grp. A4 B6 (20% C1; 80% C11),445,0.166,0.127,-0.14,0.355,0.44,0.8,0.8,0.01,0.01,549.37604,1,6.308783161497946,0.0,-3.784189633918261,0.9304753668661113
7,83147632,Grp. A4 B6 (20% C1; 80% C11),445,0.166,0.127,-0.15,0.315,0.36,1.0,1.0,0.01,0.01,561.8049,1,6.331154636597219,0.0,-3.58351893845611,0.7419373447293773
8,48807181,Grp. A4 B6 (20% C1; 80% C11),445,0.166,0.127,-0.145,0.305,0.22,1.7,1.7,0.01,0.01,562.68274,1,6.332715952430493,0.0,-3.0910424533583156,0.7435780341868372
9,73572673,Grp. A4 B6 (20% C1; 80% C11),445,0.171,0.127,-0.135,0.39,0.32,1.3,1.3,0.01,0.01,584.07904,1,6.370036316136015,0.0,-3.4657359027997265,1.0608719606852626
10,58334982,Grp. A4 B6 (20% C1; 80% C11),445,0.171,0.127,-0.125,0.365,0.26,1.4,1.4,0.01,0.01,589.036,1,6.378487302327096,0.0,-3.258096538021482,1.0715836162801904
11,177117867,Grp. A4 B6 (20% C1; 80% C11),445,0.171,0.127,-0.145,0.415,0.74,0.5,0.5,0.01,0.01,598.4287,1,6.3943073867401115,0.0,-4.304065093204169,1.051544777810124
12,186715103,Grp. A4 B6 (20% C1; 80% C11),445,0.166,0.127,-0.16,0.4,0.78,0.5,0.5,0.01,0.01,605.63837,1,6.40628305876874,0.0,-4.356708826689592,0.9162907318741551
13,70155239,Grp. A4 B6 (20% C1; 80% C11),445,0.166,0.127,-0.145,0.305,0.2,1.9,1.9,0.01,0.01,609.6078,1,6.412815799566168,0.0,-2.9957322735539913,0.7435780341868372
14,98790516,Grp. A4 B6 (20% C1; 80% C11),445,0.171,0.127,-0.145,0.415,0.42,1.1,1.1,0.01,0.01,614.20905,1,6.420335342512301,0.0,-3.7376696182833684,1.051544777810124
15,103014454,Grp. A4 B6 (20% C1; 80% C11),445,0.166,0.127,-0.145,0.305,0.44,0.7,0.7,0.01,0.01,615.0424,1,6.4216912085194835,0.0,-3.784189633918261,0.7435780341868372
16,148182670,Grp. A4 B6 (20% C1; 80% C11),445,0.166,0.127,-0.16,0.4,0.62,0.7,0.7,0.01,0.01,615.0867,1,6.421763233480147,0.0,-4.127134385045092,0.9162907318741551
17,157967828,Grp. A4 B6 (20% C1; 80% C11),445,0.171,0.127,-0.155,0.44,0.66,0.7,0.7,0.01,0.01,616.93805,1,6.424768613678064,0.0,-4.189654742026425,1.0433496099930604
18,229641461,Grp. A4 B6 (20% C1; 80% C11),445,0.171,0.127,-0.155,0.44,0.96,0.4,0.4,0.01,0.01,634.9078,1,6.4534797915002144,0.0,-4.564348191467836,1.0433496099930604
19,167997284,Grp. A4 B6 (20% C1; 80% C11),445,0.171,0.127,-0.155,0.44,0.6,0.8,0.8,0.01,0.01,643.1971,1,6.466451209148125,0.0,-4.0943445622221,1.0433496099930604
20,123287555,Grp. A4 B6 (20% C1; 80% C11),445,0.171,0.127,-0.135,0.39,0.52,0.7,0.7,0.01,0.01,644.04175,1,6.467763553195579,0.0,-3.951243718581427,1.0608719606852626
21,85631049,Grp. A4 B6 (20% C1; 80% C11),445,0.171,0.127,-0.155,0.44,0.36,1.9,1.9,0.02,0.01,648.1073,1,6.47405626906411,0.0,-2.8903717578961645,1.0433496099930604
22,52614656,Grp. A4 B6 (20% C1; 80% C11),445,0.166,0.127,-0.135,0.265,0.24,1.2,1.2,0.01,0.01,649.74457,1,6.476579316426271,0.0,-3.1780538303479453,0.6744550475477928
23,78474678,Grp. A4 B6 (20% C1; 80% C11),445,0.171,0.127,-0.135,0.39,0.34,1.2,1.2,0.01,0.01,651.7727,1,6.4796958815128,0.0,-3.5263605246161616,1.0608719606852626
24,114202239,Grp. A4 B6 (20% C1; 80% C11),445,0.166,0.127,-0.16,0.4,0.48,1.2,1.2,0.02,0.01,661.7927,1,6.494952364903859,0.0,-3.1780538303479453,0.9162907318741551
25,77766191,Grp. A4 B6 (20% C1; 80% C11),445,0.166,0.127,-0.14,0.295,0.34,0.9,0.9,0.01,0.01,665.4523,1,6.500466959834354,0.0,-3.5263605246161616,0.7453329337305153
26,58600948,Grp. A4 B6 (20% C1; 80% C11),445,0.166,0.127,-0.15,0.315,0.26,1.5,1.5,0.01,0.01,670.57825,1,6.508140399864631,0.0,-3.258096538021482,0.7419373447293773
27,99271386,Grp. A4 B6 (20% C1; 80% C11),445,0.171,0.127,-0.155,0.44,0.42,1.3,1.3,0.01,0.01,683.88214,1,6.5277855928339665,0.0,-3.7376696182833684,1.0433496099930604
28,73312813,Grp. A4 B6 (20% C1; 80% C11),445,0.166,0.127,-0.14,0.355,0.32,1.2,1.2,0.01,0.01,689.92474,1,6.536582519178704,0.0,-3.4657359027997265,0.9304753668661113
29,107887637,Grp. A4 B6 (20% C1; 80% C11),445,0.166,0.141,-0.155,0.31,0.46,0.6,0.6,0.01,0.01,703.11426,1,6.55551941060946,0.0,-3.828641396489095,0.6931471805599453
30,39554137,Grp. A4 B6 (20% C1; 80% C11),445,0.166,0.127,-0.14,0.295,0.18,2.0,2.0,0.01,0.01,708.4483,1,6.563077085402586,0.0,-2.8903717578961645,0.7453329337305153
31,239243627,Grp. A4 B6 (20% C1; 80% C11),445,0.166,0.127,-0.16,0.4,0.9,0.4,0.4,0.01,0.01,712.1972,1,6.568354839356028,0.0,-4.499809670330265,0.9162907318741551
32,95343806,Grp. A4 B6 (20% C1; 80% C11),445,0.171,0.127,-0.145,0.415,0.3,1.7,1.7,0.01,0.01,714.18567,1,6.5711429705513265,0.0,-3.4011973816621555,1.051544777810124
33,94230181,Grp. A4 B6 (20% C1; 80% C11),445,0.166,0.127,-0.14,0.355,0.3,1.3,1.3,0.01,0.01,725.035,1,6.586219929551501,0.0,-3.4011973816621555,0.9304753668661113
34,177264664,Grp. A4 B6 (20% C1; 80% C11),445,0.171,0.127,-0.155,0.44,0.74,0.6,0.6,0.01,0.01,730.06714,1,6.593136502515956,0.0,-4.304065093204169,1.0433496099930604
35,113980746,Grp. A4 B6 (20% C1; 80% C11),445,0.171,0.127,-0.155,0.44,0.48,1.1,1.1,0.01,0.01,732.7492,1,6.596803487812855,0.0,-3.8712010109078907,1.0433496099930604
36,94500850,Grp. A4 B6 (20% C1; 80% C11),445,0.171,0.127,-0.135,0.39,0.3,1.4,1.4,0.01,0.01,738.7015,1,6.604893915126918,0.0,-3.4011973816621555,1.0608719606852626
37,118699338,Grp. A4 B6 (20% C1; 80% C11),445,0.166,0.127,-0.14,0.355,0.4,0.9,0.9,0.01,0.01,748.8537,1,6.618543637335593,0.0,-3.6888794541139363,0.9304753668661113
38,59173853,Grp. A4 B6 (20% C1; 80% C11),445,0.171,0.127,-0.135,0.39,0.26,1.7,1.7,0.01,0.01,750.84125,1,6.621194244598975,0.0,-3.258096538021482,1.0608719606852626
39,224869675,Grp. A4 B6 (20% C1; 80% C11),445,0.166,0.127,-0.135,0.265,0.94,0.4,0.3,0.05,0.01,763.0529,1,6.637327360466979,0.287682072451781,-2.9338568698359033,0.6744550475477928
40,60126810,Grp. A4 B6 (20% C1; 80% C11),445,0.171,0.127,-0.145,0.415,0.26,2.0,2.0,0.01,0.01,784.36005,1,6.664868162377553,0.0,-3.258096538021482,1.051544777810124
41,58326418,Grp. A4 B6 (20% C1; 80% C11),445,0.166,0.127,-0.145,0.305,0.26,1.4,1.4,0.01,0.01,787.28894,1,6.668595322079554,0.0,-3.258096538021482,0.7435780341868372
42,132906996,Grp. A4 B6 (20% C1; 80% C11),445,0.166,0.127,-0.145,0.305,0.56,0.5,0.5,0.01,0.01,789.85956,1,6.671855157505827,0.0,-4.02535169073515,0.7435780341868372
43,143098883,Grp. A4 B6 (20% C1; 80% C11),445,0.166,0.127,-0.145,0.305,0.5,0.6,0.6,0.01,0.01,793.1927,1,6.676066193375858,0.0,-3.912023005428146,0.7435780341868372
44,49409260,Grp. A4 B6 (20% C1; 80% C11),445,0.166,0.127,-0.14,0.355,0.22,1.9,1.9,0.01,0.01,798.2574,1,6.682431101830657,0.0,-3.0910424533583156,0.9304753668661113
45,64055669,Grp. A4 B6 (20% C1; 80% C11),445,0.166,0.127,-0.11,0.24,0.28,1.6,1.5,0.06,0.01,798.70135,1,6.682987096168565,0.06453852113757116,-1.540445040947149,0.780158557549575
46,63249240,Grp. A4 B6 (20% C1; 80% C11),445,0.171,0.127,-0.125,0.365,0.28,1.3,1.3,0.01,0.01,801.4838,1,6.686464759743032,0.0,-3.332204510175204,1.0715836162801904
47,229639537,Grp. A4 B6 (20% C1; 80% C11),445,0.166,0.141,-0.185,0.44,0.96,0.4,0.4,0.01,0.01,805.0596,1,6.690916311945021,0.0,-4.564348191467836,0.8664189018339821
48,83847758,Grp. A4 B6 (20% C1; 80% C11),445,0.166,0.127,-0.11,0.22,0.36,1.3,1.1,0.08,0.01,805.17975,1,6.691065544418097,0.16705408466316607,-1.504077396776274,0.6931471805599453
49,49084279,Grp. A4 B6 (20% C1; 80% C11),445,0.166,0.127,-0.11,0.22,0.22,1.8,1.6,0.07,0.01,805.9295,1,6.691996269698364,0.11778303565638346,-1.1451323043030024,0.6931471805599453
50,162513727,Grp. A4 B6 (20% C1; 80% C11),445,0.166,0.141,-0.165,0.395,0.68,0.5,0.5,0.01,0.01,817.5852,1,6.706355117524349,0.0,-4.219507705176107,0.8729402910005413
51,62986220,Grp. A4 B6 (20% C1; 80% C11),445,0.166,0.141,-0.145,0.35,0.28,1.2,1.2,0.01,0.01,819.1305,1,6.708243411819035,0.0,-3.332204510175204,0.881199412062885
52,93735442,Grp. A4 B6 (20% C1; 80% C11),445,0.166,0.141,-0.145,0.35,0.3,1.1,1.1,0.01,0.01,819.2489,1,6.708387944886536,0.0,-3.4011973816621555,0.881199412062885
53,77994038,Grp. A4 B6 (20% C1; 80% C11),445,0.166,0.127,-0.145,0.305,0.34,1.0,1.0,0.01,0.01,819.3976,1,6.708569436136062,0.0,-3.5263605246161616,0.7435780341868372
54,96316802,Grp. A4 B6 (20% C1; 80% C11),445,0.171,0.127,-0.155,0.44,0.3,2.0,2.0,0.01,0.01,820.6488,1,6.710095246921346,0.0,-3.4011973816621555,1.0433496099930604
55,38616530,Grp. A4 B6 (20% C1; 80% C11),445,0.166,0.127,-0.135,0.265,0.18,1.7,1.7,0.01,0.01,825.8231,1,6.7163805859355445,0.0,-2.8903717578961645,0.6744550475477928
56,68968886,Grp. A4 B6 (20% C1; 80% C11),445,0.166,0.127,-0.135,0.265,0.2,1.5,1.5,0.01,0.01,828.0809,1,6.7191108549264165,0.0,-2.9957322735539913,0.6744550475477928
57,157804040,Grp. A4 B6 (20% C1; 80% C11),445,0.171,0.127,-0.145,0.415,0.66,0.6,0.6,0.01,0.01,830.2961,1,6.721782384159519,0.0,-4.189654742026425,1.051544777810124
58,48818085,Grp. A4 B6 (20% C1; 80% C11),445,0.171,0.127,-0.125,0.365,0.22,1.7,1.7,0.01,0.01,840.4629,1,6.7339528114818314,0.0,-3.0910424533583156,1.0715836162801904
59,243961836,Grp. A4 B6 (20% C1; 80% C11),445,0.166,0.142,-0.19,0.45,1.0,0.4,0.4,0.01,0.01,844.8049,1,6.7391057131245695,0.0,-4.605170185988091,0.8622235106038793
60,128285941,Grp. A4 B6 (20% C1; 80% C11),445,0.166,0.141,-0.165,0.395,0.54,0.7,0.7,0.01,0.01,848.8959,1,6.743936563952544,0.0,-3.9889840465642745,0.8729402910005413
61,133450958,Grp. A4 B6 (20% C1; 80% C11),445,0.166,0.127,-0.16,0.4,0.56,0.8,0.8,0.01,0.01,854.4538,1,6.750462434388313,0.0,-4.02535169073515,0.9162907318741551
62,239809168,Grp. A4 B6 (20% C1; 80% C11),445,0.166,0.127,-0.14,0.295,0.9,0.8,0.7,0.09,0.01,861.91205,1,6.759153235295849,0.13353139262452277,-2.302585092994046,0.7453329337305153
63,53986956,Grp. A4 B6 (20% C1; 80% C11),445,0.166,0.127,-0.11,0.24,0.24,1.7,1.4,0.08,0.01,863.56573,1,6.761070015129789,0.19415601444095756,-1.0986122886681096,0.780158557549575
64,167642537,Grp. A4 B6 (20% C1; 80% C11),445,0.166,0.141,-0.165,0.395,0.6,0.6,0.6,0.01,0.01,864.8502,1,6.762556312743881,0.0,-4.0943445622221,0.8729402910005413
65,69264952,Grp. A4 B6 (20% C1; 80% C11),445,0.166,0.141,-0.15,0.3,0.2,1.6,1.6,0.01,0.01,867.13574,1,6.765195527386295,0.0,-2.9957322735539913,0.6931471805599453
66,58061728,Grp. A4 B6 (20% C1; 80% C11),445,0.166,0.142,-0.145,0.35,0.26,1.3,1.3,0.01,0.01,867.30365,1,6.7653891461446,0.0,-3.258096538021482,0.881199412062885
67,229753643,Grp. A4 B6 (20% C1; 80% C11),445,0.166,0.127,-0.14,0.295,0.96,0.5,0.4,0.06,0.01,867.3195,1,6.765407421007358,0.22314355131420976,-2.772588722239781,0.7453329337305153
68,47971692,Grp. A4 B6 (20% C1; 80% C11),445,0.166,0.127,-0.11,0.24,0.22,1.4,1.3,0.04,0.01,868.46313,1,6.766725132275709,0.07410797215372183,-1.7047480922384253,0.780158557549575
69,178698629,Grp. A4 B6 (20% C1; 80% C11),445,0.171,0.127,-0.125,0.365,0.74,1.3,1.2,0.1,0.01,870.4374,1,6.768995843928548,0.08004270767353656,-2.001480000210124,1.0715836162801904
70,69843969,Grp. A4 B6 (20% C1; 80% C11),445,0.166,0.141,-0.145,0.35,0.2,1.8,1.8,0.01,0.01,877.4352,1,6.777003106459413,0.0,-2.9957322735539913,0.881199412062885
71,47705305,Grp. A4 B6 (20% C1; 80% C11),445,0.166,0.142,-0.145,0.29,0.22,1.3,1.3,0.01,0.01,885.5432,1,6.786201242029502,0.0,-3.0910424533583156,0.6931471805599453
72,79832298,Grp. A4 B6 (20% C1; 80% C11),445,0.171,0.127,-0.155,0.44,0.34,1.7,1.7,0.01,0.01,894.4676,1,6.796228680940054,0.0,-3.5263605246161616,1.0433496099930604
73,77766391,Grp. A4 B6 (20% C1; 80% C11),445,0.166,0.141,-0.155,0.31,0.34,0.9,0.9,0.01,0.01,894.6899,1,6.7964771777897095,0.0,-3.5263605246161616,0.6931471805599453
74,124324312,Grp. A4 B6 (20% C1; 80% C11),445,0.166,0.141,-0.185,0.44,0.52,1.2,1.2,0.02,0.01,897.40533,1,6.799507632904677,0.0,-3.258096538021482,0.8664189018339821
75,216833084,Grp. A4 B6 (20% C1; 80% C11),445,0.171,0.127,-0.125,0.365,0.8,1.2,1.1,0.1,0.01,898.756,1,6.801011584951777,0.0870113769896297,-2.0794415416798357,1.0715836162801904
76,152920472,Grp. A4 B6 (20% C1; 80% C11),445,0.171,0.141,-0.16,0.435,0.64,0.6,0.6,0.01,0.01,907.12634,1,6.810281734791643,0.0,-4.1588830833596715,1.0001722158548572
77,75640583,Grp. A4 B6 (20% C1; 80% C11),445,0.166,0.127,-0.16,0.4,0.32,2.0,2.0,0.02,0.01,908.5533,1,6.8118535542496055,0.0,-2.772588722239781,0.9162907318741551
78,100075108,Grp. A4 B6 (20% C1; 80% C11),445,0.166,0.141,-0.185,0.44,0.42,1.6,1.6,0.02,0.01,909.5763,1,6.812978886687907,0.0,-3.044522437723423,0.8664189018339821
79,73573037,Grp. A4 B6 (20% C1; 80% C11),445,0.171,0.141,-0.15,0.41,0.32,1.3,1.3,0.01,0.01,912.98816,1,6.816722912274297,0.0,-3.4657359027997265,1.0055218656020977
80,47970382,Grp. A4 B6 (20% C1; 80% C11),445,0.166,0.142,-0.15,0.3,0.22,1.4,1.4,0.01,0.01,921.11163,1,6.825581234122275,0.0,-3.0910424533583156,0.6931471805599453
81,104870863,Grp. A4 B6 (20% C1; 80% C11),445,0.166,0.141,-0.185,0.44,0.44,1.5,1.5,0.02,0.01,921.2163,1,6.825694862101755,0.0,-3.0910424533583156,0.8664189018339821
82,64345928,Grp. A4 B6 (20% C1; 80% C11),445,0.166,0.127,-0.11,0.24,0.28,1.7,1.4,0.09,0.01,921.7619,1,6.826286947256033,0.19415601444095756,-1.1349799328389847,0.780158557549575
83,201121935,Grp. A4 B6 (20% C1; 80% C11),445,0.171,0.127,-0.155,0.44,0.84,0.5,0.5,0.01,0.01,922.63477,1,6.827233457385186,0.0,-4.430816798843313,1.0433496099930604
84,57564800,Grp. A4 B6 (20% C1; 80% C11),445,0.166,0.127,-0.11,0.24,0.26,1.1,0.8,0.06,0.01,926.1475,1,6.83103350921833,0.3184537311185346,-1.4663370687934272,0.780158557549575
85,74097187,Grp. A4 B6 (20% C1; 80% C11),445,0.166,0.127,-0.11,0.24,0.32,1.5,1.2,0.09,0.01,926.17285,1,6.831060880293752,0.22314355131420976,-1.2685113254635072,0.780158557549575
86,120740247,Grp. A4 B6 (20% C1; 80% C11),445,0.166,0.141,-0.185,0.44,0.4,1.7,1.7,0.02,0.01,926.3111,1,6.831210139346989,0.0,-2.9957322735539913,0.8664189018339821
87,128101228,Grp. A4 B6 (20% C1; 80% C11),445,0.166,0.127,-0.14,0.355,0.54,0.6,0.6,0.01,0.01,928.4485,1,6.833514913449414,0.0,-3.9889840465642745,0.9304753668661113
88,113549352,Grp. A4 B6 (20% C1; 80% C11),445,0.171,0.141,-0.16,0.435,0.48,0.9,0.9,0.01,0.01,930.5812,1,6.835809337186283,0.0,-3.8712010109078907,1.0001722158548572
89,138232394,Grp. A4 B6 (20% C1; 80% C11),445,0.171,0.127,-0.145,0.415,0.58,0.7,0.7,0.01,0.01,930.8029,1,6.836047547022767,0.0,-4.060443010546419,1.051544777810124
90,152912890,Grp. A4 B6 (20% C1; 80% C11),445,0.166,0.127,-0.135,0.265,0.64,0.6,0.5,0.05,0.01,934.61505,1,6.840134733282403,0.1823215567939546,-2.5494451709255714,0.6744550475477928
91,78474998,Grp. A4 B6 (20% C1; 80% C11),445,0.171,0.141,-0.15,0.41,0.34,1.2,1.2,0.01,0.01,938.0572,1,6.843810927957205,0.0,-3.5263605246161616,1.0055218656020977
92,173150093,Grp. A4 B6 (20% C1; 80% C11),445,0.166,0.127,-0.14,0.295,0.72,1.0,0.9,0.09,0.01,940.5326,1,6.846446310553968,0.10536051565782635,-2.0794415416798357,0.7453329337305153
93,230399832,Grp. A4 B6 (20% C1; 80% C11),445,0.171,0.127,-0.125,0.365,0.96,0.9,0.7,0.1,0.01,944.1283,1,6.8502620679273845,0.25131442828090617,-2.2617630984737906,1.0715836162801904
94,191906766,Grp. A4 B6 (20% C1; 80% C11),445,0.166,0.127,-0.135,0.265,0.7,0.7,0.2,0.1,0.01,944.29224,1,6.850435694507841,1.2527629684953678,-1.9459101490553132,0.6744550475477928
95,33484207,Grp. A4 B6 (20% C1; 80% C11),445,0.166,0.127,-0.11,0.22,0.16,1.7,1.5,0.05,0.01,947.0604,1,6.8533628715112265,0.125163142954006,-1.1631508098056809,0.6931471805599453
96,38932287,Grp. A4 B6 (20% C1; 80% C11),445,0.166,0.141,-0.15,0.3,0.18,1.8,1.8,0.01,0.01,948.3036,1,6.85467470414948,0.0,-2.8903717578961645,0.6931471805599453
97,70167700,Grp. A4 B6 (20% C1; 80% C11),445,0.171,0.127,-0.125,0.365,0.2,1.9,1.9,0.01,0.01,949.3563,1,6.855784175986855,0.0,-2.9957322735539913,1.0715836162801904
98,201119168,Grp. A4 B6 (20% C1; 80% C11),445,0.166,0.141,-0.185,0.44,0.84,0.5,0.5,0.01,0.01,952.6279,1,6.859224376201566,0.0,-4.430816798843313,0.8664189018339821
99,210951825,Grp. A4 B6 (20% C1; 80% C11),445,0.171,0.127,-0.125,0.365,0.88,0.7,0.4,0.08,0.01,955.7057,1,6.86245002046906,0.5596157879354225,-2.3978952727983707,1.0715836162801904
0,167638225,Grp. A4 B6 (20% C1; 80% C11),446,0.166,0.127,-0.11,0.22,0.6,0.6,0.4,0.06,0.01,210.89479,1,5.351359383528569,0.4054651081081642,-2.3025850929940455,0.6931471805599453
1,200870230,Grp. A4 B6 (20% C1; 80% C11),446,0.166,0.127,-0.11,0.24,0.84,0.3,0.1,0.04,0.01,219.02925,1,5.3892052825417744,1.0986122886681096,-3.044522437723423,0.780158557549575
2,65274761,Grp. A4 B6 (20% C1; 80% C11),446,0.166,0.127,-0.11,0.22,0.28,2.0,1.8,0.09,0.01,225.06056,1,5.416369521544118,0.10536051565782635,-1.1349799328389847,0.6931471805599453
3,196619339,Grp. A4 B6 (20% C1; 80% C11),446,0.166,0.127,-0.135,0.265,0.82,0.7,0.6,0.07,0.01,227.23087,1,5.425966549096176,0.15415067982725836,-2.46080909820894,0.6744550475477928
4,73303037,Grp. A4 B6 (20% C1; 80% C11),446,0.166,0.127,-0.11,0.22,0.32,1.2,1.1,0.05,0.01,234.72594,1,5.458418620822927,0.0870113769896297,-1.8562979903656263,0.6931471805599453
5,196338963,Grp. A4 B6 (20% C1; 80% C11),446,0.166,0.142,-0.14,0.265,0.82,0.5,0.4,0.05,0.01,243.48175,1,5.495041991048555,0.22314355131420976,-2.797281334830153,0.6380874033769178
6,128102833,Grp. A4 B6 (20% C1; 80% C11),446,0.166,0.127,-0.11,0.24,0.54,0.6,0.5,0.04,0.01,247.20384,1,5.510213259443467,0.1823215567939546,-2.6026896854443837,0.780158557549575
7,88271215,Grp. A4 B6 (20% C1; 80% C11),446,0.166,0.127,-0.11,0.22,0.38,1.0,0.9,0.05,0.01,257.2707,1,5.5501288379492095,0.10536051565782635,-2.0281482472922856,0.6931471805599453
8,152918657,Grp. A4 B6 (20% C1; 80% C11),446,0.166,0.127,-0.11,0.24,0.64,0.6,0.4,0.06,0.01,267.1957,1,5.587981348718628,0.4054651081081642,-2.367123614131617,0.780158557549575
9,147680250,Grp. A4 B6 (20% C1; 80% C11),446,0.166,0.127,-0.11,0.24,0.62,0.4,0.3,0.03,0.01,269.19156,1,5.595423245124552,0.287682072451781,-3.028522096376982,0.780158557549575
10,108497983,Grp. A4 B6 (20% C1; 80% C11),446,0.166,0.141,-0.125,0.255,0.46,0.9,0.8,0.05,0.01,271.4465,1,5.6037650665494185,0.11778303565638346,-2.2192034840549946,0.712949807856125
11,94219831,Grp. A4 B6 (20% C1; 80% C11),446,0.166,0.141,-0.12,0.23,0.3,1.3,1.2,0.05,0.01,271.60345,1,5.604343098107547,0.08004270767353656,-1.791759469228055,0.6505875661411494
12,157645246,Grp. A4 B6 (20% C1; 80% C11),446,0.166,0.141,-0.125,0.255,0.66,0.5,0.4,0.04,0.01,275.12573,1,5.6172281931824966,0.22314355131420976,-2.803360380906535,0.712949807856125
13,201115205,Grp. A4 B6 (20% C1; 80% C11),446,0.166,0.127,-0.135,0.265,0.84,0.5,0.4,0.05,0.01,276.65182,1,5.62275974803204,0.22314355131420976,-2.8213788864092133,0.6744550475477928
14,78470932,Grp. A4 B6 (20% C1; 80% C11),446,0.166,0.141,-0.12,0.245,0.34,1.2,1.1,0.05,0.01,277.0814,1,5.624311325834003,0.0870113769896297,-1.916922612182061,0.7137664677626809
15,89252235,Grp. A4 B6 (20% C1; 80% C11),446,0.166,0.141,-0.12,0.245,0.38,1.4,1.2,0.08,0.01,277.89175,1,5.627231649370045,0.15415067982725836,-1.55814461804655,0.7137664677626809
16,137695153,Grp. A4 B6 (20% C1; 80% C11),446,0.166,0.127,-0.11,0.22,0.58,0.4,0.3,0.03,0.01,279.88016,1,5.6343615115511065,0.287682072451781,-2.9618307218783095,0.6931471805599453
17,59787122,Grp. A4 B6 (20% C1; 80% C11),446,0.166,0.127,-0.11,0.24,0.26,1.9,1.8,0.06,0.01,280.63,1,5.637037075709729,0.05406722127027579,-1.4663370687934272,0.780158557549575
18,177255619,Grp. A4 B6 (20% C1; 80% C11),446,0.166,0.127,-0.11,0.22,0.74,0.6,0.2,0.09,0.01,284.65448,1,5.651276093899623,1.0986122886681096,-2.1068405158679506,0.6931471805599453
19,182383073,Grp. A4 B6 (20% C1; 80% C11),446,0.166,0.142,-0.145,0.29,0.76,0.8,0.7,0.07,0.01,284.7791,1,5.651713792013561,0.13353139262452277,-2.3848231912310176,0.6931471805599453
20,78471716,Grp. A4 B6 (20% C1; 80% C11),446,0.166,0.127,-0.11,0.24,0.34,1.2,1.1,0.05,0.01,285.33923,1,5.653678753147946,0.0870113769896297,-1.916922612182061,0.780158557549575
21,152757282,Grp. A4 B6 (20% C1; 80% C11),446,0.166,0.141,-0.12,0.245,0.64,0.5,0.3,0.05,0.01,286.4728,1,5.657643592729834,0.5108256237659907,-2.5494451709255714,0.7137664677626809
22,211115705,Grp. A4 B6 (20% C1; 80% C11),446,0.166,0.141,-0.15,0.3,0.88,0.8,0.7,0.08,0.01,288.89435,1,5.666061050340832,0.13353139262452277,-2.3978952727983707,0.6931471805599453
23,58879949,Grp. A4 B6 (20% C1; 80% C11),446,0.166,0.127,-0.11,0.24,0.26,1.6,1.5,0.05,0.01,289.39386,1,5.6677885976627085,0.06453852113757116,-1.6486586255873816,0.780158557549575
24,205770030,Grp. A4 B6 (20% C1; 80% C11),446,0.166,0.127,-0.135,0.265,0.86,0.4,0.3,0.04,0.01,290.46704,1,5.671490110302448,0.287682072451781,-3.068052935133617,0.6744550475477928
25,183788529,Grp. A4 B6 (20% C1; 80% C11),446,0.171,0.127,-0.125,0.365,0.76,1.4,1.3,0.1,0.01,290.7852,1,5.672584850278934,0.07410797215372183,-2.0281482472922856,1.0715836162801904
26,108283592,Grp. A4 B6 (20% C1; 80% C11),446,0.166,0.141,-0.12,0.23,0.46,0.8,0.6,0.06,0.01,291.75964,1,5.675930312608794,0.287682072451781,-2.03688192726104,0.6505875661411494
27,215381066,Grp. A4 B6 (20% C1; 80% C11),446,0.166,0.127,-0.11,0.24,0.8,0.4,0.2,0.05,0.01,291.79132,1,5.676038889244607,0.6931471805599453,-2.772588722239781,0.780158557549575
28,103009219,Grp. A4 B6 (20% C1; 80% C11),446,0.166,0.127,-0.11,0.22,0.44,0.7,0.6,0.04,0.01,292.5296,1,5.678565858133079,0.15415067982725836,-2.3978952727983707,0.6931471805599453
29,244525010,Grp. A4 B6 (20% C1; 80% C11),446,0.166,0.127,-0.145,0.305,1.0,0.8,0.7,0.09,0.01,292.87933,1,5.679760681183033,0.13353139262452277,-2.4079456086518722,0.7435780341868372
30,186444928,Grp. A4 B6 (20% C1; 80% C11),446,0.166,0.127,-0.11,0.22,0.78,0.3,0.1,0.04,0.01,293.71326,1,5.682603985295746,1.0986122886681096,-2.9704144655697013,0.6931471805599453
31,63487437,Grp. A4 B6 (20% C1; 80% C11),446,0.166,0.141,-0.12,0.23,0.28,1.4,1.3,0.05,0.01,293.80902,1,5.682929964425756,0.07410797215372183,-1.7227665977411035,0.6505875661411494
32,186305662,Grp. A4 B6 (20% C1; 80% C11),446,0.166,0.127,-0.11,0.22,0.78,0.2,0.1,0.02,0.01,294.21106,1,5.684297400934548,0.6931471805599453,-3.6635616461296463,0.6931471805599453
33,98333078,Grp. A4 B6 (20% C1; 80% C11),446,0.166,0.127,-0.11,0.22,0.42,0.9,0.8,0.05,0.01,295.29962,1,5.687990501922093,0.11778303565638346,-2.128231705849268,0.6931471805599453
34,158507712,Grp. A4 B6 (20% C1; 80% C11),446,0.166,0.127,-0.135,0.265,0.66,1.0,0.9,0.08,0.01,295.62112,1,5.689078634424338,0.10536051565782635,-2.1102132003465894,0.6744550475477928
35,137695141,Grp. A4 B6 (20% C1; 80% C11),446,0.166,0.127,-0.11,0.22,0.58,0.4,0.2,0.04,0.01,296.7544,1,5.692904860675558,0.6931471805599453,-2.6741486494265287,0.6931471805599453
36,211115128,Grp. A4 B6 (20% C1; 80% C11),446,0.166,0.127,-0.14,0.295,0.88,0.8,0.7,0.08,0.01,297.07217,1,5.693975105916796,0.13353139262452277,-2.3978952727983707,0.7453329337305153
37,229431302,Grp. A4 B6 (20% C1; 80% C11),446,0.166,0.127,-0.135,0.265,0.96,0.2,0.1,0.02,0.01,298.69284,1,5.699415754395764,0.6931471805599453,-3.8712010109078907,0.6744550475477928
38,58579607,Grp. A4 B6 (20% C1; 80% C11),446,0.166,0.127,-0.11,0.22,0.26,1.5,1.4,0.05,0.01,301.7732,1,5.709675741860596,0.06899287148695142,-1.6486586255873816,0.6931471805599453
39,123467743,Grp. A4 B6 (20% C1; 80% C11),446,0.166,0.127,-0.11,0.22,0.52,0.8,0.4,0.09,0.01,302.79123,1,5.713043558131968,0.6931471805599453,-1.754019141245208,0.6931471805599453
40,196783631,Grp. A4 B6 (20% C1; 80% C11),446,0.166,0.127,-0.135,0.265,0.82,0.8,0.7,0.08,0.01,303.509,1,5.715411264096125,0.13353139262452277,-2.327277705584417,0.6744550475477928
41,177954002,Grp. A4 B6 (20% C1; 80% C11),446,0.166,0.127,-0.135,0.265,0.74,1.0,0.9,0.09,0.01,306.15616,1,5.724095298577331,0.10536051565782635,-2.1068405158679506,0.6744550475477928
42,230032643,Grp. A4 B6 (20% C1; 80% C11),446,0.166,0.142,-0.145,0.29,0.96,0.7,0.5,0.09,0.01,306.53052,1,5.725317326275364,0.3364722366212129,-2.367123614131617,0.6931471805599453
43,149179285,Grp. A4 B6 (20% C1; 80% C11),446,0.166,0.127,-0.135,0.265,0.62,1.2,1.1,0.09,0.01,307.78864,1,5.7294133136411745,0.0870113769896297,-1.9299098077088723,0.6744550475477928
44,192930317,Grp. A4 B6 (20% C1; 80% C11),446,0.171,0.141,-0.13,0.36,0.7,1.2,1.1,0.08,0.01,311.13254,1,5.740218995026485,0.0870113769896297,-2.169053700369523,1.0185695809945732
45,172590334,Grp. A4 B6 (20% C1; 80% C11),446,0.166,0.127,-0.135,0.265,0.72,0.7,0.6,0.06,0.01,311.76886,1,5.742262079923528,0.15415067982725836,-2.4849066497880004,0.6744550475477928
46,210948294,Grp. A4 B6 (20% C1; 80% C11),446,0.166,0.142,-0.15,0.3,0.88,0.7,0.6,0.07,0.01,312.89944,1,5.7458818609640625,0.15415067982725836,-2.531426665422893,0.6931471805599453
47,152757456,Grp. A4 B6 (20% C1; 80% C11),446,0.166,0.127,-0.11,0.24,0.64,0.5,0.4,0.04,0.01,315.4337,1,5.7539485172674665,0.22314355131420976,-2.772588722239781,0.780158557549575
48,64623053,Grp. A4 B6 (20% C1; 80% C11),446,0.166,0.141,-0.12,0.23,0.28,1.8,1.6,0.08,0.01,318.63947,1,5.764060275552899,0.11778303565638346,-1.252762968495368,0.6505875661411494
49,140049255,Grp. A4 B6 (20% C1; 80% C11),446,0.166,0.142,-0.145,0.29,0.58,1.5,1.4,0.1,0.01,320.00644,1,5.768341120591267,0.06899287148695142,-1.7578579175523736,0.6931471805599453
50,244933468,Grp. A4 B6 (20% C1; 80% C11),446,0.166,0.127,-0.14,0.355,1.0,1.0,0.9,0.1,0.01,323.16473,1,5.778162193216857,0.10536051565782635,-2.3025850929940455,0.9304753668661113
51,128102604,Grp. A4 B6 (20% C1; 80% C11),446,0.166,0.141,-0.12,0.245,0.54,0.6,0.5,0.04,0.01,324.6129,1,5.782633395510793,0.1823215567939546,-2.6026896854443837,0.7137664677626809
52,143488101,Grp. A4 B6 (20% C1; 80% C11),446,0.166,0.127,-0.11,0.24,0.5,0.8,0.7,0.05,0.01,325.93365,1,5.786693833044792,0.13353139262452277,-2.3025850929940455,0.780158557549575
53,195953991,Grp. A4 B6 (20% C1; 80% C11),446,0.166,0.141,-0.12,0.245,0.82,0.2,0.1,0.02,0.01,326.40512,1,5.7881393092414335,0.6931471805599453,-3.713572066704308,0.7137664677626809
54,118056323,Grp. A4 B6 (20% C1; 80% C11),446,0.166,0.127,-0.11,0.22,0.4,0.6,0.5,0.03,0.01,329.52872,1,5.797663512511367,0.1823215567939546,-2.5902671654458267,0.6931471805599453
55,186716177,Grp. A4 B6 (20% C1; 80% C11),446,0.166,0.127,-0.11,0.24,0.78,0.5,0.3,0.06,0.01,331.86682,1,5.804733743858166,0.5108256237659907,-2.5649493574615367,0.780158557549575
56,230398240,Grp. A4 B6 (20% C1; 80% C11),446,0.171,0.141,-0.14,0.385,0.96,0.9,0.8,0.08,0.01,331.89505,1,5.80481880448395,0.11778303565638346,-2.4849066497880004,1.0116009116784799
57,105450051,Grp. A4 B6 (20% C1; 80% C11),446,0.166,0.142,-0.14,0.265,0.44,1.7,1.6,0.09,0.01,332.28973,1,5.806007269074949,0.06062462181643484,-1.586965056582042,0.6380874033769178
58,216833082,Grp. A4 B6 (20% C1; 80% C11),446,0.171,0.127,-0.125,0.365,0.8,1.2,1.1,0.09,0.01,332.74622,1,5.807380097330907,0.0870113769896297,-2.1848020573376625,1.0715836162801904
59,211510290,Grp. A4 B6 (20% C1; 80% C11),446,0.166,0.127,-0.14,0.295,0.88,1.0,0.9,0.1,0.01,333.3161,1,5.809091288977537,0.10536051565782635,-2.1747517214841605,0.7453329337305153
60,133453509,Grp. A4 B6 (20% C1; 80% C11),446,0.166,0.127,-0.11,0.24,0.56,0.8,0.5,0.08,0.01,333.66785,1,5.810146037094369,0.47000362924573563,-1.9459101490553135,0.780158557549575
61,187344726,Grp. A4 B6 (20% C1; 80% C11),446,0.166,0.127,-0.135,0.265,0.78,0.9,0.7,0.1,0.01,334.23227,1,5.811836170446517,0.25131442828090617,-2.054123733695546,0.6744550475477928
62,215651513,Grp. A4 B6 (20% C1; 80% C11),446,0.166,0.127,-0.11,0.24,0.8,0.6,0.2,0.09,0.01,338.8983,1,5.825700062371448,1.0986122886681096,-2.1848020573376625,0.780158557549575
63,108710232,Grp. A4 B6 (20% C1; 80% C11),446,0.166,0.141,-0.12,0.245,0.46,1.0,0.8,0.07,0.01,340.97284,1,5.831802826017597,0.22314355131420976,-1.8827312474337816,0.7137664677626809
64,178698626,Grp. A4 B6 (20% C1; 80% C11),446,0.171,0.127,-0.125,0.365,0.74,1.3,1.2,0.09,0.01,341.0541,1,5.832041115726167,0.08004270767353656,-2.1068405158679506,1.0715836162801904
65,95967248,Grp. A4 B6 (20% C1; 80% C11),446,0.166,0.127,-0.11,0.24,0.3,1.9,1.8,0.07,0.01,341.64783,1,5.833780469677273,0.05406722127027579,-1.455287232606842,0.780158557549575
66,239492657,Grp. A4 B6 (20% C1; 80% C11),446,0.166,0.127,-0.14,0.295,0.9,0.6,0.5,0.06,0.01,341.7114,1,5.833966521163498,0.1823215567939546,-2.70805020110221,0.7453329337305153
67,210802189,Grp. A4 B6 (20% C1; 80% C11),446,0.171,0.141,-0.13,0.36,0.88,0.6,0.5,0.05,0.01,341.95847,1,5.834689296940514,0.1823215567939546,-2.867898902044106,1.0185695809945732
68,187790541,Grp. A4 B6 (20% C1; 80% C11),446,0.171,0.127,-0.125,0.365,0.78,1.1,1.0,0.08,0.01,342.69122,1,5.836829808476495,0.09531017980432493,-2.277267285009756,1.0715836162801904
69,125390462,Grp. A4 B6 (20% C1; 80% C11),446,0.166,0.127,-0.135,0.265,0.52,1.6,1.5,0.1,0.01,343.20325,1,5.83832283726594,0.06453852113757116,-1.6486586255873816,0.6744550475477928
70,120158452,Grp. A4 B6 (20% C1; 80% C11),446,0.166,0.127,-0.11,0.24,0.4,1.5,1.3,0.09,0.01,343.93448,1,5.840451174116335,0.14310084364067324,-1.491654876777717,0.780158557549575
71,210948066,Grp. A4 B6 (20% C1; 80% C11),446,0.166,0.141,-0.15,0.3,0.88,0.7,0.6,0.07,0.01,344.49997,1,5.842094003370981,0.15415067982725836,-2.531426665422893,0.6931471805599453
72,234516043,Grp. A4 B6 (20% C1; 80% C11),446,0.166,0.127,-0.135,0.265,0.98,0.5,0.4,0.06,0.01,345.4314,1,5.844794070671506,0.22314355131420976,-2.793208009442517,0.6744550475477928
73,234516137,Grp. A4 B6 (20% C1; 80% C11),446,0.166,0.142,-0.14,0.265,0.98,0.5,0.3,0.07,0.01,346.49658,1,5.847872948451378,0.5108256237659907,-2.6390573296152584,0.6380874033769178
74,220503855,Grp. A4 B6 (20% C1; 80% C11),446,0.171,0.127,-0.125,0.365,0.92,0.7,0.6,0.06,0.01,346.56982,1,5.848084299052915,0.15415067982725836,-2.7300291078209855,1.0715836162801904
75,148351324,Grp. A4 B6 (20% C1; 80% C11),446,0.166,0.142,-0.14,0.265,0.62,0.8,0.7,0.06,0.01,347.3063,1,5.850207099522156,0.13353139262452277,-2.3353749158170367,0.6380874033769178
76,210431772,Grp. A4 B6 (20% C1; 80% C11),446,0.166,0.141,-0.125,0.255,0.88,0.3,0.1,0.04,0.01,347.35416,1,5.8503448934598605,1.0986122886681096,-3.0910424533583156,0.712949807856125
77,84123703,Grp. A4 B6 (20% C1; 80% C11),446,0.166,0.127,-0.11,0.24,0.36,1.4,1.1,0.09,0.01,348.0816,1,5.85243693504631,0.24116205681688788,-1.3862943611198906,0.780158557549575
78,113144299,Grp. A4 B6 (20% C1; 80% C11),446,0.166,0.141,-0.125,0.255,0.48,0.7,0.6,0.04,0.01,349.2783,1,5.855869025634498,0.15415067982725836,-2.4849066497880004,0.712949807856125
79,224872838,Grp. A4 B6 (20% C1; 80% C11),446,0.166,0.127,-0.14,0.295,0.94,0.4,0.3,0.04,0.01,350.7871,1,5.860179486731801,0.287682072451781,-3.157000421150113,0.7453329337305153
80,88512649,Grp. A4 B6 (20% C1; 80% C11),446,0.166,0.141,-0.125,0.255,0.38,1.1,1.0,0.05,0.01,351.41052,1,5.861955112698166,0.09531017980432493,-2.0281482472922856,0.712949807856125
81,62259659,Grp. A4 B6 (20% C1; 80% C11),446,0.166,0.127,-0.11,0.22,0.28,0.9,0.8,0.03,0.01,352.91528,1,5.866228028128688,0.11778303565638346,-2.2335922215070942,0.6931471805599453
82,167468483,Grp. A4 B6 (20% C1; 80% C11),446,0.166,0.127,-0.11,0.22,0.6,0.5,0.4,0.04,0.01,353.55518,1,5.868039569335933,0.22314355131420976,-2.70805020110221,0.6931471805599453
83,196799252,Grp. A4 B6 (20% C1; 80% C11),446,0.171,0.127,-0.125,0.365,0.82,0.8,0.7,0.06,0.01,357.13126,1,5.878103389273752,0.13353139262452277,-2.6149597780361984,1.0715836162801904
84,172756357,Grp. A4 B6 (20% C1; 80% C11),446,0.166,0.127,-0.135,0.265,0.72,0.8,0.7,0.07,0.01,357.34033,1,5.8786886329948285,0.13353139262452277,-2.330755969960742,0.6744550475477928
85,97915775,Grp. A4 B6 (20% C1; 80% C11),446,0.166,0.127,-0.11,0.22,0.42,0.7,0.5,0.05,0.01,357.45786,1,5.879017481060488,0.3364722366212129,-2.128231705849268,0.6931471805599453
86,134278036,Grp. A4 B6 (20% C1; 80% C11),446,0.166,0.127,-0.135,0.265,0.56,1.2,1.1,0.08,0.01,357.9903,1,5.880505891061558,0.0870113769896297,-1.9459101490553135,0.6744550475477928
87,221074807,Grp. A4 B6 (20% C1; 80% C11),446,0.171,0.127,-0.125,0.365,0.92,1.0,0.8,0.1,0.01,359.1829,1,5.883831729504207,0.22314355131420976,-2.2192034840549946,1.0715836162801904
88,215644678,Grp. A4 B6 (20% C1; 80% C11),446,0.166,0.142,-0.14,0.265,0.8,0.6,0.4,0.07,0.01,359.63177,1,5.885080646859623,0.4054651081081642,-2.436116485618568,0.6380874033769178
89,95967186,Grp. A4 B6 (20% C1; 80% C11),446,0.166,0.127,-0.11,0.24,0.3,1.9,1.6,0.1,0.01,359.75916,1,5.8854348075697995,0.17185025692665903,-1.0986122886681096,0.780158557549575
90,191915222,Grp. A4 B6 (20% C1; 80% C11),446,0.166,0.141,-0.125,0.255,0.7,0.7,0.3,0.09,0.01,360.18433,1,5.8866159281864405,0.8472978603872037,-2.0512706647131393,0.712949807856125
91,211302295,Grp. A4 B6 (20% C1; 80% C11),446,0.166,0.127,-0.14,0.295,0.88,0.9,0.8,0.09,0.01,360.2131,1,5.8866958007645955,0.11778303565638346,-2.2801122371419873,0.7453329337305153
92,73318677,Grp. A4 B6 (20% C1; 80% C11),446,0.166,0.127,-0.11,0.24,0.32,1.2,1.0,0.06,0.01,360.72644,1,5.8881198871359866,0.1823215567939546,-1.6739764335716716,0.780158557549575
93,88749471,Grp. A4 B6 (20% C1; 80% C11),446,0.166,0.141,-0.12,0.245,0.38,1.2,1.0,0.07,0.01,361.77533,1,5.891023383792806,0.1823215567939546,-1.6916760106710724,0.7137664677626809
94,239013822,Grp. A4 B6 (20% C1; 80% C11),446,0.166,0.142,-0.14,0.265,0.9,0.2,0.1,0.02,0.01,362.8007,1,5.893853647676827,0.6931471805599453,-3.8066624897703196,0.6380874033769178
95,54599581,Grp. A4 B6 (20% C1; 80% C11),446,0.166,0.127,-0.11,0.24,0.24,1.9,1.7,0.07,0.01,364.51047,1,5.898555275316014,0.1112256351102244,-1.2321436812926323,0.780158557549575
96,153248421,Grp. A4 B6 (20% C1; 80% C11),446,0.166,0.127,-0.135,0.265,0.64,0.8,0.7,0.06,0.01,364.6293,1,5.898881221056299,0.13353139262452277,-2.367123614131617,0.6744550475477928
97,239808594,Grp. A4 B6 (20% C1; 80% C11),446,0.166,0.127,-0.145,0.305,0.9,0.8,0.7,0.08,0.01,364.85144,1,5.899490257031304,0.13353139262452277,-2.4203681286504293,0.7435780341868372
98,225434839,Grp. A4 B6 (20% C1; 80% C11),446,0.166,0.142,-0.145,0.29,0.94,0.8,0.6,0.1,0.01,365.59924,1,5.901537760803217,0.287682072451781,-2.240709689275958,0.6931471805599453
99,182776357,Grp. A4 B6 (20% C1; 80% C11),446,0.171,0.127,-0.125,0.365,0.76,1.0,0.9,0.07,0.01,366.0182,1,5.902683058940988,0.10536051565782635,-2.3848231912310176,1.0715836162801904
0,207228112,Grp. A4 B6 (20% C1; 80% C11),447,0.166,0.127,-0.24,0.305,0.86,1.2,1.3,0.01,0.01,1992.0338,1,7.596911405872077,-0.0800427076735365,-4.454347296253507,0.23967285326542026
1,179286355,Grp. A4 B6 (20% C1; 80% C11),447,0.166,0.127,-0.24,0.305,0.74,1.5,1.6,0.01,0.01,2041.0498,1,7.621219562316192,-0.06453852113757118,-4.304065093204169,0.23967285326542026
2,240703610,Grp. A4 B6 (20% C1; 80% C11),447,0.166,0.127,-0.245,0.31,0.9,1.2,1.3,0.01,0.01,2063.4983,1,7.632158025349312,-0.0800427076735365,-4.499809670330265,0.235314086934465
3,197937363,Grp. A4 B6 (20% C1; 80% C11),447,0.166,0.127,-0.24,0.305,0.82,1.3,1.4,0.01,0.01,2071.6855,1,7.636117806144471,-0.07410797215372172,-4.406719247264253,0.23967285326542026
4,165324472,Grp. A4 B6 (20% C1; 80% C11),447,0.166,0.127,-0.24,0.305,0.68,1.7,1.8,0.01,0.01,2081.9263,1,7.641048849893227,-0.05715841383994864,-4.219507705176107,0.23967285326542026
5,188589314,Grp. A4 B6 (20% C1; 80% C11),447,0.166,0.127,-0.24,0.305,0.78,1.4,1.5,0.01,0.01,2093.4604,1,7.646573669588868,-0.06899287148695156,-4.356708826689592,0.23967285326542026
6,179604988,Grp. A4 B6 (20% C1; 80% C11),447,0.166,0.127,-0.245,0.31,0.74,1.6,1.7,0.01,0.01,2094.9753,1,7.647297042310602,-0.060624621816434736,-4.304065093204169,0.235314086934465
7,165669918,Grp. A4 B6 (20% C1; 80% C11),447,0.166,0.127,-0.245,0.31,0.68,1.8,1.9,0.01,0.01,2099.113,1,7.649270153531172,-0.0540672212702757,-4.219507705176107,0.235314086934465
8,226083896,Grp. A4 B6 (20% C1; 80% C11),447,0.166,0.127,-0.245,0.31,0.94,1.1,1.2,0.01,0.01,2108.8977,1,7.6539206729011635,-0.08701137698962969,-4.543294782270004,0.235314086934465
9,217390372,Grp. A4 B6 (20% C1; 80% C11),447,0.166,0.127,-0.245,0.31,0.8,1.4,1.5,0.01,0.01,2175.5486,1,7.6850361416032325,-0.06899287148695156,-4.382026634673882,0.235314086934465
10,202717726,Grp. A4 B6 (20% C1; 80% C11),447,0.166,0.127,-0.245,0.31,0.84,1.3,1.4,0.01,0.01,2193.7134,1,7.693351003314317,-0.07410797215372172,-4.430816798843313,0.235314086934465
11,161155501,Grp. A4 B6 (20% C1; 80% C11),447,0.166,0.127,-0.245,0.31,0.66,1.9,2.0,0.01,0.01,2219.8196,1,7.705181210303189,-0.05129329438755058,-4.189654742026425,0.235314086934465
12,194086747,Grp. A4 B6 (20% C1; 80% C11),447,0.166,0.127,-0.24,0.305,0.7,1.6,1.7,0.01,0.01,2245.532,1,7.716697743149922,-0.060624621816434736,-4.2484952420493585,0.23967285326542026
13,194418914,Grp. A4 B6 (20% C1; 80% C11),447,0.166,0.127,-0.245,0.31,0.7,1.7,1.8,0.01,0.01,2260.8787,1,7.723508822010868,-0.05715841383994864,-4.2484952420493585,0.235314086934465
14,230855747,Grp. A4 B6 (20% C1; 80% C11),447,0.166,0.127,-0.245,0.31,0.96,1.1,1.2,0.01,0.01,2304.6794,1,7.742696856819892,-0.08701137698962969,-4.564348191467836,0.235314086934465
15,188893305,Grp. A4 B6 (20% C1; 80% C11),447,0.166,0.127,-0.245,0.31,0.78,1.5,1.6,0.01,0.01,2339.2817,1,7.757599195416133,-0.06453852113757118,-4.356708826689592,0.235314086934465
16,151358645,Grp. A4 B6 (20% C1; 80% C11),447,0.166,0.127,-0.24,0.305,0.62,1.9,2.0,0.01,0.01,2344.4207,1,7.759793614114565,-0.05129329438755058,-4.127134385045092,0.23967285326542026
17,160798045,Grp. A4 B6 (20% C1; 80% C11),447,0.166,0.127,-0.24,0.305,0.66,1.8,1.9,0.01,0.01,2362.4246,1,7.767443743514677,-0.0540672212702757,-4.189654742026425,0.23967285326542026
18,184094913,Grp. A4 B6 (20% C1; 80% C11),447,0.166,0.127,-0.245,0.31,0.76,1.5,1.6,0.01,0.01,2367.9236,1,7.769768731969904,-0.06453852113757118,-4.330733340286331,0.235314086934465
19,207499775,Grp. A4 B6 (20% C1; 80% C11),447,0.166,0.127,-0.245,0.31,0.86,1.3,1.4,0.01,0.01,2369.6816,1,7.7705108791123845,-0.07410797215372172,-4.454347296253507,0.235314086934465
20,172148323,Grp. A4 B6 (20% C1; 80% C11),447,0.166,0.127,-0.145,0.305,0.72,0.4,0.4,0.01,0.01,2381.1873,1,7.77535450781969,0.0,-4.276666119016055,0.7435780341868372
21,212004138,Grp. A4 B6 (20% C1; 80% C11),447,0.166,0.127,-0.245,0.31,0.88,1.2,1.3,0.01,0.01,2502.1265,1,7.824896249301124,-0.0800427076735365,-4.477336814478207,0.235314086934465
22,198225677,Grp. A4 B6 (20% C1; 80% C11),447,0.166,0.127,-0.245,0.31,0.82,1.4,1.5,0.01,0.01,2503.2527,1,7.825346245185154,-0.06899287148695156,-4.406719247264253,0.235314086934465
23,181784174,Grp. A4 B6 (20% C1; 80% C11),447,0.166,0.127,-0.15,0.315,0.76,0.4,0.4,0.01,0.01,2517.8071,1,7.831143603250337,0.0,-4.330733340286331,0.7419373447293773
24,137877100,Grp. A4 B6 (20% C1; 80% C11),447,0.166,0.127,-0.14,0.295,0.58,0.5,0.5,0.01,0.01,2528.388,1,7.835337224502401,0.0,-4.060443010546419,0.7453329337305153
25,162513455,Grp. A4 B6 (20% C1; 80% C11),447,0.166,0.127,-0.14,0.355,0.68,0.5,0.5,0.01,0.01,2528.4644,1,7.83536744092715,0.0,-4.219507705176107,0.9304753668661113
26,234404740,Grp. A4 B6 (20% C1; 80% C11),447,0.166,0.127,-0.135,0.265,0.98,0.4,0.3,0.05,0.01,2554.7568,1,7.845712312197358,0.287682072451781,-2.9755295662364714,0.6744550475477928
27,243961695,Grp. A4 B6 (20% C1; 80% C11),447,0.166,0.127,-0.16,0.4,1.0,0.4,0.4,0.01,0.01,2567.818,1,7.85081179002415,0.0,-4.605170185988091,0.9162907318741551
28,147849923,Grp. A4 B6 (20% C1; 80% C11),447,0.166,0.127,-0.145,0.305,0.62,0.5,0.5,0.01,0.01,2572.7393,1,7.852726485733692,0.0,-4.127134385045092,0.7435780341868372
29,174778700,Grp. A4 B6 (20% C1; 80% C11),447,0.166,0.127,-0.24,0.305,0.72,1.6,1.7,0.01,0.01,2631.074,1,7.875147406832521,-0.060624621816434736,-4.276666119016055,0.23967285326542026
30,217103651,Grp. A4 B6 (20% C1; 80% C11),447,0.166,0.127,-0.24,0.305,0.8,1.3,1.4,0.01,0.01,2636.1694,1,7.877082157593972,-0.07410797215372172,-4.382026634673882,0.23967285326542026
31,167642149,Grp. A4 B6 (20% C1; 80% C11),447,0.166,0.127,-0.14,0.355,0.6,0.6,0.6,0.01,0.01,2638.7148,1,7.878047259424101,0.0,-4.0943445622221,0.9304753668661113
32,155908883,Grp. A4 B6 (20% C1; 80% C11),447,0.166,0.127,-0.24,0.305,0.64,1.8,1.9,0.01,0.01,2640.951,1,7.878894358546822,-0.0540672212702757,-4.1588830833596715,0.23967285326542026
33,172764469,Grp. A4 B6 (20% C1; 80% C11),447,0.166,0.127,-0.16,0.4,0.72,0.8,0.8,0.02,0.01,2651.584,1,7.882912476256408,0.0,-3.58351893845611,0.9162907318741551
34,118268621,Grp. A4 B6 (20% C1; 80% C11),447,0.166,0.127,-0.135,0.265,0.4,0.7,0.7,0.01,0.01,2654.0972,1,7.88385983818534,0.0,-3.6888794541139363,0.6744550475477928
35,196345226,Grp. A4 B6 (20% C1; 80% C11),447,0.171,0.127,-0.145,0.415,0.82,0.5,0.5,0.01,0.01,2654.9187,1,7.884169311738266,0.0,-4.406719247264253,1.051544777810124
36,175111936,Grp. A4 B6 (20% C1; 80% C11),447,0.166,0.127,-0.245,0.31,0.72,1.7,1.8,0.01,0.01,2670.6736,1,7.890086004220071,-0.05715841383994864,-4.276666119016055,0.235314086934465
37,157645417,Grp. A4 B6 (20% C1; 80% C11),447,0.166,0.127,-0.15,0.315,0.66,0.5,0.5,0.01,0.01,2679.576,1,7.893413852033322,0.0,-4.189654742026425,0.7419373447293773
38,119386505,Grp. A4 B6 (20% C1; 80% C11),447,0.166,0.127,-0.15,0.315,0.4,1.2,1.2,0.02,0.01,2697.4536,1,7.900063495872208,0.0,-2.9957322735539913,0.7419373447293773
39,205895162,Grp. A4 B6 (20% C1; 80% C11),447,0.166,0.127,-0.16,0.4,0.86,0.5,0.5,0.01,0.01,2706.0493,1,7.903245027337871,0.0,-4.454347296253507,0.9162907318741551
40,158319624,Grp. A4 B6 (20% C1; 80% C11),447,0.166,0.127,-0.16,0.4,0.66,0.9,0.9,0.02,0.01,2706.4219,1,7.903382709363998,0.0,-3.4965075614664802,0.9162907318741551
41,183792404,Grp. A4 B6 (20% C1; 80% C11),447,0.166,0.127,-0.24,0.305,0.76,1.4,1.5,0.01,0.01,2710.626,1,7.90493488350817,-0.06899287148695156,-4.330733340286331,0.23967285326542026
42,59781613,Grp. A4 B6 (20% C1; 80% C11),447,0.166,0.127,-0.145,0.305,0.26,1.9,1.9,0.02,0.01,2717.0212,1,7.907291412119499,0.0,-2.5649493574615367,0.7435780341868372
43,172443979,Grp. A4 B6 (20% C1; 80% C11),447,0.171,0.127,-0.145,0.415,0.72,0.6,0.6,0.01,0.01,2724.9392,1,7.910201394921824,0.0,-4.276666119016055,1.051544777810124
44,95041407,Grp. A4 B6 (20% C1; 80% C11),447,0.166,0.127,-0.145,0.305,0.3,1.6,1.6,0.02,0.01,2730.0554,1,7.912077181013397,0.0,-2.70805020110221,0.7435780341868372
45,220222682,Grp. A4 B6 (20% C1; 80% C11),447,0.171,0.127,-0.155,0.44,0.92,0.5,0.5,0.01,0.01,2731.3938,1,7.912567307343527,0.0,-4.5217885770490405,1.0433496099930604
46,138054438,Grp. A4 B6 (20% C1; 80% C11),447,0.166,0.127,-0.15,0.315,0.58,0.6,0.6,0.01,0.01,2766.4246,1,7.925311007312855,0.0,-4.060443010546419,0.7419373447293773
47,152919989,Grp. A4 B6 (20% C1; 80% C11),447,0.171,0.127,-0.135,0.39,0.64,0.6,0.6,0.01,0.01,2771.1216,1,7.927007426974846,0.0,-4.1588830833596715,1.0608719606852626
48,82691672,Grp. A4 B6 (20% C1; 80% C11),447,0.166,0.127,-0.135,0.265,0.36,0.8,0.8,0.01,0.01,2775.3206,1,7.928521551038813,0.0,-3.58351893845611,0.6744550475477928
49,156266274,Grp. A4 B6 (20% C1; 80% C11),447,0.166,0.127,-0.24,0.305,0.64,1.9,2.0,0.01,0.01,2780.96,1,7.930551470815169,-0.05129329438755058,-4.1588830833596715,0.23967285326542026
50,74377736,Grp. A4 B6 (20% C1; 80% C11),447,0.166,0.127,-0.15,0.315,0.32,1.6,1.6,0.02,0.01,2813.8696,1,7.942315896870694,0.0,-2.772588722239781,0.7419373447293773
51,128101949,Grp. A4 B6 (20% C1; 80% C11),447,0.166,0.127,-0.145,0.305,0.54,0.6,0.6,0.01,0.01,2825.4575,1,7.946425577371212,0.0,-3.9889840465642745,0.7435780341868372
52,144584622,Grp. A4 B6 (20% C1; 80% C11),447,0.166,0.127,-0.16,0.4,0.5,1.3,1.3,0.02,0.01,2839.6697,1,7.951443021574653,0.0,-3.2188758248682006,0.9162907318741551
53,122902808,Grp. A4 B6 (20% C1; 80% C11),447,0.166,0.127,-0.135,0.265,0.52,0.5,0.5,0.01,0.01,2841.131,1,7.951957491315594,0.0,-3.951243718581427,0.6744550475477928
54,103219877,Grp. A4 B6 (20% C1; 80% C11),447,0.166,0.127,-0.145,0.305,0.44,0.8,0.8,0.01,0.01,2849.2556,1,7.954813046163412,0.0,-3.784189633918261,0.7435780341868372
55,182064008,Grp. A4 B6 (20% C1; 80% C11),447,0.166,0.127,-0.16,0.4,0.76,0.6,0.6,0.01,0.01,2866.4795,1,7.9608399007442845,0.0,-4.330733340286331,0.9162907318741551
56,128285419,Grp. A4 B6 (20% C1; 80% C11),447,0.166,0.127,-0.14,0.355,0.54,0.7,0.7,0.01,0.01,2875.4922,1,7.963979138578403,0.0,-3.9889840465642745,0.9304753668661113
57,123286213,Grp. A4 B6 (20% C1; 80% C11),447,0.166,0.127,-0.15,0.315,0.52,0.7,0.7,0.01,0.01,2879.4907,1,7.965368717214128,0.0,-3.951243718581427,0.7419373447293773
58,62732616,Grp. A4 B6 (20% C1; 80% C11),447,0.166,0.127,-0.135,0.265,0.28,1.1,1.1,0.01,0.01,2880.92,1,7.965864966562923,0.0,-3.332204510175204,0.6744550475477928
59,114995731,Grp. A4 B6 (20% C1; 80% C11),447,0.171,0.127,-0.155,0.44,0.48,1.5,1.5,0.02,0.01,2889.2615,1,7.9687562121193265,0.0,-3.1780538303479453,1.0433496099930604
60,88286746,Grp. A4 B6 (20% C1; 80% C11),447,0.171,0.127,-0.125,0.365,0.38,1.0,1.0,0.01,0.01,2915.3262,1,7.977736996468924,0.0,-3.6375861597263857,1.0715836162801904
61,93982350,Grp. A4 B6 (20% C1; 80% C11),447,0.166,0.127,-0.14,0.295,0.3,1.2,1.2,0.01,0.01,2929.4714,1,7.982577276179037,0.0,-3.4011973816621555,0.7453329337305153
62,121417654,Grp. A4 B6 (20% C1; 80% C11),447,0.171,0.127,-0.155,0.44,0.4,1.9,1.9,0.02,0.01,2932.1296,1,7.9834842639396255,0.0,-2.9957322735539913,1.0433496099930604
63,39215646,Grp. A4 B6 (20% C1; 80% C11),447,0.166,0.127,-0.135,0.265,0.18,1.9,1.9,0.01,0.01,2937.2517,1,7.985229627220176,0.0,-2.8903717578961645,0.6744550475477928
64,88507527,Grp. A4 B6 (20% C1; 80% C11),447,0.166,0.127,-0.14,0.355,0.38,1.1,1.1,0.01,0.01,2961.7239,1,7.993526776438481,0.0,-3.6375861597263857,0.9304753668661113
65,168606047,Grp. A4 B6 (20% C1; 80% C11),447,0.171,0.127,-0.155,0.44,0.6,1.1,1.1,0.02,0.01,2962.4236,1,7.993762996081308,0.0,-3.4011973816621555,1.0433496099930604
66,128672798,Grp. A4 B6 (20% C1; 80% C11),447,0.171,0.127,-0.145,0.415,0.54,0.9,0.9,0.01,0.01,2968.378,1,7.9957709546684335,0.0,-3.9889840465642745,1.051544777810124
67,85961042,Grp. A4 B6 (20% C1; 80% C11),447,0.166,0.127,-0.16,0.4,0.36,2.0,2.0,0.02,0.01,2969.1821,1,7.996041806665339,0.0,-2.8903717578961645,0.9162907318741551
68,156265509,Grp. A4 B6 (20% C1; 80% C11),447,0.166,0.127,-0.245,0.31,0.64,1.9,2.0,0.01,0.01,2970.1123,1,7.996355042529722,-0.05129329438755058,-4.1588830833596715,0.235314086934465
69,212004621,Grp. A4 B6 (20% C1; 80% C11),447,0.166,0.127,-0.24,0.305,0.88,1.2,1.3,0.01,0.01,2990.1082,1,8.003064853020957,-0.0800427076735365,-4.477336814478207,0.23967285326542026
70,88996934,Grp. A4 B6 (20% C1; 80% C11),447,0.166,0.127,-0.15,0.315,0.38,1.3,1.3,0.02,0.01,2995.674,1,8.004924526967683,0.0,-2.9444389791664407,0.7419373447293773
71,108089071,Grp. A4 B6 (20% C1; 80% C11),447,0.166,0.127,-0.14,0.295,0.46,0.7,0.7,0.01,0.01,2999.4631,1,8.006188584967136,0.0,-3.828641396489095,0.7453329337305153
72,174778056,Grp. A4 B6 (20% C1; 80% C11),447,0.166,0.127,-0.245,0.31,0.72,1.6,1.7,0.01,0.01,3003.3633,1,8.007488039686939,-0.060624621816434736,-4.276666119016055,0.235314086934465
73,73073794,Grp. A4 B6 (20% C1; 80% C11),447,0.166,0.127,-0.14,0.295,0.32,1.1,1.1,0.01,0.01,3005.39,1,8.008162622241976,0.0,-3.4657359027997265,0.7453329337305153
74,95050187,Grp. A4 B6 (20% C1; 80% C11),447,0.171,0.127,-0.135,0.39,0.3,1.6,1.6,0.01,0.01,3012.0095,1,8.010362742965276,0.0,-3.4011973816621555,1.0608719606852626
75,143899572,Grp. A4 B6 (20% C1; 80% C11),447,0.171,0.127,-0.145,0.415,0.5,1.0,1.0,0.01,0.01,3020.6018,1,8.013211362040161,0.0,-3.912023005428146,1.051544777810124
76,91123481,Grp. A4 B6 (20% C1; 80% C11),447,0.171,0.127,-0.155,0.44,0.38,2.0,2.0,0.02,0.01,3028.6838,1,8.015883414690048,0.0,-2.9444389791664407,1.0433496099930604
77,57799273,Grp. A4 B6 (20% C1; 80% C11),447,0.166,0.127,-0.135,0.265,0.26,1.2,1.2,0.01,0.01,3032.3223,1,8.01708404058517,0.0,-3.258096538021482,0.6744550475477928
78,58886047,Grp. A4 B6 (20% C1; 80% C11),447,0.171,0.127,-0.125,0.365,0.26,1.6,1.6,0.01,0.01,3036.522,1,8.018468060494984,0.0,-3.258096538021482,1.0715836162801904
79,118700992,Grp. A4 B6 (20% C1; 80% C11),447,0.166,0.127,-0.145,0.305,0.4,0.9,0.9,0.01,0.01,3036.6782,1,8.018519499602832,0.0,-3.6888794541139363,0.7435780341868372
80,48224201,Grp. A4 B6 (20% C1; 80% C11),447,0.166,0.127,-0.135,0.265,0.22,1.5,1.5,0.01,0.01,3042.178,1,8.02032898524279,0.0,-3.0910424533583156,0.6744550475477928
81,88753381,Grp. A4 B6 (20% C1; 80% C11),447,0.171,0.127,-0.135,0.39,0.38,1.2,1.2,0.01,0.01,3042.399,1,8.020401627926118,0.0,-3.6375861597263857,1.0608719606852626
82,94757940,Grp. A4 B6 (20% C1; 80% C11),447,0.166,0.127,-0.14,0.355,0.3,1.5,1.5,0.01,0.01,3048.222,1,8.022313748799892,0.0,-3.4011973816621555,0.9304753668661113
83,63242234,Grp. A4 B6 (20% C1; 80% C11),447,0.166,0.127,-0.14,0.295,0.28,1.3,1.3,0.01,0.01,3051.8972,1,8.023518709006138,0.0,-3.332204510175204,0.7453329337305153
84,95338124,Grp. A4 B6 (20% C1; 80% C11),447,0.166,0.127,-0.15,0.315,0.3,1.7,1.7,0.02,0.01,3053.9814,1,8.02420139538675,0.0,-2.70805020110221,0.7419373447293773
85,144858605,Grp. A4 B6 (20% C1; 80% C11),447,0.171,0.127,-0.155,0.44,0.5,1.4,1.4,0.02,0.01,3054.609,1,8.024406876507962,0.0,-3.2188758248682006,1.0433496099930604
86,123479224,Grp. A4 B6 (20% C1; 80% C11),447,0.171,0.127,-0.135,0.39,0.52,0.8,0.8,0.01,0.01,3065.092,1,8.027832864233044,0.0,-3.951243718581427,1.0608719606852626
87,153086135,Grp. A4 B6 (20% C1; 80% C11),447,0.171,0.127,-0.145,0.415,0.64,0.7,0.7,0.01,0.01,3070.9338,1,8.029736963712223,0.0,-4.1588830833596715,1.051544777810124
88,88059076,Grp. A4 B6 (20% C1; 80% C11),447,0.166,0.127,-0.14,0.295,0.38,0.9,0.9,0.01,0.01,3072.4114,1,8.030218004572012,0.0,-3.6375861597263857,0.7453329337305153
89,59792198,Grp. A4 B6 (20% C1; 80% C11),447,0.171,0.127,-0.135,0.39,0.26,1.9,1.9,0.01,0.01,3091.1223,1,8.036289507832722,0.0,-3.258096538021482,1.0608719606852626
90,53694949,Grp. A4 B6 (20% C1; 80% C11),447,0.166,0.127,-0.14,0.295,0.24,1.6,1.6,0.01,0.01,3102.996,1,8.040123375372461,0.0,-3.1780538303479453,0.7453329337305153
91,64970134,Grp. A4 B6 (20% C1; 80% C11),447,0.166,0.127,-0.15,0.315,0.28,1.9,1.9,0.02,0.01,3108.029,1,8.041744042203337,0.0,-2.639057329615259,0.7419373447293773
92,73315725,Grp. A4 B6 (20% C1; 80% C11),447,0.166,0.127,-0.145,0.305,0.32,1.2,1.2,0.01,0.01,3134.1702,1,8.05011972903549,0.0,-3.4657359027997265,0.7435780341868372
93,196482304,Grp. A4 B6 (20% C1; 80% C11),447,0.171,0.127,-0.155,0.44,0.82,0.6,0.6,0.01,0.01,3137.1497,1,8.05106992780439,0.0,-4.406719247264253,1.0433496099930604
94,110242375,Grp. A4 B6 (20% C1; 80% C11),447,0.171,0.127,-0.155,0.44,0.46,1.6,1.6,0.02,0.01,3143.7532,1,8.053172651740175,0.0,-3.1354942159291497,1.0433496099930604
95,134061063,Grp. A4 B6 (20% C1; 80% C11),447,0.166,0.127,-0.16,0.4,0.56,1.1,1.1,0.02,0.01,3152.0635,1,8.05581259671393,0.0,-3.332204510175204,0.9162907318741551
96,234407690,Grp. A4 B6 (20% C1; 80% C11),447,0.166,0.127,-0.16,0.4,0.98,0.4,0.4,0.01,0.01,3155.7446,1,8.056979753469342,0.0,-4.584967478670571,0.9162907318741551
97,103426690,Grp. A4 B6 (20% C1; 80% C11),447,0.166,0.127,-0.14,0.355,0.44,0.9,0.9,0.01,0.01,3158.306,1,8.057791086891505,0.0,-3.784189633918261,0.9304753668661113
98,100721410,Grp. A4 B6 (20% C1; 80% C11),447,0.171,0.127,-0.155,0.44,0.42,1.8,1.8,0.02,0.01,3167.2192,1,8.06060925791045,0.0,-3.044522437723423,1.0433496099930604
99,70476731,Grp. A4 B6 (20% C1; 80% C11),447,0.166,0.127,-0.14,0.295,0.2,2.0,2.0,0.01,0.01,3168.6094,1,8.0610480955464,0.0,-2.9957322735539913,0.7453329337305153
0,226756582,Grp. A4 B6 (20% C1; 80% C11),683,0.166,0.127,-0.11,0.24,0.94,1.3,1.5,0.01,0.01,1612.4696,1,7.385522195779035,-0.1431008436406733,-4.543294782270004,0.780158557549575
1,207603606,Grp. A4 B6 (20% C1; 80% C11),683,0.166,0.127,-0.11,0.22,0.86,1.3,1.5,0.01,0.01,1629.2383,1,7.395867883968353,-0.1431008436406733,-4.454347296253507,0.6931471805599453
2,241417080,Grp. A4 B6 (20% C1; 80% C11),683,0.166,0.127,-0.11,0.24,0.9,1.4,1.6,0.01,0.01,1643.648,1,7.404673440768754,-0.13353139262452274,-4.499809670330265,0.780158557549575
3,212382368,Grp. A4 B6 (20% C1; 80% C11),683,0.166,0.127,-0.11,0.22,0.88,1.3,1.5,0.01,0.01,1648.2097,1,7.407444947520071,-0.1431008436406733,-4.477336814478207,0.6931471805599453
4,198335159,Grp. A4 B6 (20% C1; 80% C11),683,0.166,0.127,-0.11,0.22,0.82,1.4,1.6,0.01,0.01,1648.2168,1,7.407449255215086,-0.13353139262452274,-4.406719247264253,0.6931471805599453
5,212714264,Grp. A4 B6 (20% C1; 80% C11),683,0.166,0.127,-0.11,0.24,0.88,1.4,1.6,0.01,0.01,1650.3918,1,7.408767993252212,-0.13353139262452274,-4.477336814478207,0.780158557549575
6,208251700,Grp. A4 B6 (20% C1; 80% C11),683,0.166,0.127,-0.11,0.24,0.86,1.5,1.7,0.01,0.01,1664.013,1,7.416987433850636,-0.12516314295400605,-4.454347296253507,0.780158557549575
7,203466519,Grp. A4 B6 (20% C1; 80% C11),683,0.166,0.127,-0.11,0.24,0.84,1.5,1.7,0.01,0.01,1672.5646,1,7.422113416069618,-0.12516314295400605,-4.430816798843313,0.780158557549575
8,199013508,Grp. A4 B6 (20% C1; 80% C11),683,0.166,0.127,-0.11,0.24,0.82,1.6,1.8,0.01,0.01,1673.6259,1,7.422747749372273,-0.11778303565638339,-4.406719247264253,0.780158557549575
9,189008135,Grp. A4 B6 (20% C1; 80% C11),683,0.166,0.127,-0.11,0.22,0.78,1.5,1.7,0.01,0.01,1676.5576,1,7.4244979226080625,-0.12516314295400605,-4.356708826689592,0.6931471805599453
10,203118029,Grp. A4 B6 (20% C1; 80% C11),683,0.166,0.127,-0.11,0.22,0.84,1.4,1.6,0.01,0.01,1677.6595,1,7.425154946293047,-0.13353139262452274,-4.430816798843313,0.6931471805599453
11,184535501,Grp. A4 B6 (20% C1; 80% C11),683,0.166,0.127,-0.11,0.22,0.76,1.6,1.8,0.01,0.01,1684.1287,1,7.4290036170601645,-0.11778303565638339,-4.330733340286331,0.6931471805599453
12,217811505,Grp. A4 B6 (20% C1; 80% C11),683,0.166,0.127,-0.11,0.22,0.8,1.5,1.7,0.01,0.01,1685.8291,1,7.430012769248542,-0.12516314295400605,-4.382026634673882,0.6931471805599453
13,189714357,Grp. A4 B6 (20% C1; 80% C11),683,0.166,0.127,-0.11,0.24,0.78,1.7,1.9,0.01,0.01,1687.2615,1,7.4308620794248545,-0.11122563511022437,-4.356708826689592,0.780158557549575
14,231532107,Grp. A4 B6 (20% C1; 80% C11),683,0.166,0.127,-0.11,0.24,0.96,1.3,1.5,0.01,0.01,1696.9144,1,7.436566822005594,-0.1431008436406733,-4.564348191467836,0.780158557549575
15,175236458,Grp. A4 B6 (20% C1; 80% C11),683,0.166,0.127,-0.11,0.22,0.72,1.7,1.9,0.01,0.01,1700.069,1,7.438424117455922,-0.11122563511022437,-4.276666119016055,0.6931471805599453
16,226440878,Grp. A4 B6 (20% C1; 80% C11),683,0.166,0.127,-0.11,0.22,0.94,1.2,1.4,0.01,0.01,1705.9026,1,7.441849633807476,-0.15415067982725822,-4.543294782270004,0.6931471805599453
17,218175285,Grp. A4 B6 (20% C1; 80% C11),683,0.166,0.127,-0.11,0.24,0.8,1.6,1.8,0.01,0.01,1711.832,1,7.44531942104542,-0.11778303565638339,-4.382026634673882,0.780158557549575
18,194894541,Grp. A4 B6 (20% C1; 80% C11),683,0.166,0.127,-0.11,0.22,0.7,1.8,2.0,0.01,0.01,1713.699,1,7.446409471133927,-0.10536051565782628,-4.2484952420493585,0.6931471805599453
19,185269154,Grp. A4 B6 (20% C1; 80% C11),683,0.166,0.127,-0.11,0.24,0.76,1.8,2.0,0.01,0.01,1714.2657,1,7.446740104646671,-0.10536051565782628,-4.330733340286331,0.780158557549575
20,179724771,Grp. A4 B6 (20% C1; 80% C11),683,0.166,0.127,-0.11,0.22,0.74,1.6,1.8,0.01,0.01,1728.4231,1,7.4549647689302825,-0.11778303565638339,-4.304065093204169,0.6931471805599453
21,180456607,Grp. A4 B6 (20% C1; 80% C11),683,0.166,0.127,-0.11,0.24,0.74,1.8,2.0,0.01,0.01,1733.2726,1,7.4577665768260095,-0.10536051565782628,-4.304065093204169,0.780158557549575
22,245282790,Grp. A4 B6 (20% C1; 80% C11),683,0.166,0.127,-0.11,0.22,1.0,1.1,1.3,0.01,0.01,1738.9838,1,7.461056198612214,-0.1670540846631662,-4.605170185988091,0.6931471805599453
23,218519666,Grp. A4 B6 (20% C1; 80% C11),683,0.166,0.127,-0.11,0.24,0.8,1.7,1.9,0.01,0.01,1745.7229,1,7.46492401819165,-0.11122563511022437,-4.382026634673882,0.780158557549575
24,180064716,Grp. A4 B6 (20% C1; 80% C11),683,0.166,0.127,-0.11,0.22,0.74,1.7,1.9,0.01,0.01,1748.5386,1,7.466535632324956,-0.11122563511022437,-4.304065093204169,0.6931471805599453
25,222285312,Grp. A4 B6 (20% C1; 80% C11),683,0.166,0.127,-0.11,0.24,0.92,1.4,1.6,0.01,0.01,1759.5969,1,7.472840027708975,-0.13353139262452274,-4.5217885770490405,0.780158557549575
26,244603716,Grp. A4 B6 (20% C1; 80% C11),683,0.166,0.127,-0.11,0.22,1.0,0.8,0.9,0.02,0.01,1769.3231,1,7.47835232304458,-0.11778303565638339,-3.912023005428146,0.6931471805599453
27,240829634,Grp. A4 B6 (20% C1; 80% C11),683,0.166,0.127,-0.11,0.24,0.9,1.2,1.3,0.03,0.01,1772.2588,1,7.480010170162212,-0.0800427076735365,-3.4011973816621555,0.780158557549575
28,225710414,Grp. A4 B6 (20% C1; 80% C11),683,0.166,0.127,-0.11,0.22,0.94,0.9,1.0,0.02,0.01,1775.9348,1,7.482082211166512,-0.10536051565782628,-3.8501476017100584,0.6931471805599453
29,165798159,Grp. A4 B6 (20% C1; 80% C11),683,0.166,0.127,-0.11,0.22,0.68,1.8,2.0,0.01,0.01,1777.2451,1,7.482819747737287,-0.10536051565782628,-4.219507705176107,0.6931471805599453
30,203798648,Grp. A4 B6 (20% C1; 80% C11),683,0.166,0.127,-0.11,0.24,0.84,1.6,1.8,0.01,0.01,1778.2594,1,7.483390299695534,-0.11778303565638339,-4.430816798843313,0.780158557549575
31,184913412,Grp. A4 B6 (20% C1; 80% C11),683,0.166,0.127,-0.11,0.24,0.76,1.7,1.9,0.01,0.01,1785.7307,1,7.487582966192833,-0.11122563511022437,-4.330733340286331,0.780158557549575
32,213033059,Grp. A4 B6 (20% C1; 80% C11),683,0.166,0.127,-0.11,0.24,0.88,1.5,1.7,0.01,0.01,1787.0627,1,7.488328601281451,-0.12516314295400605,-4.477336814478207,0.780158557549575
33,241083830,Grp. A4 B6 (20% C1; 80% C11),683,0.166,0.127,-0.11,0.22,0.9,1.3,1.5,0.01,0.01,1796.7478,1,7.493733531914798,-0.1431008436406733,-4.499809670330265,0.6931471805599453
34,244828601,Grp. A4 B6 (20% C1; 80% C11),683,0.166,0.127,-0.11,0.24,1.0,0.9,1.0,0.02,0.01,1797.2053,1,7.493988126223484,-0.10536051565782628,-3.912023005428146,0.780158557549575
35,199716798,Grp. A4 B6 (20% C1; 80% C11),683,0.166,0.127,-0.11,0.24,0.82,1.8,2.0,0.02,0.01,1803.5045,1,7.497486995488804,-0.10536051565782628,-3.713572066704308,0.780158557549575
36,189335497,Grp. A4 B6 (20% C1; 80% C11),683,0.166,0.127,-0.11,0.22,0.78,1.6,1.8,0.01,0.01,1805.1725,1,7.4984114340677,-0.11778303565638339,-4.356708826689592,0.6931471805599453
37,202543505,Grp. A4 B6 (20% C1; 80% C11),683,0.166,0.127,-0.11,0.22,0.84,1.2,1.3,0.03,0.01,1805.4532,1,7.4985669195839995,-0.0800427076735365,-3.332204510175204,0.6931471805599453
38,202850887,Grp. A4 B6 (20% C1; 80% C11),683,0.166,0.127,-0.11,0.24,0.84,1.3,1.4,0.03,0.01,1806.7758,1,7.499299209845278,-0.07410797215372172,-3.332204510175204,0.780158557549575
39,211602645,Grp. A4 B6 (20% C1; 80% C11),683,0.166,0.127,-0.11,0.22,0.88,1.0,1.1,0.02,0.01,1815.0035,1,7.5038426750717475,-0.0953101798043249,-3.784189633918261,0.6931471805599453
40,225955419,Grp. A4 B6 (20% C1; 80% C11),683,0.166,0.127,-0.11,0.24,0.94,1.0,1.1,0.02,0.01,1815.2112,1,7.503957103565592,-0.0953101798043249,-3.8501476017100584,0.780158557549575
41,230726305,Grp. A4 B6 (20% C1; 80% C11),683,0.166,0.127,-0.11,0.24,0.96,1.0,1.1,0.02,0.01,1816.254,1,7.504531417222053,-0.0953101798043249,-3.8712010109078907,0.780158557549575
42,230479288,Grp. A4 B6 (20% C1; 80% C11),683,0.166,0.127,-0.11,0.22,0.96,0.9,1.0,0.02,0.01,1818.6053,1,7.50582516761727,-0.10536051565782628,-3.8712010109078907,0.6931471805599453
43,185230306,Grp. A4 B6 (20% C1; 80% C11),683,0.166,0.127,-0.11,0.22,0.76,1.8,2.0,0.02,0.01,1820.0625,1,7.506626120140555,-0.10536051565782628,-3.6375861597263857,0.6931471805599453
44,188404693,Grp. A4 B6 (20% C1; 80% C11),683,0.166,0.127,-0.11,0.22,0.78,1.3,1.4,0.03,0.01,1820.1302,1,7.506663315973626,-0.07410797215372172,-3.258096538021482,0.6931471805599453
45,217531004,Grp. A4 B6 (20% C1; 80% C11),683,0.166,0.127,-0.11,0.24,0.8,1.4,1.5,0.03,0.01,1829.7865,1,7.511954572362715,-0.06899287148695156,-3.283414346005772,0.780158557549575
46,240539655,Grp. A4 B6 (20% C1; 80% C11),683,0.166,0.127,-0.11,0.22,0.9,1.1,1.2,0.03,0.01,1829.832,1,7.511979438342599,-0.08701137698962969,-3.4011973816621555,0.6931471805599453
47,184209253,Grp. A4 B6 (20% C1; 80% C11),683,0.166,0.127,-0.11,0.22,0.76,1.5,1.7,0.01,0.01,1831.308,1,7.512785744618768,-0.12516314295400605,-4.330733340286331,0.6931471805599453
48,207633575,Grp. A4 B6 (20% C1; 80% C11),683,0.166,0.127,-0.11,0.24,0.86,1.3,1.4,0.03,0.01,1832.6615,1,7.513524560846123,-0.07410797215372172,-3.355735007585398,0.780158557549575
49,194543054,Grp. A4 B6 (20% C1; 80% C11),683,0.166,0.127,-0.11,0.22,0.7,1.7,1.9,0.01,0.01,1835.7981,1,7.5152345978133255,-0.11122563511022437,-4.2484952420493585,0.6931471805599453
50,175588785,Grp. A4 B6 (20% C1; 80% C11),683,0.166,0.127,-0.11,0.22,0.72,1.8,2.0,0.01,0.01,1838.5981,1,7.516758658034146,-0.10536051565782628,-4.276666119016055,0.6931471805599453
51,160925242,Grp. A4 B6 (20% C1; 80% C11),683,0.166,0.127,-0.11,0.22,0.66,1.8,1.9,0.04,0.01,1838.6027,1,7.516761159937224,-0.0540672212702757,-2.803360380906535,0.6931471805599453
52,175627453,Grp. A4 B6 (20% C1; 80% C11),683,0.166,0.127,-0.11,0.24,0.72,1.8,1.9,0.04,0.01,1841.4557,1,7.5183116791200595,-0.0540672212702757,-2.8903717578961645,0.780158557549575
53,198648652,Grp. A4 B6 (20% C1; 80% C11),683,0.166,0.127,-0.11,0.22,0.82,1.5,1.7,0.01,0.01,1845.5396,1,7.520526979839409,-0.12516314295400605,-4.406719247264253,0.6931471805599453
54,240565372,Grp. A4 B6 (20% C1; 80% C11),683,0.166,0.127,-0.11,0.24,0.9,1.1,1.2,0.02,0.01,1845.719,1,7.520624182457584,-0.08701137698962969,-3.8066624897703196,0.780158557549575
55,207902039,Grp. A4 B6 (20% C1; 80% C11),683,0.166,0.127,-0.11,0.22,0.86,1.4,1.6,0.01,0.01,1845.8147,1,7.520676030826202,-0.13353139262452274,-4.454347296253507,0.6931471805599453
56,179091425,Grp. A4 B6 (20% C1; 80% C11),683,0.166,0.127,-0.11,0.22,0.74,1.4,1.5,0.03,0.01,1850.0917,1,7.5229904844115065,-0.06899287148695156,-3.20545280453606,0.6931471805599453
57,230279196,Grp. A4 B6 (20% C1; 80% C11),683,0.166,0.127,-0.11,0.22,0.96,0.8,0.9,0.01,0.01,1854.2125,1,7.525215356601998,-0.11778303565638339,-4.564348191467836,0.6931471805599453
58,190070850,Grp. A4 B6 (20% C1; 80% C11),683,0.166,0.127,-0.11,0.24,0.78,1.8,2.0,0.01,0.01,1854.6715,1,7.525462870410649,-0.10536051565782628,-4.356708826689592,0.780158557549575
59,217205354,Grp. A4 B6 (20% C1; 80% C11),683,0.166,0.127,-0.11,0.22,0.8,1.3,1.4,0.03,0.01,1861.9247,1,7.529366016632597,-0.07410797215372172,-3.283414346005772,0.6931471805599453
60,184242706,Grp. A4 B6 (20% C1; 80% C11),683,0.166,0.127,-0.11,0.24,0.76,1.5,1.6,0.03,0.01,1862.1975,1,7.529512520955408,-0.06453852113757118,-3.2321210516182215,0.780158557549575
61,225511853,Grp. A4 B6 (20% C1; 80% C11),683,0.166,0.127,-0.11,0.22,0.94,0.8,0.9,0.01,0.01,1862.3635,1,7.529601658977371,-0.11778303565638339,-4.543294782270004,0.6931471805599453
62,197508613,Grp. A4 B6 (20% C1; 80% C11),683,0.166,0.127,-0.11,0.22,0.82,1.1,1.2,0.02,0.01,1863.988,1,7.530473557456574,-0.08701137698962969,-3.713572066704308,0.6931471805599453
63,211866839,Grp. A4 B6 (20% C1; 80% C11),683,0.166,0.127,-0.11,0.24,0.88,1.1,1.2,0.02,0.01,1864.3773,1,7.530682388925644,-0.08701137698962969,-3.784189633918261,0.780158557549575
64,194543053,Grp. A4 B6 (20% C1; 80% C11),683,0.166,0.127,-0.11,0.22,0.7,1.7,1.8,0.04,0.01,1865.648,1,7.531363724813182,-0.05715841383994864,-2.862200880929468,0.6931471805599453
65,156397070,Grp. A4 B6 (20% C1; 80% C11),683,0.166,0.127,-0.11,0.22,0.64,1.9,2.0,0.04,0.01,1865.8456,1,7.531469634146744,-0.05129329438755058,-2.772588722239781,0.6931471805599453
66,202571104,Grp. A4 B6 (20% C1; 80% C11),683,0.166,0.127,-0.11,0.24,0.84,1.2,1.3,0.02,0.01,1868.7134,1,7.5330054516629215,-0.0800427076735365,-3.7376696182833684,0.780158557549575
67,220941288,Grp. A4 B6 (20% C1; 80% C11),683,0.166,0.127,-0.11,0.22,0.92,0.9,1.0,0.02,0.01,1873.2767,1,7.535444422445925,-0.10536051565782628,-3.828641396489095,0.6931471805599453
68,243804827,Grp. A4 B6 (20% C1; 80% C11),683,0.166,0.127,-0.085,0.175,1.0,0.2,0.2,0.01,0.01,1875.5344,1,7.5366489111292605,0.0,-4.605170185988091,0.7221347174331975
69,198366952,Grp. A4 B6 (20% C1; 80% C11),683,0.166,0.127,-0.11,0.24,0.82,1.4,1.5,0.03,0.01,1875.6172,1,7.536693057572189,-0.06899287148695156,-3.3081069585961433,0.780158557549575
70,240299257,Grp. A4 B6 (20% C1; 80% C11),683,0.166,0.127,-0.11,0.22,0.9,1.0,1.1,0.02,0.01,1877.0148,1,7.537437921478172,-0.0953101798043249,-3.8066624897703196,0.6931471805599453
71,208931573,Grp. A4 B6 (20% C1; 80% C11),683,0.166,0.127,-0.11,0.24,0.86,1.7,1.9,0.02,0.01,1877.5471,1,7.537721469874892,-0.11122563511022437,-3.7612001156935624,0.780158557549575
72,202286705,Grp. A4 B6 (20% C1; 80% C11),683,0.166,0.127,-0.11,0.22,0.84,1.1,1.2,0.02,0.01,1878.7035,1,7.538337190261884,-0.08701137698962969,-3.7376696182833684,0.6931471805599453
73,230500352,Grp. A4 B6 (20% C1; 80% C11),683,0.166,0.127,-0.11,0.24,0.96,0.9,1.0,0.01,0.01,1880.6006,1,7.539346472890038,-0.10536051565782628,-4.564348191467836,0.780158557549575
74,188132280,Grp. A4 B6 (20% C1; 80% C11),683,0.166,0.127,-0.11,0.22,0.78,1.2,1.3,0.02,0.01,1881.2742,1,7.539704592201823,-0.0800427076735365,-3.6635616461296463,0.6931471805599453
75,179759965,Grp. A4 B6 (20% C1; 80% C11),683,0.166,0.127,-0.11,0.24,0.74,1.6,1.7,0.03,0.01,1882.6844,1,7.5404539097240635,-0.060624621816434736,-3.20545280453606,0.780158557549575
76,174573471,Grp. A4 B6 (20% C1; 80% C11),683,0.166,0.127,-0.11,0.22,0.72,1.5,1.6,0.03,0.01,1884.1099,1,7.541210786768319,-0.06453852113757118,-3.1780538303479458,0.6931471805599453
77,165110533,Grp. A4 B6 (20% C1; 80% C11),683,0.166,0.127,-0.11,0.22,0.68,1.6,1.7,0.03,0.01,1884.3718,1,7.541349781738321,-0.060624621816434736,-3.120895416507997,0.6931471805599453
78,183899734,Grp. A4 B6 (20% C1; 80% C11),683,0.166,0.127,-0.11,0.22,0.76,1.4,1.5,0.03,0.01,1886.9115,1,7.542696644427701,-0.06899287148695156,-3.2321210516182215,0.6931471805599453
79,211386162,Grp. A4 B6 (20% C1; 80% C11),683,0.166,0.127,-0.11,0.22,0.88,0.9,1.0,0.01,0.01,1887.4417,1,7.542977593228935,-0.10536051565782628,-4.477336814478207,0.6931471805599453
80,189041667,Grp. A4 B6 (20% C1; 80% C11),683,0.166,0.127,-0.11,0.24,0.78,1.5,1.6,0.03,0.01,1888.1243,1,7.543339181402701,-0.06453852113757118,-3.258096538021482,0.780158557549575
81,236309384,Grp. A4 B6 (20% C1; 80% C11),683,0.166,0.127,-0.11,0.24,0.98,1.3,1.5,0.01,0.01,1889.0763,1,7.543843258427447,-0.1431008436406733,-4.584967478670571,0.780158557549575
82,184913411,Grp. A4 B6 (20% C1; 80% C11),683,0.166,0.127,-0.11,0.24,0.76,1.7,1.8,0.04,0.01,1890.9745,1,7.5448475836389255,-0.05715841383994864,-2.9444389791664407,0.780158557549575
83,221695058,Grp. A4 B6 (20% C1; 80% C11),683,0.166,0.127,-0.11,0.24,0.92,1.2,1.3,0.03,0.01,1892.3893,1,7.545595489545278,-0.0800427076735365,-3.4231762883809305,0.780158557549575
84,194579872,Grp. A4 B6 (20% C1; 80% C11),683,0.166,0.127,-0.11,0.24,0.7,1.7,1.8,0.03,0.01,1893.3378,1,7.546096582199234,-0.05715841383994864,-3.1498829533812494,0.780158557549575
85,225731257,Grp. A4 B6 (20% C1; 80% C11),683,0.166,0.127,-0.11,0.24,0.94,0.9,1.0,0.01,0.01,1895.0422,1,7.546996386397861,-0.10536051565782628,-4.543294782270004,0.780158557549575
86,217234907,Grp. A4 B6 (20% C1; 80% C11),683,0.166,0.127,-0.11,0.24,0.8,1.3,1.4,0.02,0.01,1896.1221,1,7.547566079475635,-0.07410797215372172,-3.6888794541139363,0.780158557549575
87,193882294,Grp. A4 B6 (20% C1; 80% C11),683,0.166,0.127,-0.11,0.22,0.7,1.5,1.6,0.03,0.01,1900.1615,1,7.549694161542236,-0.06453852113757118,-3.1498829533812494,0.6931471805599453
88,206828938,Grp. A4 B6 (20% C1; 80% C11),683,0.166,0.127,-0.11,0.22,0.86,1.0,1.1,0.02,0.01,1906.7072,1,7.553133054221028,-0.0953101798043249,-3.7612001156935624,0.6931471805599453
89,178802263,Grp. A4 B6 (20% C1; 80% C11),683,0.166,0.127,-0.11,0.22,0.74,1.3,1.4,0.02,0.01,1907.9634,1,7.55379166943431,-0.07410797215372172,-3.6109179126442243,0.6931471805599453
90,195298602,Grp. A4 B6 (20% C1; 80% C11),683,0.166,0.127,-0.11,0.24,0.7,1.9,2.0,0.04,0.01,1909.5964,1,7.554647189811281,-0.05129329438755058,-2.862200880929468,0.780158557549575
91,235748559,Grp. A4 B6 (20% C1; 80% C11),683,0.166,0.127,-0.11,0.24,0.98,1.1,1.2,0.03,0.01,1909.736,1,7.554720291592138,-0.08701137698962969,-3.4863551900024623,0.780158557549575
92,244622329,Grp. A4 B6 (20% C1; 80% C11),683,0.166,0.127,-0.11,0.24,1.0,0.8,0.9,0.01,0.01,1910.4076,1,7.555071901414825,-0.11778303565638339,-4.605170185988091,0.780158557549575
93,165836659,Grp. A4 B6 (20% C1; 80% C11),683,0.166,0.127,-0.11,0.24,0.68,1.8,1.9,0.03,0.01,1917.7764,1,7.55892166887684,-0.0540672212702757,-3.120895416507997,0.780158557549575
94,174932503,Grp. A4 B6 (20% C1; 80% C11),683,0.166,0.127,-0.11,0.24,0.72,1.6,1.7,0.03,0.01,1919.395,1,7.559765311199412,-0.060624621816434736,-3.1780538303479458,0.780158557549575
95,183931174,Grp. A4 B6 (20% C1; 80% C11),683,0.166,0.127,-0.11,0.24,0.76,1.4,1.5,0.02,0.01,1920.6033,1,7.560394634415455,-0.06899287148695156,-3.6375861597263857,0.780158557549575
96,231214939,Grp. A4 B6 (20% C1; 80% C11),683,0.166,0.127,-0.11,0.22,0.96,1.2,1.4,0.01,0.01,1921.4233,1,7.560821492476484,-0.15415067982725822,-4.564348191467836,0.6931471805599453
97,240322406,Grp. A4 B6 (20% C1; 80% C11),683,0.166,0.127,-0.11,0.24,0.9,1.0,1.1,0.01,0.01,1922.2957,1,7.561275427852603,-0.0953101798043249,-4.499809670330265,0.780158557549575
98,75102778,Grp. A4 B6 (20% C1; 80% C11),683,0.166,0.127,-0.085,0.175,0.32,1.8,1.9,0.01,0.01,1922.7128,1,7.561492384460963,-0.0540672212702757,-3.4657359027997265,0.7221347174331975
99,207352258,Grp. A4 B6 (20% C1; 80% C11),683,0.166,0.127,-0.11,0.24,0.86,1.2,1.3,0.02,0.01,1926.4677,1,7.563443397769417,-0.0800427076735365,-3.7612001156935624,0.780158557549575
0,232125000,Grp. A4 B6 (20% C1; 80% C11),686,0.166,0.127,-0.08,0.165,0.96,1.5,1.7,0.02,0.01,1282.348,1,7.156448051502531,-0.12516314295400605,-3.8712010109078907,0.723918839226699
1,222903340,Grp. A4 B6 (20% C1; 80% C11),686,0.166,0.127,-0.08,0.165,0.92,1.6,1.8,0.02,0.01,1292.3314,1,7.164203152999637,-0.11778303565638339,-3.828641396489095,0.723918839226699
2,247517833,Grp. A4 B6 (20% C1; 80% C11),686,0.166,0.127,-0.085,0.175,1.0,1.8,2.0,0.03,0.01,1295.7306,1,7.16682998493381,-0.10536051565782628,-3.506557897319982,0.7221347174331975
3,213674342,Grp. A4 B6 (20% C1; 80% C11),686,0.166,0.127,-0.08,0.165,0.88,1.7,1.9,0.02,0.01,1300.2356,1,7.170300757798547,-0.11122563511022437,-3.784189633918261,0.723918839226699
4,245840192,Grp. A4 B6 (20% C1; 80% C11),686,0.166,0.127,-0.08,0.165,1.0,1.3,1.5,0.01,0.01,1301.0155,1,7.17090039235391,-0.1431008436406733,-4.605170185988091,0.723918839226699
5,231804187,Grp. A4 B6 (20% C1; 80% C11),686,0.166,0.127,-0.08,0.165,0.96,1.4,1.6,0.01,0.01,1307.5723,1,7.175927490777403,-0.13353139262452274,-4.564348191467836,0.723918839226699
6,236904371,Grp. A4 B6 (20% C1; 80% C11),686,0.166,0.127,-0.08,0.165,0.98,1.5,1.7,0.02,0.01,1307.5869,1,7.175938656445635,-0.12516314295400605,-3.8918202981106265,0.723918839226699
7,204461444,Grp. A4 B6 (20% C1; 80% C11),686,0.166,0.127,-0.08,0.165,0.84,1.8,2.0,0.02,0.01,1308.7183,1,7.176803540305917,-0.10536051565782628,-3.7376696182833684,0.723918839226699
8,237950196,Grp. A4 B6 (20% C1; 80% C11),686,0.166,0.127,-0.085,0.175,0.98,1.8,2.0,0.03,0.01,1312.1567,1,7.179427398347736,-0.10536051565782628,-3.4863551900024623,0.7221347174331975
9,222569690,Grp. A4 B6 (20% C1; 80% C11),686,0.166,0.127,-0.08,0.165,0.92,1.5,1.7,0.01,0.01,1317.7119,1,7.183652102397581,-0.12516314295400605,-4.5217885770490405,0.723918839226699
10,247155030,Grp. A4 B6 (20% C1; 80% C11),686,0.166,0.127,-0.085,0.175,1.0,1.7,1.9,0.02,0.01,1319.8208,1,7.185251248788765,-0.11122563511022437,-3.912023005428146,0.7221347174331975
11,208891380,Grp. A4 B6 (20% C1; 80% C11),686,0.166,0.127,-0.08,0.165,0.86,1.7,1.9,0.02,0.01,1320.9338,1,7.1860941897162585,-0.11122563511022437,-3.7612001156935624,0.723918839226699
12,227681845,Grp. A4 B6 (20% C1; 80% C11),686,0.166,0.127,-0.08,0.165,0.94,1.6,1.8,0.02,0.01,1322.9036,1,7.187584296758758,-0.11778303565638339,-3.8501476017100584,0.723918839226699
13,209249086,Grp. A4 B6 (20% C1; 80% C11),686,0.166,0.127,-0.08,0.165,0.86,1.8,2.0,0.02,0.01,1324.9675,1,7.189143209817612,-0.10536051565782628,-3.7612001156935624,0.723918839226699
14,236582578,Grp. A4 B6 (20% C1; 80% C11),686,0.166,0.127,-0.08,0.165,0.98,1.4,1.6,0.01,0.01,1325.69,1,7.1896883575916215,-0.13353139262452274,-4.584967478670571,0.723918839226699
15,213328679,Grp. A4 B6 (20% C1; 80% C11),686,0.166,0.127,-0.08,0.165,0.88,1.6,1.8,0.01,0.01,1326.366,1,7.190198150759368,-0.11778303565638339,-4.477336814478207,0.723918839226699
16,242379690,Grp. A4 B6 (20% C1; 80% C11),686,0.166,0.127,-0.08,0.165,0.9,1.7,1.9,0.02,0.01,1328.0237,1,7.191447176262677,-0.11122563511022437,-3.8066624897703196,0.723918839226699
17,233168471,Grp. A4 B6 (20% C1; 80% C11),686,0.166,0.127,-0.085,0.175,0.96,1.8,2.0,0.02,0.01,1328.3766,1,7.191712874171291,-0.10536051565782628,-3.8712010109078907,0.7221347174331975
18,227027577,Grp. A4 B6 (20% C1; 80% C11),686,0.166,0.127,-0.08,0.165,0.94,1.4,1.6,0.01,0.01,1329.3802,1,7.192468097559451,-0.13353139262452274,-4.543294782270004,0.723918839226699
19,241700473,Grp. A4 B6 (20% C1; 80% C11),686,0.166,0.127,-0.08,0.165,0.9,1.5,1.7,0.01,0.01,1332.5795,1,7.194871816549207,-0.12516314295400605,-4.499809670330265,0.723918839226699
20,204104533,Grp. A4 B6 (20% C1; 80% C11),686,0.166,0.127,-0.08,0.165,0.84,1.7,1.9,0.01,0.01,1333.8357,1,7.195814055472042,-0.11122563511022437,-4.430816798843313,0.723918839226699
21,237588150,Grp. A4 B6 (20% C1; 80% C11),686,0.166,0.127,-0.085,0.175,0.98,1.7,1.9,0.02,0.01,1337.8213,1,7.19879767421999,-0.11122563511022437,-3.8918202981106265,0.7221347174331975
22,236276763,Grp. A4 B6 (20% C1; 80% C11),686,0.166,0.127,-0.08,0.165,0.98,1.3,1.5,0.01,0.01,1338.2535,1,7.199120684625946,-0.1431008436406733,-4.584967478670571,0.723918839226699
23,208546521,Grp. A4 B6 (20% C1; 80% C11),686,0.166,0.127,-0.08,0.165,0.86,1.6,1.8,0.01,0.01,1342.9539,1,7.202626869798565,-0.11778303565638339,-4.454347296253507,0.723918839226699
24,218835101,Grp. A4 B6 (20% C1; 80% C11),686,0.166,0.127,-0.08,0.165,0.8,1.8,2.0,0.01,0.01,1345.0493,1,7.2041859456392805,-0.10536051565782628,-4.382026634673882,0.723918839226699
25,227347392,Grp. A4 B6 (20% C1; 80% C11),686,0.166,0.127,-0.08,0.165,0.94,1.5,1.7,0.01,0.01,1345.0898,1,7.20421605560646,-0.12516314295400605,-4.543294782270004,0.723918839226699
26,199674847,Grp. A4 B6 (20% C1; 80% C11),686,0.166,0.127,-0.08,0.165,0.82,1.8,2.0,0.02,0.01,1345.5023,1,7.204522679567209,-0.10536051565782628,-3.713572066704308,0.723918839226699
27,246804861,Grp. A4 B6 (20% C1; 80% C11),686,0.166,0.127,-0.085,0.175,1.0,1.6,1.8,0.01,0.01,1345.6844,1,7.204658010200552,-0.11778303565638339,-4.605170185988091,0.7221347174331975
28,237950191,Grp. A4 B6 (20% C1; 80% C11),686,0.166,0.127,-0.085,0.175,0.98,1.8,2.0,0.02,0.01,1346.1451,1,7.205000305286105,-0.10536051565782628,-3.8918202981106265,0.7221347174331975
29,228388616,Grp. A4 B6 (20% C1; 80% C11),686,0.166,0.127,-0.085,0.175,0.94,1.8,2.0,0.02,0.01,1350.503,1,7.208232394629684,-0.10536051565782628,-3.8501476017100584,0.7221347174331975
30,199674842,Grp. A4 B6 (20% C1; 80% C11),686,0.166,0.127,-0.08,0.165,0.82,1.8,2.0,0.01,0.01,1350.5892,1,7.208296220662746,-0.10536051565782628,-4.406719247264253,0.723918839226699
31,232807153,Grp. A4 B6 (20% C1; 80% C11),686,0.166,0.127,-0.085,0.175,0.96,1.7,1.9,0.01,0.01,1354.2542,1,7.211006175880809,-0.11122563511022437,-4.564348191467836,0.7221347174331975
32,242033281,Grp. A4 B6 (20% C1; 80% C11),686,0.166,0.127,-0.08,0.165,0.9,1.6,1.8,0.01,0.01,1355.101,1,7.211631269281314,-0.11778303565638339,-4.499809670330265,0.723918839226699
33,208891375,Grp. A4 B6 (20% C1; 80% C11),686,0.166,0.127,-0.08,0.165,0.86,1.7,1.9,0.01,0.01,1355.5803,1,7.211984907316885,-0.11122563511022437,-4.454347296253507,0.723918839226699
34,199318677,Grp. A4 B6 (20% C1; 80% C11),686,0.166,0.127,-0.08,0.165,0.82,1.7,1.9,0.01,0.01,1361.4042,1,7.21627194606859,-0.11122563511022437,-4.406719247264253,0.723918839226699
35,223608519,Grp. A4 B6 (20% C1; 80% C11),686,0.166,0.127,-0.085,0.175,0.92,1.8,2.0,0.01,0.01,1362.7297,1,7.217245099484145,-0.10536051565782628,-4.5217885770490405,0.7221347174331975
36,237238764,Grp. A4 B6 (20% C1; 80% C11),686,0.166,0.127,-0.085,0.175,0.98,1.6,1.8,0.01,0.01,1365.1786,1,7.21904054155077,-0.11778303565638339,-4.584967478670571,0.7221347174331975
37,246469724,Grp. A4 B6 (20% C1; 80% C11),686,0.166,0.127,-0.08,0.165,1.0,1.5,1.7,0.02,0.01,1371.561,1,7.2237047862387564,-0.12516314295400605,-3.912023005428146,0.723918839226699
38,237588145,Grp. A4 B6 (20% C1; 80% C11),686,0.166,0.127,-0.085,0.175,0.98,1.7,1.9,0.01,0.01,1371.6902,1,7.223798981039506,-0.11122563511022437,-4.584967478670571,0.7221347174331975
39,228027989,Grp. A4 B6 (20% C1; 80% C11),686,0.166,0.127,-0.085,0.175,0.94,1.7,1.9,0.01,0.01,1374.3818,1,7.225759309000288,-0.11122563511022437,-4.543294782270004,0.7221347174331975
40,228388611,Grp. A4 B6 (20% C1; 80% C11),686,0.166,0.127,-0.085,0.175,0.94,1.8,2.0,0.01,0.01,1375.3027,1,7.226429131326762,-0.10536051565782628,-4.543294782270004,0.7221347174331975
41,223610478,Grp. A4 B6 (20% C1; 80% C11),686,0.166,0.127,-0.08,0.165,0.92,1.8,2.0,0.03,0.01,1377.4586,1,7.227995486128965,-0.10536051565782628,-3.4231762883809305,0.723918839226699
42,246147107,Grp. A4 B6 (20% C1; 80% C11),686,0.166,0.127,-0.08,0.165,1.0,1.4,1.6,0.01,0.01,1380.5078,1,7.230206681481013,-0.13353139262452274,-4.605170185988091,0.723918839226699
43,226724123,Grp. A4 B6 (20% C1; 80% C11),686,0.166,0.127,-0.08,0.165,0.94,1.3,1.4,0.04,0.01,1387.6104,1,7.235338410022826,-0.07410797215372172,-3.157000421150113,0.723918839226699
44,214032846,Grp. A4 B6 (20% C1; 80% C11),686,0.166,0.127,-0.08,0.165,0.88,1.8,2.0,0.02,0.01,1389.2151,1,7.236494190376063,-0.10536051565782628,-3.784189633918261,0.723918839226699
45,246804866,Grp. A4 B6 (20% C1; 80% C11),686,0.166,0.127,-0.085,0.175,1.0,1.6,1.8,0.02,0.01,1390.5057,1,7.237422772910493,-0.11778303565638339,-3.912023005428146,0.7221347174331975
46,242736914,Grp. A4 B6 (20% C1; 80% C11),686,0.166,0.127,-0.085,0.175,0.9,1.8,2.0,0.01,0.01,1390.6025,1,7.23749238544843,-0.10536051565782628,-4.499809670330265,0.7221347174331975
47,212996754,Grp. A4 B6 (20% C1; 80% C11),686,0.166,0.127,-0.08,0.165,0.88,1.5,1.7,0.01,0.01,1393.612,1,7.239654216853358,-0.12516314295400605,-4.477336814478207,0.723918839226699
48,190029089,Grp. A4 B6 (20% C1; 80% C11),686,0.166,0.127,-0.08,0.165,0.78,1.8,2.0,0.01,0.01,1393.936,1,7.239886679219179,-0.10536051565782628,-4.356708826689592,0.723918839226699
49,232460323,Grp. A4 B6 (20% C1; 80% C11),686,0.166,0.127,-0.08,0.165,0.96,1.6,1.8,0.02,0.01,1394.5071,1,7.240296298485203,-0.11778303565638339,-3.8712010109078907,0.723918839226699
50,222250866,Grp. A4 B6 (20% C1; 80% C11),686,0.166,0.127,-0.08,0.165,0.92,1.4,1.6,0.01,0.01,1394.6355,1,7.2403883697906215,-0.13353139262452274,-4.5217885770490405,0.723918839226699
51,232807158,Grp. A4 B6 (20% C1; 80% C11),686,0.166,0.127,-0.085,0.175,0.96,1.7,1.9,0.02,0.01,1396.4016,1,7.241653921033719,-0.11122563511022437,-3.8712010109078907,0.7221347174331975
52,231499566,Grp. A4 B6 (20% C1; 80% C11),686,0.166,0.127,-0.08,0.165,0.96,1.3,1.4,0.04,0.01,1397.0443,1,7.242114069563061,-0.07410797215372172,-3.1780538303479453,0.723918839226699
53,241382711,Grp. A4 B6 (20% C1; 80% C11),686,0.166,0.127,-0.08,0.165,0.9,1.4,1.5,0.04,0.01,1397.4222,1,7.242384532638789,-0.06899287148695156,-3.1135153092103742,0.723918839226699
54,245281068,Grp. A4 B6 (20% C1; 80% C11),686,0.166,0.127,-0.08,0.165,1.0,1.1,1.2,0.03,0.01,1398.8293,1,7.243390951495439,-0.08701137698962969,-3.506557897319982,0.723918839226699
55,223250538,Grp. A4 B6 (20% C1; 80% C11),686,0.166,0.127,-0.08,0.165,0.92,1.7,1.9,0.02,0.01,1399.8804,1,7.244142083382693,-0.11122563511022437,-3.828641396489095,0.723918839226699
56,247517828,Grp. A4 B6 (20% C1; 80% C11),686,0.166,0.127,-0.085,0.175,1.0,1.8,2.0,0.02,0.01,1400.4985,1,7.244583523653534,-0.10536051565782628,-3.912023005428146,0.7221347174331975
57,204461439,Grp. A4 B6 (20% C1; 80% C11),686,0.166,0.127,-0.08,0.165,0.84,1.8,2.0,0.01,0.01,1405.3169,1,7.248018107936331,-0.10536051565782628,-4.430816798843313,0.723918839226699
58,203760514,Grp. A4 B6 (20% C1; 80% C11),686,0.166,0.127,-0.08,0.165,0.84,1.6,1.8,0.01,0.01,1409.2811,1,7.250834995194319,-0.11778303565638339,-4.430816798843313,0.723918839226699
59,208215466,Grp. A4 B6 (20% C1; 80% C11),686,0.166,0.127,-0.08,0.165,0.86,1.5,1.6,0.04,0.01,1409.915,1,7.251284697867136,-0.06453852113757118,-3.068052935133617,0.723918839226699
60,232124995,Grp. A4 B6 (20% C1; 80% C11),686,0.166,0.127,-0.08,0.165,0.96,1.5,1.7,0.01,0.01,1411.1382,1,7.2521518917766,-0.12516314295400605,-4.564348191467836,0.723918839226699
61,231213049,Grp. A4 B6 (20% C1; 80% C11),686,0.166,0.127,-0.08,0.165,0.96,1.2,1.3,0.03,0.01,1414.1992,1,7.2543187134791305,-0.0800427076735365,-3.4657359027997265,0.723918839226699
62,223608524,Grp. A4 B6 (20% C1; 80% C11),686,0.166,0.127,-0.085,0.175,0.92,1.8,2.0,0.02,0.01,1416.1482,1,7.255695929794032,-0.10536051565782628,-3.828641396489095,0.7221347174331975
63,226438996,Grp. A4 B6 (20% C1; 80% C11),686,0.166,0.127,-0.08,0.165,0.94,1.2,1.3,0.03,0.01,1416.7073,1,7.256090655191963,-0.0800427076735365,-3.4446824936018943,0.723918839226699
64,231499589,Grp. A4 B6 (20% C1; 80% C11),686,0.166,0.127,-0.08,0.165,0.96,1.3,1.5,0.01,0.01,1416.9429,1,7.256256942477912,-0.1431008436406733,-4.564348191467836,0.723918839226699
65,198975446,Grp. A4 B6 (20% C1; 80% C11),686,0.166,0.127,-0.08,0.165,0.82,1.6,1.7,0.04,0.01,1418.8824,1,7.2576247984614275,-0.060624621816434736,-3.0204248861443626,0.723918839226699
66,212679982,Grp. A4 B6 (20% C1; 80% C11),686,0.166,0.127,-0.08,0.165,0.88,1.4,1.5,0.04,0.01,1421.8546,1,7.259717354783645,-0.06899287148695156,-3.0910424533583156,0.723918839226699
67,213674337,Grp. A4 B6 (20% C1; 80% C11),686,0.166,0.127,-0.08,0.165,0.88,1.7,1.9,0.01,0.01,1422.0845,1,7.259879031945087,-0.11122563511022437,-4.477336814478207,0.723918839226699
68,241081786,Grp. A4 B6 (20% C1; 80% C11),686,0.166,0.127,-0.08,0.165,0.9,1.3,1.4,0.03,0.01,1422.4011,1,7.260101638100173,-0.07410797215372172,-3.4011973816621555,0.723918839226699
69,232458573,Grp. A4 B6 (20% C1; 80% C11),686,0.166,0.127,-0.085,0.175,0.96,1.6,1.8,0.01,0.01,1422.9514,1,7.260488444309148,-0.11778303565638339,-4.564348191467836,0.7221347174331975
70,247155025,Grp. A4 B6 (20% C1; 80% C11),686,0.166,0.127,-0.085,0.175,1.0,1.7,1.9,0.01,0.01,1423.6611,1,7.260987072074399,-0.11122563511022437,-4.605170185988091,0.7221347174331975
71,246468076,Grp. A4 B6 (20% C1; 80% C11),686,0.166,0.127,-0.085,0.175,1.0,1.5,1.7,0.01,0.01,1424.8407,1,7.261815296980158,-0.12516314295400605,-4.605170185988091,0.7221347174331975
72,233168466,Grp. A4 B6 (20% C1; 80% C11),686,0.166,0.127,-0.085,0.175,0.96,1.8,2.0,0.01,0.01,1424.9276,1,7.261876284394487,-0.10536051565782628,-4.564348191467836,0.7221347174331975
73,222903335,Grp. A4 B6 (20% C1; 80% C11),686,0.166,0.127,-0.08,0.165,0.92,1.6,1.8,0.01,0.01,1425.149,1,7.262031648640097,-0.11778303565638339,-4.5217885770490405,0.723918839226699
74,203430379,Grp. A4 B6 (20% C1; 80% C11),686,0.166,0.127,-0.08,0.165,0.84,1.5,1.6,0.04,0.01,1426.2941,1,7.262834820943663,-0.06453852113757118,-3.044522437723423,0.723918839226699
75,189674507,Grp. A4 B6 (20% C1; 80% C11),686,0.166,0.127,-0.08,0.165,0.78,1.7,1.8,0.04,0.01,1426.5165,1,7.262990737358479,-0.05715841383994864,-2.9704144655697013,0.723918839226699
76,222250841,Grp. A4 B6 (20% C1; 80% C11),686,0.166,0.127,-0.08,0.165,0.92,1.4,1.5,0.04,0.01,1430.1986,1,7.265568594729745,-0.06899287148695156,-3.1354942159291497,0.723918839226699
77,223248687,Grp. A4 B6 (20% C1; 80% C11),686,0.166,0.127,-0.085,0.175,0.92,1.7,1.9,0.01,0.01,1435.3807,1,7.2691853891761635,-0.11122563511022437,-4.5217885770490405,0.7221347174331975
78,207899831,Grp. A4 B6 (20% C1; 80% C11),686,0.166,0.127,-0.08,0.165,0.86,1.4,1.5,0.03,0.01,1436.4395,1,7.269922761277644,-0.06899287148695156,-3.355735007585398,0.723918839226699
79,230946474,Grp. A4 B6 (20% C1; 80% C11),686,0.166,0.127,-0.08,0.165,0.96,1.1,1.2,0.02,0.01,1438.2001,1,7.27114768019975,-0.08701137698962969,-3.8712010109078907,0.723918839226699
80,245032284,Grp. A4 B6 (20% C1; 80% C11),686,0.166,0.127,-0.08,0.165,1.0,1.0,1.1,0.02,0.01,1440.1686,1,7.272515469049661,-0.0953101798043249,-3.912023005428146,0.723918839226699
81,218137335,Grp. A4 B6 (20% C1; 80% C11),686,0.166,0.127,-0.08,0.165,0.8,1.6,1.7,0.04,0.01,1440.5674,1,7.272792342739265,-0.060624621816434736,-2.9957322735539913,0.723918839226699
82,180415009,Grp. A4 B6 (20% C1; 80% C11),686,0.166,0.127,-0.08,0.165,0.74,1.8,1.9,0.04,0.01,1442.2139,1,7.273934642489188,-0.0540672212702757,-2.917770732084279,0.723918839226699
83,218479746,Grp. A4 B6 (20% C1; 80% C11),686,0.166,0.127,-0.08,0.165,0.8,1.7,1.9,0.01,0.01,1443.3253,1,7.274704966493075,-0.11122563511022437,-4.382026634673882,0.723918839226699
84,235720532,Grp. A4 B6 (20% C1; 80% C11),686,0.166,0.127,-0.08,0.165,0.98,1.1,1.2,0.03,0.01,1444.1482,1,7.275274945765458,-0.08701137698962969,-3.4863551900024623,0.723918839226699
85,203115838,Grp. A4 B6 (20% C1; 80% C11),686,0.166,0.127,-0.08,0.165,0.84,1.4,1.5,0.03,0.01,1448.6005,1,7.278353196922011,-0.06899287148695156,-3.332204510175204,0.723918839226699
86,212380335,Grp. A4 B6 (20% C1; 80% C11),686,0.166,0.127,-0.08,0.165,0.88,1.3,1.4,0.03,0.01,1449.0864,1,7.278688567872236,-0.07410797215372172,-3.378724525810097,0.723918839226699
87,221948665,Grp. A4 B6 (20% C1; 80% C11),686,0.166,0.127,-0.08,0.165,0.92,1.3,1.4,0.03,0.01,1449.1769,1,7.278751019065011,-0.07410797215372172,-3.4231762883809305,0.723918839226699
88,240799724,Grp. A4 B6 (20% C1; 80% C11),686,0.166,0.127,-0.08,0.165,0.9,1.2,1.3,0.02,0.01,1451.2073,1,7.280151109667956,-0.0800427076735365,-3.8066624897703196,0.723918839226699
89,226174013,Grp. A4 B6 (20% C1; 80% C11),686,0.166,0.127,-0.08,0.165,0.94,1.1,1.2,0.02,0.01,1452.3649,1,7.280948472351985,-0.08701137698962969,-3.8501476017100584,0.723918839226699
90,236276738,Grp. A4 B6 (20% C1; 80% C11),686,0.166,0.127,-0.08,0.165,0.98,1.3,1.4,0.04,0.01,1456.4393,1,7.283749900282167,-0.07410797215372172,-3.198673117550681,0.723918839226699
91,217809156,Grp. A4 B6 (20% C1; 80% C11),686,0.166,0.127,-0.08,0.165,0.8,1.5,1.6,0.03,0.01,1458.1246,1,7.284906368450753,-0.06453852113757118,-3.283414346005772,0.723918839226699
92,235988815,Grp. A4 B6 (20% C1; 80% C11),686,0.166,0.127,-0.08,0.165,0.98,1.2,1.3,0.03,0.01,1458.9429,1,7.285467411362146,-0.0800427076735365,-3.4863551900024623,0.723918839226699
93,214030905,Grp. A4 B6 (20% C1; 80% C11),686,0.166,0.127,-0.085,0.175,0.88,1.8,2.0,0.01,0.01,1462.6427,1,7.2880001469956825,-0.10536051565782628,-4.477336814478207,0.7221347174331975
94,184873675,Grp. A4 B6 (20% C1; 80% C11),686,0.166,0.127,-0.08,0.165,0.76,1.7,1.8,0.04,0.01,1467.864,1,7.291563561831057,-0.05715841383994864,-2.9444389791664407,0.723918839226699
95,221665017,Grp. A4 B6 (20% C1; 80% C11),686,0.166,0.127,-0.08,0.165,0.92,1.2,1.3,0.03,0.01,1471.1929,1,7.293828847286079,-0.0800427076735365,-3.4231762883809305,0.723918839226699
96,103107949,Grp. A4 B6 (20% C1; 80% C11),686,0.166,0.127,-0.06,0.065,0.44,0.7,0.8,0.01,0.01,1471.3835,1,7.293958393625312,-0.13353139262452274,-3.784189633918261,0.08004270767353656
97,73431079,Grp. A4 B6 (20% C1; 80% C11),686,0.166,0.127,-0.06,0.065,0.32,1.2,1.3,0.02,0.01,1474.3337,1,7.295961437900163,-0.0800427076735365,-2.772588722239781,0.08004270767353656
98,202819032,Grp. A4 B6 (20% C1; 80% C11),686,0.166,0.127,-0.08,0.165,0.84,1.3,1.4,0.02,0.01,1474.4777,1,7.296059104370196,-0.07410797215372172,-3.7376696182833684,0.723918839226699
99,184532996,Grp. A4 B6 (20% C1; 80% C11),686,0.166,0.127,-0.08,0.165,0.76,1.6,1.7,0.03,0.01,1476.5458,1,7.297460720005293,-0.060624621816434736,-3.2321210516182215,0.723918839226699
0,200790886,Grp. A4 B6 (20% C1; 80% C11),687,0.166,0.141,-0.12,0.23,0.84,0.2,0.1,0.02,0.01,110.06591,1,4.701079368172846,0.6931471805599453,-3.7376696182833684,0.6505875661411494
1,52002645,Grp. A4 B6 (20% C1; 80% C11),687,0.166,0.127,-0.085,0.175,0.24,0.9,0.8,0.03,0.01,120.90403,1,4.794997090398537,0.11778303565638346,-2.0794415416798357,0.7221347174331975
2,244137533,Grp. A4 B6 (20% C1; 80% C11),687,0.166,0.141,-0.125,0.255,1.0,0.5,0.2,0.08,0.01,125.53424,1,4.83257855004612,0.9162907318741551,-2.5257286443082556,0.712949807856125
3,201314180,Grp. A4 B6 (20% C1; 80% C11),687,0.166,0.127,-0.11,0.22,0.84,0.6,0.4,0.08,0.01,128.33435,1,4.854638967666217,0.4054651081081642,-2.3513752571634776,0.6931471805599453
4,63092854,Grp. A4 B6 (20% C1; 80% C11),687,0.166,0.127,-0.085,0.175,0.28,1.2,0.8,0.09,0.01,132.17163,1,4.884101305295621,0.4054651081081642,-1.1349799328389847,0.7221347174331975
5,52989631,Grp. A4 B6 (20% C1; 80% C11),687,0.166,0.127,-0.085,0.175,0.24,1.3,1.1,0.06,0.01,133.0214,1,4.890510017534013,0.16705408466316607,-1.3862943611198906,0.7221347174331975
6,62371382,Grp. A4 B6 (20% C1; 80% C11),687,0.166,0.127,-0.085,0.175,0.28,0.9,0.7,0.05,0.01,136.27798,1,4.914696770258493,0.25131442828090617,-1.7227665977411035,0.7221347174331975
7,68050879,Grp. A4 B6 (20% C1; 80% C11),687,0.166,0.127,-0.085,0.175,0.2,1.1,1.0,0.03,0.01,137.95695,1,4.926941679966908,0.09531017980432493,-1.8971199848858813,0.7221347174331975
8,210357671,Grp. A4 B6 (20% C1; 80% C11),687,0.166,0.141,-0.12,0.245,0.88,0.2,0.1,0.02,0.01,138.8652,1,4.933503678413117,0.6931471805599453,-3.784189633918261,0.7137664677626809
9,239564260,Grp. A4 B6 (20% C1; 80% C11),687,0.166,0.127,-0.11,0.24,0.9,0.6,0.4,0.08,0.01,141.37225,1,4.95139648243454,0.4054651081081642,-2.4203681286504293,0.780158557549575
10,53807932,Grp. A4 B6 (20% C1; 80% C11),687,0.166,0.127,-0.085,0.175,0.24,1.6,1.2,0.1,0.01,142.51425,1,4.959441994709039,0.287682072451781,-0.8754687373538999,0.7221347174331975
11,201047297,Grp. A4 B6 (20% C1; 80% C11),687,0.166,0.127,-0.11,0.24,0.84,0.4,0.3,0.04,0.01,145.16623,1,4.977879499583184,0.287682072451781,-3.044522437723423,0.780158557549575
12,33054473,Grp. A4 B6 (20% C1; 80% C11),687,0.166,0.127,-0.08,0.165,0.16,1.5,1.3,0.05,0.01,156.02272,1,5.050001637670554,0.14310084364067324,-1.1631508098056809,0.723918839226699
13,196136490,Grp. A4 B6 (20% C1; 80% C11),687,0.166,0.127,-0.11,0.22,0.82,0.3,0.2,0.03,0.01,157.48238,1,5.059313578991562,0.4054651081081642,-3.3081069585961433,0.6931471805599453
14,57916452,Grp. A4 B6 (20% C1; 80% C11),687,0.166,0.127,-0.085,0.175,0.26,1.2,1.0,0.06,0.01,158.96683,1,5.068695564104612,0.1823215567939546,-1.4663370687934272,0.7221347174331975
15,186633164,Grp. A4 B6 (20% C1; 80% C11),687,0.166,0.127,-0.11,0.22,0.78,0.4,0.3,0.04,0.01,162.56285,1,5.091064696224622,0.287682072451781,-2.9704144655697013,0.6931471805599453
16,153730052,Grp. A4 B6 (20% C1; 80% C11),687,0.166,0.127,-0.11,0.22,0.64,1.0,0.8,0.1,0.01,165.53085,1,5.109157582279732,0.22314355131420976,-1.8562979903656263,0.6931471805599453
17,102069479,Grp. A4 B6 (20% C1; 80% C11),687,0.166,0.127,-0.085,0.175,0.44,0.2,0.1,0.01,0.01,166.83177,1,5.11698593941389,0.6931471805599453,-3.784189633918261,0.7221347174331975
18,61458148,Grp. A4 B6 (20% C1; 80% C11),687,0.166,0.127,-0.08,0.165,0.28,0.5,0.4,0.02,0.01,170.24878,1,5.137260779071494,0.22314355131420976,-2.639057329615259,0.723918839226699
19,117944759,Grp. A4 B6 (20% C1; 80% C11),687,0.166,0.127,-0.085,0.175,0.4,0.5,0.2,0.05,0.01,171.19121,1,5.142781118931578,0.9162907318741551,-2.0794415416798357,0.7221347174331975
20,93839073,Grp. A4 B6 (20% C1; 80% C11),687,0.166,0.127,-0.085,0.175,0.3,1.1,0.6,0.1,0.01,173.78682,1,5.157829375663437,0.6061358035703156,-1.0986122886681096,0.7221347174331975
21,51305597,Grp. A4 B6 (20% C1; 80% C11),687,0.166,0.127,-0.08,0.165,0.24,0.6,0.5,0.02,0.01,175.3635,1,5.16686096250208,0.1823215567939546,-2.4849066497880004,0.723918839226699
22,28219122,Grp. A4 B6 (20% C1; 80% C11),687,0.166,0.127,-0.085,0.175,0.14,1.6,1.5,0.03,0.01,175.89192,1,5.16986971549801,0.06453852113757116,-1.540445040947149,0.7221347174331975
23,32781909,Grp. A4 B6 (20% C1; 80% C11),687,0.166,0.127,-0.085,0.175,0.16,1.4,1.3,0.03,0.01,177.29758,1,5.177829563804834,0.07410797215372183,-1.6739764335716716,0.7221347174331975
24,157865205,Grp. A4 B6 (20% C1; 80% C11),687,0.166,0.127,-0.11,0.22,0.66,0.6,0.5,0.05,0.01,179.90485,1,5.19242810001499,0.1823215567939546,-2.580216829592325,0.6931471805599453
25,39050875,Grp. A4 B6 (20% C1; 80% C11),687,0.166,0.127,-0.085,0.175,0.18,1.8,1.4,0.09,0.01,182.17705,1,5.204979016409184,0.25131442828090617,-0.6931471805599453,0.7221347174331975
26,97804164,Grp. A4 B6 (20% C1; 80% C11),687,0.166,0.127,-0.085,0.175,0.42,0.6,0.3,0.06,0.01,183.20432,1,5.210602032748033,0.6931471805599453,-1.9459101490553135,0.7221347174331975
27,210478538,Grp. A4 B6 (20% C1; 80% C11),687,0.166,0.127,-0.11,0.24,0.88,0.3,0.2,0.03,0.01,183.23166,1,5.210751253902849,0.4054651081081642,-3.378724525810097,0.780158557549575
28,56496037,Grp. A4 B6 (20% C1; 80% C11),687,0.166,0.127,-0.085,0.175,0.26,0.6,0.5,0.02,0.01,184.81563,1,5.219358733553151,0.1823215567939546,-2.5649493574615367,0.7221347174331975
29,47063868,Grp. A4 B6 (20% C1; 80% C11),687,0.166,0.127,-0.085,0.175,0.22,1.0,0.9,0.03,0.01,191.02951,1,5.252427918730131,0.10536051565782635,-1.9924301646902063,0.7221347174331975
30,224700451,Grp. A4 B6 (20% C1; 80% C11),687,0.166,0.127,-0.11,0.24,0.94,0.2,0.1,0.02,0.01,191.56863,1,5.255246125618542,0.6931471805599453,-3.8501476017100584,0.780158557549575
31,24329068,Grp. A4 B6 (20% C1; 80% C11),687,0.166,0.127,-0.08,0.165,0.12,2.0,1.8,0.05,0.01,196.78725,1,5.282123195934045,0.10536051565782635,-0.8754687373538999,0.723918839226699
32,210478505,Grp. A4 B6 (20% C1; 80% C11),687,0.166,0.141,-0.125,0.255,0.88,0.3,0.2,0.03,0.01,197.44829,1,5.285476727274797,0.4054651081081642,-3.378724525810097,0.712949807856125
33,210357062,Grp. A4 B6 (20% C1; 80% C11),687,0.166,0.127,-0.11,0.22,0.88,0.2,0.1,0.02,0.01,200.73659,1,5.301993551093817,0.6931471805599453,-3.784189633918261,0.6931471805599453
34,172664806,Grp. A4 B6 (20% C1; 80% C11),687,0.166,0.127,-0.11,0.22,0.72,0.7,0.5,0.08,0.01,203.4583,1,5.3154610698799925,0.3364722366212129,-2.197224577336219,0.6931471805599453
35,24016692,Grp. A4 B6 (20% C1; 80% C11),687,0.166,0.127,-0.085,0.175,0.12,1.9,1.8,0.03,0.01,205.46904,1,5.325295365652087,0.05406722127027579,-1.3862943611198906,0.7221347174331975
36,191826579,Grp. A4 B6 (20% C1; 80% C11),687,0.166,0.127,-0.11,0.24,0.7,0.6,0.5,0.05,0.01,207.8524,1,5.336828212420532,0.1823215567939546,-2.6390573296152584,0.780158557549575
37,210721738,Grp. A4 B6 (20% C1; 80% C11),687,0.166,0.127,-0.11,0.22,0.88,0.5,0.2,0.08,0.01,208.6491,1,5.340653893584693,0.9162907318741551,-2.3978952727983707,0.6931471805599453
38,144204120,Grp. A4 B6 (20% C1; 80% C11),687,0.166,0.127,-0.11,0.22,0.5,1.1,1.0,0.07,0.01,209.81953,1,5.346247780285579,0.09531017980432493,-1.9661128563728327,0.6931471805599453
39,142794622,Grp. A4 B6 (20% C1; 80% C11),687,0.166,0.127,-0.085,0.175,0.5,0.4,0.2,0.04,0.01,210.00455,1,5.347129197149417,0.6931471805599453,-2.5257286443082556,0.7221347174331975
40,206258291,Grp. A4 B6 (20% C1; 80% C11),687,0.166,0.127,-0.11,0.24,0.86,0.7,0.4,0.1,0.01,212.37659,1,5.358361066720986,0.5596157879354225,-2.151762203259462,0.780158557549575
41,117944778,Grp. A4 B6 (20% C1; 80% C11),687,0.166,0.127,-0.085,0.175,0.4,0.5,0.3,0.04,0.01,217.00668,1,5.379928136476798,0.5108256237659907,-2.302585092994046,0.7221347174331975
42,62606044,Grp. A4 B6 (20% C1; 80% C11),687,0.166,0.127,-0.085,0.175,0.28,1.0,0.5,0.09,0.01,221.24634,1,5.399276741378331,0.6931471805599453,-1.1349799328389847,0.7221347174331975
43,32782934,Grp. A4 B6 (20% C1; 80% C11),687,0.166,0.127,-0.08,0.165,0.16,1.4,1.1,0.06,0.01,222.15327,1,5.403367549057513,0.24116205681688788,-0.9808292530117262,0.723918839226699
44,33918317,Grp. A4 B6 (20% C1; 80% C11),687,0.166,0.127,-0.085,0.175,0.16,1.8,1.5,0.07,0.01,224.40674,1,5.413460208848104,0.1823215567939546,-0.8266785731844678,0.7221347174331975
45,93139030,Grp. A4 B6 (20% C1; 80% C11),687,0.166,0.127,-0.085,0.175,0.3,0.8,0.4,0.07,0.01,228.76903,1,5.432712891952261,0.6931471805599453,-1.455287232606842,0.7221347174331975
46,33332757,Grp. A4 B6 (20% C1; 80% C11),687,0.166,0.127,-0.085,0.175,0.16,1.6,1.4,0.05,0.01,229.38649,1,5.435408310197292,0.13353139262452277,-1.1631508098056809,0.7221347174331975
47,22353454,Grp. A4 B6 (20% C1; 80% C11),687,0.166,0.141,-0.095,0.135,0.12,1.3,1.1,0.04,0.01,232.01517,1,5.446802757459647,0.16705408466316607,-1.0986122886681096,0.3513978868378886
48,117302897,Grp. A4 B6 (20% C1; 80% C11),687,0.166,0.127,-0.08,0.165,0.4,0.2,0.1,0.01,0.01,234.80875,1,5.458771353017682,0.6931471805599453,-3.6888794541139363,0.723918839226699
49,47064447,Grp. A4 B6 (20% C1; 80% C11),687,0.166,0.127,-0.08,0.165,0.22,1.0,0.6,0.07,0.01,235.08983,1,5.459967696422356,0.5108256237659907,-1.1451323043030024,0.723918839226699
50,142988581,Grp. A4 B6 (20% C1; 80% C11),687,0.166,0.127,-0.11,0.22,0.5,0.5,0.5,0.01,0.01,239.27599,1,5.477617655572105,0.0,-3.912023005428146,0.6931471805599453
51,220151969,Grp. A4 B6 (20% C1; 80% C11),687,0.166,0.127,-0.11,0.22,0.92,0.4,0.2,0.06,0.01,241.85802,1,5.488350859769414,0.6931471805599453,-2.7300291078209855,0.6931471805599453
52,186633216,Grp. A4 B6 (20% C1; 80% C11),687,0.166,0.141,-0.12,0.23,0.78,0.4,0.2,0.05,0.01,244.406,1,5.498830776914263,0.6931471805599453,-2.747270914255491,0.6505875661411494
53,114848067,Grp. A4 B6 (20% C1; 80% C11),687,0.166,0.127,-0.11,0.24,0.48,1.4,1.3,0.08,0.01,245.8888,1,5.504879401214539,0.07410797215372183,-1.791759469228055,0.780158557549575
54,99906442,Grp. A4 B6 (20% C1; 80% C11),687,0.166,0.127,-0.11,0.22,0.42,1.5,1.4,0.08,0.01,246.45909,1,5.507196016220437,0.06899287148695142,-1.6582280766035322,0.6931471805599453
55,205575413,Grp. A4 B6 (20% C1; 80% C11),687,0.166,0.127,-0.11,0.22,0.86,0.2,0.1,0.02,0.01,246.62529,1,5.507870140216391,0.6931471805599453,-3.7612001156935624,0.6931471805599453
56,215867858,Grp. A4 B6 (20% C1; 80% C11),687,0.166,0.127,-0.11,0.22,0.8,0.7,0.4,0.1,0.01,247.64473,1,5.51199517877552,0.5596157879354225,-2.0794415416798357,0.6931471805599453
57,52240925,Grp. A4 B6 (20% C1; 80% C11),687,0.166,0.127,-0.085,0.175,0.24,1.0,0.7,0.06,0.01,248.63092,1,5.515969547850942,0.3566749439387324,-1.3862943611198906,0.7221347174331975
58,127999106,Grp. A4 B6 (20% C1; 80% C11),687,0.166,0.127,-0.11,0.24,0.54,0.5,0.5,0.01,0.01,251.73065,1,5.528359666678403,0.0,-3.9889840465642745,0.780158557549575
59,224700442,Grp. A4 B6 (20% C1; 80% C11),687,0.166,0.141,-0.125,0.255,0.94,0.2,0.1,0.02,0.01,253.05287,1,5.53359843922786,0.6931471805599453,-3.8501476017100584,0.712949807856125
60,92461338,Grp. A4 B6 (20% C1; 80% C11),687,0.166,0.127,-0.085,0.175,0.3,0.5,0.4,0.02,0.01,253.59503,1,5.535738624579234,0.22314355131420976,-2.70805020110221,0.7221347174331975
61,28220350,Grp. A4 B6 (20% C1; 80% C11),687,0.166,0.127,-0.08,0.165,0.14,1.6,1.3,0.06,0.01,258.8777,1,5.556355749405443,0.20763936477824455,-0.8472978603872038,0.723918839226699
62,163280633,Grp. A4 B6 (20% C1; 80% C11),687,0.166,0.127,-0.11,0.24,0.68,0.9,0.7,0.09,0.01,259.18076,1,5.557525733327994,0.25131442828090617,-2.0222831278398874,0.780158557549575
63,186925438,Grp. A4 B6 (20% C1; 80% C11),687,0.166,0.127,-0.11,0.24,0.78,0.6,0.4,0.07,0.01,261.36337,1,5.565911661302126,0.4054651081081642,-2.4107986776342782,0.780158557549575
64,70281047,Grp. A4 B6 (20% C1; 80% C11),687,0.166,0.127,-0.085,0.175,0.2,1.9,1.5,0.1,0.01,263.2398,1,5.573065403824676,0.23638877806423034,-0.6931471805599453,0.7221347174331975
65,196403556,Grp. A4 B6 (20% C1; 80% C11),687,0.166,0.141,-0.12,0.245,0.82,0.5,0.2,0.07,0.01,264.1905,1,5.576670433833862,0.9162907318741551,-2.46080909820894,0.7137664677626809
66,129202823,Grp. A4 B6 (20% C1; 80% C11),687,0.166,0.127,-0.11,0.24,0.54,1.1,1.0,0.07,0.01,265.24164,1,5.580641259561027,0.09531017980432493,-2.043073897508961,0.780158557549575
67,32518599,Grp. A4 B6 (20% C1; 80% C11),687,0.166,0.127,-0.08,0.165,0.16,1.3,1.2,0.03,0.01,265.42477,1,5.581331448364459,0.08004270767353656,-1.6739764335716716,0.723918839226699
68,191669856,Grp. A4 B6 (20% C1; 80% C11),687,0.166,0.127,-0.11,0.24,0.7,0.5,0.4,0.04,0.01,265.98535,1,5.5834412320770355,0.22314355131420976,-2.862200880929468,0.780158557549575
69,109258703,Grp. A4 B6 (20% C1; 80% C11),687,0.166,0.127,-0.11,0.22,0.46,1.2,1.1,0.07,0.01,266.62842,1,5.585856003713468,0.0870113769896297,-1.8827312474337816,0.6931471805599453
70,27941069,Grp. A4 B6 (20% C1; 80% C11),687,0.166,0.127,-0.08,0.165,0.14,1.5,1.4,0.03,0.01,266.94003,1,5.587024026430805,0.06899287148695142,-1.540445040947149,0.723918839226699
71,37387455,Grp. A4 B6 (20% C1; 80% C11),687,0.166,0.127,-0.085,0.175,0.18,1.2,1.1,0.03,0.01,267.05634,1,5.587459647376465,0.0870113769896297,-1.791759469228055,0.7221347174331975
72,120562678,Grp. A4 B6 (20% C1; 80% C11),687,0.166,0.127,-0.11,0.22,0.4,1.6,1.5,0.08,0.01,268.31332,1,5.592155402118008,0.06453852113757116,-1.6094379124341005,0.6931471805599453
73,92461599,Grp. A4 B6 (20% C1; 80% C11),687,0.166,0.141,-0.095,0.185,0.3,0.5,0.4,0.02,0.01,269.7308,1,5.597424424589285,0.22314355131420976,-2.70805020110221,0.666478933477784
74,102899640,Grp. A4 B6 (20% C1; 80% C11),687,0.166,0.127,-0.11,0.22,0.44,0.6,0.6,0.01,0.01,270.82614,1,5.60147706518306,0.0,-3.784189633918261,0.6931471805599453
75,67806127,Grp. A4 B6 (20% C1; 80% C11),687,0.166,0.127,-0.085,0.175,0.2,1.0,0.8,0.04,0.01,271.57114,1,5.604224130833919,0.22314355131420976,-1.6094379124341005,0.7221347174331975
76,56725210,Grp. A4 B6 (20% C1; 80% C11),687,0.166,0.127,-0.08,0.165,0.26,0.7,0.4,0.05,0.01,272.59802,1,5.607998255846472,0.5596157879354225,-1.6486586255873816,0.723918839226699
77,19009620,Grp. A4 B6 (20% C1; 80% C11),687,0.166,0.141,-0.095,0.13,0.08,1.9,1.7,0.04,0.01,273.8777,1,5.612681656379131,0.1112256351102244,-0.6931471805599453,0.3136575588550416
78,157552418,Grp. A4 B6 (20% C1; 80% C11),687,0.166,0.141,-0.12,0.245,0.66,0.4,0.3,0.03,0.01,274.25818,1,5.614069925510894,0.287682072451781,-3.091042453358316,0.7137664677626809
79,87290739,Grp. A4 B6 (20% C1; 80% C11),687,0.166,0.127,-0.08,0.165,0.38,0.5,0.2,0.05,0.01,274.39362,1,5.614563644852565,0.9162907318741551,-2.0281482472922856,0.723918839226699
80,107368979,Grp. A4 B6 (20% C1; 80% C11),687,0.166,0.127,-0.08,0.165,0.46,0.3,0.1,0.03,0.01,276.09164,1,5.620732839593232,1.0986122886681096,-2.7300291078209855,0.723918839226699
81,121584875,Grp. A4 B6 (20% C1; 80% C11),687,0.166,0.127,-0.11,0.24,0.4,1.9,1.8,0.09,0.01,277.9596,1,5.627475779389112,0.05406722127027579,-1.491654876777717,0.780158557549575
82,21594981,Grp. A4 B6 (20% C1; 80% C11),687,0.166,0.141,-0.095,0.13,0.12,1.0,0.9,0.02,0.01,278.20667,1,5.628364254759086,0.10536051565782635,-1.791759469228055,0.3136575588550416
83,113840792,Grp. A4 B6 (20% C1; 80% C11),687,0.166,0.127,-0.11,0.22,0.48,1.0,0.9,0.06,0.01,278.3267,1,5.628795603563422,0.10536051565782635,-2.0794415416798357,0.6931471805599453
84,182473438,Grp. A4 B6 (20% C1; 80% C11),687,0.166,0.127,-0.11,0.24,0.76,0.8,0.6,0.09,0.01,278.54977,1,5.629596750761943,0.287682072451781,-2.133508762950112,0.780158557549575
85,47308994,Grp. A4 B6 (20% C1; 80% C11),687,0.166,0.127,-0.08,0.165,0.22,1.1,0.9,0.05,0.01,279.59674,1,5.633348350778092,0.20067069546215124,-1.4816045409242153,0.723918839226699
86,24328979,Grp. A4 B6 (20% C1; 80% C11),687,0.166,0.127,-0.08,0.165,0.12,2.0,1.5,0.09,0.01,280.0614,1,5.635008864843937,0.28768207245178085,-0.2876820724517809,0.723918839226699
87,122796869,Grp. A4 B6 (20% C1; 80% C11),687,0.166,0.127,-0.085,0.175,0.52,0.4,0.1,0.05,0.01,281.27762,1,5.6393421531413335,1.3862943611198906,-2.341805806147327,0.7221347174331975
88,33621082,Grp. A4 B6 (20% C1; 80% C11),687,0.166,0.127,-0.085,0.175,0.16,1.7,1.3,0.08,0.01,282.71844,1,5.644451490729338,0.26826398659467937,-0.6931471805599453,0.7221347174331975
89,26902815,Grp. A4 B6 (20% C1; 80% C11),687,0.166,0.127,-0.08,0.165,0.14,1.1,1.0,0.02,0.01,284.05594,1,5.649171190595788,0.09531017980432493,-1.9459101490553135,0.723918839226699
90,219925487,Grp. A4 B6 (20% C1; 80% C11),687,0.166,0.141,-0.125,0.255,0.92,0.2,0.1,0.02,0.01,284.18594,1,5.649628742236536,0.6931471805599453,-3.828641396489095,0.712949807856125
91,37909252,Grp. A4 B6 (20% C1; 80% C11),687,0.166,0.127,-0.085,0.175,0.18,1.4,1.2,0.05,0.01,284.21585,1,5.6497339846919745,0.15415067982725836,-1.2809338454620642,0.7221347174331975
92,86112121,Grp. A4 B6 (20% C1; 80% C11),687,0.166,0.127,-0.11,0.22,0.36,2.0,1.9,0.09,0.01,285.07355,1,5.6527472171497095,0.05129329438755048,-1.3862943611198906,0.6931471805599453
93,219925496,Grp. A4 B6 (20% C1; 80% C11),687,0.166,0.127,-0.11,0.24,0.92,0.2,0.1,0.02,0.01,285.36298,1,5.653761983945366,0.6931471805599453,-3.828641396489095,0.780158557549575
94,67329966,Grp. A4 B6 (20% C1; 80% C11),687,0.166,0.127,-0.085,0.175,0.2,0.8,0.7,0.02,0.01,286.1417,1,5.6564871426682295,0.13353139262452277,-2.302585092994046,0.7221347174331975
95,123965116,Grp. A4 B6 (20% C1; 80% C11),687,0.166,0.141,-0.12,0.23,0.52,1.0,0.8,0.08,0.01,287.94547,1,5.662771121931035,0.22314355131420976,-1.8718021769015913,0.6505875661411494
96,192171730,Grp. A4 B6 (20% C1; 80% C11),687,0.166,0.141,-0.125,0.255,0.7,0.8,0.6,0.08,0.01,290.89725,1,5.672970112036053,0.287682072451781,-2.169053700369523,0.712949807856125
97,191669744,Grp. A4 B6 (20% C1; 80% C11),687,0.166,0.141,-0.125,0.255,0.7,0.5,0.4,0.04,0.01,291.60812,1,5.675410846111683,0.22314355131420976,-2.862200880929468,0.712949807856125
98,133527694,Grp. A4 B6 (20% C1; 80% C11),687,0.166,0.141,-0.12,0.23,0.56,0.8,0.6,0.07,0.01,291.81067,1,5.676105201561353,0.287682072451781,-2.0794415416798357,0.6505875661411494
99,113036635,Grp. A4 B6 (20% C1; 80% C11),687,0.166,0.127,-0.11,0.24,0.48,0.6,0.6,0.01,0.01,292.63266,1,5.6789181023159685,0.0,-3.8712010109078907,0.780158557549575
0,237645883,Grp. A4 B6 (20% C1; 80% C11),689,0.166,0.127,-0.245,0.31,0.98,1.7,1.9,0.01,0.01,920.072,1,6.824451927850429,-0.11122563511022437,-4.584967478670571,0.235314086934465
1,236031298,Grp. A4 B6 (20% C1; 80% C11),689,0.166,0.127,-0.24,0.305,0.98,1.2,1.3,0.02,0.01,938.21014,1,6.843973953766032,-0.0800427076735365,-3.8918202981106265,0.23967285326542026
2,228448809,Grp. A4 B6 (20% C1; 80% C11),689,0.166,0.127,-0.245,0.31,0.94,1.8,2.0,0.01,0.01,947.4385,1,6.8537620271982735,-0.10536051565782628,-4.543294782270004,0.235314086934465
3,234351851,Grp. A4 B6 (20% C1; 80% C11),689,0.166,0.127,-0.15,0.315,0.98,0.3,0.3,0.01,0.01,949.75323,1,6.856202192956924,0.0,-4.584967478670571,0.7419373447293773
4,235759672,Grp. A4 B6 (20% C1; 80% C11),689,0.166,0.127,-0.24,0.305,0.98,1.1,1.2,0.01,0.01,960.51685,1,6.867471525001117,-0.08701137698962969,-4.584967478670571,0.23967285326542026
5,246836511,Grp. A4 B6 (20% C1; 80% C11),689,0.166,0.127,-0.205,0.5,1.0,1.6,1.7,0.01,0.01,969.78485,1,6.8770742427715446,-0.060624621816434736,-4.605170185988091,0.8915981192837835
6,222298235,Grp. A4 B6 (20% C1; 80% C11),689,0.166,0.127,-0.245,0.31,0.92,1.4,1.5,0.02,0.01,979.0795,1,6.88661284454508,-0.06899287148695156,-3.828641396489095,0.235314086934465
7,185654047,Grp. A4 B6 (20% C1; 80% C11),689,0.166,0.127,-0.24,0.305,0.76,1.9,2.0,0.03,0.01,981.52954,1,6.889112110054243,-0.05129329438755058,-3.2321210516182215,0.23967285326542026
8,232840136,Grp. A4 B6 (20% C1; 80% C11),689,0.166,0.127,-0.205,0.5,0.96,1.7,1.8,0.01,0.01,983.51355,1,6.891131415060085,-0.05715841383994864,-4.564348191467836,0.8915981192837835
9,199732432,Grp. A4 B6 (20% C1; 80% C11),689,0.166,0.127,-0.245,0.31,0.82,1.8,1.9,0.03,0.01,984.28186,1,6.891912299124695,-0.0540672212702757,-3.3081069585961433,0.235314086934465
10,213046667,Grp. A4 B6 (20% C1; 80% C11),689,0.166,0.127,-0.245,0.31,0.88,1.5,1.6,0.02,0.01,990.97766,1,6.89869199118992,-0.06453852113757118,-3.784189633918261,0.235314086934465
11,212425199,Grp. A4 B6 (20% C1; 80% C11),689,0.166,0.127,-0.24,0.305,0.88,1.3,1.4,0.01,0.01,1001.5993,1,6.909353301463801,-0.07410797215372172,-4.477336814478207,0.23967285326542026
12,223642779,Grp. A4 B6 (20% C1; 80% C11),689,0.166,0.127,-0.205,0.5,0.92,1.8,1.9,0.01,0.01,1004.8839,1,6.912627291431892,-0.0540672212702757,-4.5217885770490405,0.8915981192837835
13,189730136,Grp. A4 B6 (20% C1; 80% C11),689,0.166,0.127,-0.24,0.305,0.78,1.7,1.8,0.02,0.01,1007.8607,1,6.915585244637137,-0.05715841383994864,-3.6635616461296463,0.23967285326542026
14,212727845,Grp. A4 B6 (20% C1; 80% C11),689,0.166,0.127,-0.24,0.305,0.88,1.4,1.5,0.02,0.01,1015.8262,1,6.923457550513358,-0.06899287148695156,-3.784189633918261,0.23967285326542026
15,231254761,Grp. A4 B6 (20% C1; 80% C11),689,0.166,0.127,-0.245,0.31,0.96,1.2,1.3,0.01,0.01,1016.89294,1,6.924507120104096,-0.0800427076735365,-4.564348191467836,0.235314086934465
16,231544321,Grp. A4 B6 (20% C1; 80% C11),689,0.166,0.127,-0.245,0.31,0.96,1.3,1.4,0.02,0.01,1019.34735,1,6.9269178485438845,-0.07410797215372172,-3.8712010109078907,0.235314086934465
17,203163449,Grp. A4 B6 (20% C1; 80% C11),689,0.166,0.127,-0.24,0.305,0.84,1.4,1.5,0.01,0.01,1020.1587,1,6.927713482411017,-0.06899287148695156,-4.430816798843313,0.23967285326542026
18,221993143,Grp. A4 B6 (20% C1; 80% C11),689,0.166,0.127,-0.245,0.31,0.92,1.3,1.4,0.01,0.01,1022.7291,1,6.930229921499266,-0.07410797215372172,-4.5217885770490405,0.235314086934465
19,203812926,Grp. A4 B6 (20% C1; 80% C11),689,0.166,0.127,-0.245,0.31,0.84,1.6,1.7,0.02,0.01,1024.0238,1,6.931495047516858,-0.060624621816434736,-3.7376696182833684,0.235314086934465
20,223669526,Grp. A4 B6 (20% C1; 80% C11),689,0.166,0.127,-0.24,0.305,0.92,1.8,2.0,0.01,0.01,1027.2966,1,6.9346859705700945,-0.10536051565782628,-4.5217885770490405,0.23967285326542026
21,226769428,Grp. A4 B6 (20% C1; 80% C11),689,0.166,0.127,-0.24,0.305,0.94,1.3,1.4,0.02,0.01,1030.6587,1,6.93795339138449,-0.07410797215372172,-3.8501476017100584,0.23967285326542026
22,190086440,Grp. A4 B6 (20% C1; 80% C11),689,0.166,0.127,-0.245,0.31,0.78,1.8,1.9,0.02,0.01,1031.0194,1,6.938303300522761,-0.0540672212702757,-3.6635616461296463,0.235314086934465
23,176010851,Grp. A4 B6 (20% C1; 80% C11),689,0.166,0.127,-0.24,0.305,0.72,1.9,2.0,0.02,0.01,1034.0038,1,6.941193730109977,-0.05129329438755058,-3.58351893845611,0.23967285326542026
24,203480844,Grp. A4 B6 (20% C1; 80% C11),689,0.166,0.127,-0.24,0.305,0.84,1.5,1.6,0.02,0.01,1036.361,1,6.943470817721332,-0.06453852113757118,-3.7376696182833684,0.23967285326542026
25,152659426,Grp. A4 B6 (20% C1; 80% C11),689,0.166,0.127,-0.135,0.265,0.64,0.4,0.4,0.01,0.01,1037.5714,1,6.944638069014024,0.0,-4.1588830833596715,0.6744550475477928
26,221706978,Grp. A4 B6 (20% C1; 80% C11),689,0.166,0.127,-0.24,0.305,0.92,1.2,1.3,0.01,0.01,1038.4559,1,6.945490177320614,-0.0800427076735365,-4.5217885770490405,0.23967285326542026
27,217859386,Grp. A4 B6 (20% C1; 80% C11),689,0.166,0.127,-0.24,0.305,0.8,1.5,1.6,0.01,0.01,1042.3263,1,6.949210321085482,-0.06453852113757118,-4.382026634673882,0.23967285326542026
28,208946568,Grp. A4 B6 (20% C1; 80% C11),689,0.166,0.127,-0.245,0.31,0.86,1.7,1.8,0.03,0.01,1044.5269,1,6.951319334614252,-0.05715841383994864,-3.355735007585398,0.235314086934465
29,239297606,Grp. A4 B6 (20% C1; 80% C11),689,0.171,0.127,-0.135,0.39,0.9,0.4,0.4,0.01,0.01,1048.1833,1,6.954813754167117,0.0,-4.499809670330265,1.0608719606852626
30,218189520,Grp. A4 B6 (20% C1; 80% C11),689,0.166,0.127,-0.245,0.31,0.8,1.6,1.7,0.01,0.01,1068.8096,1,6.974300784777971,-0.060624621816434736,-4.382026634673882,0.235314086934465
31,203480078,Grp. A4 B6 (20% C1; 80% C11),689,0.166,0.127,-0.245,0.31,0.84,1.5,1.6,0.01,0.01,1069.8661,1,6.975288779438349,-0.06453852113757118,-4.430816798843313,0.235314086934465
32,212727129,Grp. A4 B6 (20% C1; 80% C11),689,0.166,0.127,-0.245,0.31,0.88,1.4,1.5,0.01,0.01,1070.0391,1,6.975450468844382,-0.06899287148695156,-4.477336814478207,0.235314086934465
33,180117448,Grp. A4 B6 (20% C1; 80% C11),689,0.166,0.127,-0.24,0.305,0.74,1.7,1.8,0.01,0.01,1071.8461,1,6.977137767891695,-0.05715841383994864,-4.304065093204169,0.23967285326542026
34,233228783,Grp. A4 B6 (20% C1; 80% C11),689,0.166,0.127,-0.245,0.31,0.96,1.8,2.0,0.01,0.01,1081.0963,1,6.985730897852762,-0.10536051565782628,-4.564348191467836,0.235314086934465
35,221993809,Grp. A4 B6 (20% C1; 80% C11),689,0.166,0.127,-0.24,0.305,0.92,1.3,1.4,0.02,0.01,1085.1122,1,6.989438670766349,-0.07410797215372172,-3.828641396489095,0.23967285326542026
36,199028583,Grp. A4 B6 (20% C1; 80% C11),689,0.166,0.127,-0.24,0.305,0.82,1.6,1.7,0.02,0.01,1101.1892,1,7.004145965737613,-0.060624621816434736,-3.713572066704308,0.23967285326542026
37,214436238,Grp. A4 B6 (20% C1; 80% C11),689,0.166,0.127,-0.205,0.5,0.88,1.9,2.0,0.01,0.01,1105.7955,1,7.008320264443572,-0.05129329438755058,-4.477336814478207,0.8915981192837835
38,236321628,Grp. A4 B6 (20% C1; 80% C11),689,0.166,0.127,-0.245,0.31,0.98,1.3,1.4,0.02,0.01,1108.0698,1,7.010374861712932,-0.07410797215372172,-3.8918202981106265,0.235314086934465
39,243142944,Grp. A4 B6 (20% C1; 80% C11),689,0.166,0.127,-0.205,0.5,0.9,1.9,2.0,0.01,0.01,1116.3317,1,7.017803321001704,-0.05129329438755058,-4.499809670330265,0.8915981192837835
40,219262330,Grp. A4 B6 (20% C1; 80% C11),689,0.166,0.127,-0.245,0.31,0.8,1.9,2.0,0.03,0.01,1125.9891,1,7.02641712836859,-0.05129329438755058,-3.283414346005772,0.235314086934465
41,147921300,Grp. A4 B6 (20% C1; 80% C11),689,0.166,0.127,-0.11,0.24,0.62,0.5,0.4,0.04,0.01,1128.802,1,7.028912172330089,0.22314355131420976,-2.740840023925201,0.780158557549575
42,185653074,Grp. A4 B6 (20% C1; 80% C11),689,0.166,0.127,-0.245,0.31,0.76,1.9,2.0,0.02,0.01,1133.7191,1,7.033258746372153,-0.05129329438755058,-3.6375861597263857,0.235314086934465
43,199373644,Grp. A4 B6 (20% C1; 80% C11),689,0.166,0.127,-0.245,0.31,0.82,1.7,1.8,0.02,0.01,1136.0393,1,7.035303193753124,-0.05715841383994864,-3.713572066704308,0.235314086934465
44,180473076,Grp. A4 B6 (20% C1; 80% C11),689,0.166,0.127,-0.24,0.305,0.74,1.8,1.9,0.02,0.01,1137.1927,1,7.036317960480828,-0.0540672212702757,-3.6109179126442243,0.23967285326542026
45,166218445,Grp. A4 B6 (20% C1; 80% C11),689,0.166,0.127,-0.24,0.305,0.68,1.9,2.0,0.01,0.01,1138.3091,1,7.037299194676796,-0.05129329438755058,-4.219507705176107,0.23967285326542026
46,196268797,Grp. A4 B6 (20% C1; 80% C11),689,0.166,0.127,-0.15,0.315,0.82,0.4,0.4,0.01,0.01,1140.8951,1,7.039568408738162,0.0,-4.406719247264253,0.7419373447293773
47,190455531,Grp. A4 B6 (20% C1; 80% C11),689,0.166,0.127,-0.245,0.31,0.78,1.9,2.0,0.03,0.01,1142.018,1,7.040552151913105,-0.05129329438755058,-3.258096538021482,0.235314086934465
48,226481144,Grp. A4 B6 (20% C1; 80% C11),689,0.166,0.127,-0.24,0.305,0.94,1.2,1.3,0.01,0.01,1147.887,1,7.04567813997901,-0.0800427076735365,-4.543294782270004,0.23967285326542026
49,247212885,Grp. A4 B6 (20% C1; 80% C11),689,0.166,0.127,-0.245,0.31,1.0,1.7,1.9,0.01,0.01,1150.2441,1,7.04772945970271,-0.11122563511022437,-4.605170185988091,0.235314086934465
50,218190338,Grp. A4 B6 (20% C1; 80% C11),689,0.166,0.127,-0.24,0.305,0.8,1.6,1.7,0.02,0.01,1152.0513,1,7.04929937151435,-0.060624621816434736,-3.6888794541139363,0.23967285326542026
51,184585776,Grp. A4 B6 (20% C1; 80% C11),689,0.166,0.127,-0.24,0.305,0.76,1.6,1.7,0.01,0.01,1156.8484,1,7.05345469008665,-0.060624621816434736,-4.330733340286331,0.23967285326542026
52,172207779,Grp. A4 B6 (20% C1; 80% C11),689,0.166,0.127,-0.14,0.295,0.72,0.4,0.4,0.01,0.01,1162.4634,1,7.058296653094916,0.0,-4.276666119016055,0.7453329337305153
53,218534598,Grp. A4 B6 (20% C1; 80% C11),689,0.166,0.127,-0.245,0.31,0.8,1.7,1.8,0.02,0.01,1163.9701,1,7.059591940676236,-0.05715841383994864,-3.6888794541139363,0.235314086934465
54,241430682,Grp. A4 B6 (20% C1; 80% C11),689,0.166,0.127,-0.24,0.305,0.9,1.4,1.5,0.02,0.01,1169.7301,1,7.064528317419526,-0.06899287148695156,-3.8066624897703196,0.23967285326542026
55,225187440,Grp. A4 B6 (20% C1; 80% C11),689,0.166,0.127,-0.16,0.4,0.94,0.6,0.6,0.02,0.01,1176.5667,1,7.070355900143057,0.0,-3.8501476017100584,0.9162907318741551
56,224811370,Grp. A4 B6 (20% C1; 80% C11),689,0.166,0.127,-0.145,0.305,0.94,0.3,0.3,0.01,0.01,1182.9404,1,7.075758482320411,0.0,-4.543294782270004,0.7435780341868372
57,244009993,Grp. A4 B6 (20% C1; 80% C11),689,0.166,0.127,-0.135,0.265,1.0,0.4,0.3,0.05,0.01,1183.9845,1,7.076640724142044,0.287682072451781,-2.995732273553991,0.6744550475477928
58,208266052,Grp. A4 B6 (20% C1; 80% C11),689,0.166,0.127,-0.24,0.305,0.86,1.5,1.6,0.02,0.01,1195.2633,1,7.086121774823513,-0.06453852113757118,-3.7612001156935624,0.23967285326542026
59,185285642,Grp. A4 B6 (20% C1; 80% C11),689,0.166,0.127,-0.24,0.305,0.76,1.8,1.9,0.02,0.01,1206.1472,1,7.0951864262235995,-0.0540672212702757,-3.6375861597263857,0.23967285326542026
60,236030682,Grp. A4 B6 (20% C1; 80% C11),689,0.166,0.127,-0.245,0.31,0.98,1.2,1.3,0.01,0.01,1209.9298,1,7.098317620378837,-0.0800427076735365,-4.584967478670571,0.235314086934465
61,184928305,Grp. A4 B6 (20% C1; 80% C11),689,0.166,0.127,-0.245,0.31,0.76,1.7,1.8,0.01,0.01,1222.5724,1,7.108712442499305,-0.05715841383994864,-4.330733340286331,0.235314086934465
62,186778442,Grp. A4 B6 (20% C1; 80% C11),689,0.171,0.127,-0.135,0.39,0.78,0.5,0.5,0.01,0.01,1228.9662,1,7.113928607153673,0.0,-4.356708826689592,1.0608719606852626
63,205824575,Grp. A4 B6 (20% C1; 80% C11),689,0.166,0.127,-0.14,0.355,0.86,0.4,0.4,0.01,0.01,1229.7819,1,7.114592115570762,0.0,-4.454347296253507,0.9304753668661113
64,83475972,Grp. A4 B6 (20% C1; 80% C11),689,0.166,0.127,-0.135,0.265,0.36,1.1,1.1,0.02,0.01,1235.9595,1,7.119602870490495,0.0,-2.8903717578961645,0.6744550475477928
65,189385885,Grp. A4 B6 (20% C1; 80% C11),689,0.166,0.127,-0.24,0.305,0.78,1.6,1.7,0.01,0.01,1238.0988,1,7.121332256199135,-0.060624621816434736,-4.356708826689592,0.23967285326542026
66,167720099,Grp. A4 B6 (20% C1; 80% C11),689,0.171,0.127,-0.125,0.365,0.6,0.6,0.6,0.01,0.01,1242.947,1,7.1252404518245,0.0,-4.0943445622221,1.0715836162801904
67,113640269,Grp. A4 B6 (20% C1; 80% C11),689,0.166,0.127,-0.14,0.295,0.48,0.9,0.9,0.02,0.01,1253.9244,1,7.134033432294188,0.0,-3.1780538303479453,0.7453329337305153
68,194949559,Grp. A4 B6 (20% C1; 80% C11),689,0.166,0.127,-0.24,0.305,0.7,1.8,1.9,0.01,0.01,1258.1039,1,7.137361025264847,-0.0540672212702757,-4.2484952420493585,0.23967285326542026
69,207946862,Grp. A4 B6 (20% C1; 80% C11),689,0.166,0.127,-0.245,0.31,0.86,1.4,1.5,0.01,0.01,1259.1876,1,7.1382220300924155,-0.06899287148695156,-4.454347296253507,0.235314086934465
70,103747617,Grp. A4 B6 (20% C1; 80% C11),689,0.166,0.127,-0.14,0.295,0.44,1.0,1.0,0.02,0.01,1259.6816,1,7.138614269599201,0.0,-3.0910424533583156,0.7453329337305153
71,210730983,Grp. A4 B6 (20% C1; 80% C11),689,0.171,0.127,-0.145,0.415,0.88,0.5,0.5,0.01,0.01,1262.8564,1,7.141131418340908,0.0,-4.477336814478207,1.051544777810124
72,180839796,Grp. A4 B6 (20% C1; 80% C11),689,0.166,0.127,-0.245,0.31,0.74,1.9,2.0,0.02,0.01,1263.4352,1,7.141589639403059,-0.05129329438755058,-3.6109179126442243,0.235314086934465
73,147920716,Grp. A4 B6 (20% C1; 80% C11),689,0.166,0.127,-0.14,0.295,0.62,0.5,0.5,0.01,0.01,1264.7113,1,7.142599153771293,0.0,-4.127134385045092,0.7453329337305153
74,245593535,Grp. A4 B6 (20% C1; 80% C11),689,0.166,0.127,-0.24,0.305,1.0,1.2,1.3,0.02,0.01,1269.1193,1,7.146078474327936,-0.0800427076735365,-3.912023005428146,0.23967285326542026
75,239728211,Grp. A4 B6 (20% C1; 80% C11),689,0.171,0.127,-0.155,0.44,0.9,0.7,0.7,0.02,0.01,1269.269,1,7.146196423185621,0.0,-3.8066624897703196,1.0433496099930604
76,186636429,Grp. A4 B6 (20% C1; 80% C11),689,0.166,0.127,-0.145,0.305,0.78,0.4,0.4,0.01,0.01,1273.9838,1,7.149904120195688,0.0,-4.356708826689592,0.7435780341868372
77,228422960,Grp. A4 B6 (20% C1; 80% C11),689,0.166,0.127,-0.205,0.5,0.94,1.8,1.9,0.01,0.01,1276.8314,1,7.152136819124977,-0.0540672212702757,-4.543294782270004,0.8915981192837835
78,37647459,Grp. A4 B6 (20% C1; 80% C11),689,0.166,0.127,-0.11,0.22,0.18,1.3,1.3,0.01,0.01,1279.0007,1,7.153834348881273,0.0,-2.8903717578961645,0.6931471805599453
79,245592923,Grp. A4 B6 (20% C1; 80% C11),689,0.166,0.127,-0.245,0.31,1.0,1.2,1.3,0.02,0.01,1284.5356,1,7.15815253123011,-0.0800427076735365,-3.912023005428146,0.235314086934465
80,201046215,Grp. A4 B6 (20% C1; 80% C11),689,0.166,0.127,-0.14,0.355,0.84,0.4,0.4,0.01,0.01,1289.2634,1,7.161826326516768,0.0,-4.430816798843313,0.9304753668661113
81,123976039,Grp. A4 B6 (20% C1; 80% C11),689,0.166,0.127,-0.14,0.355,0.52,1.0,1.0,0.02,0.01,1292.2035,1,7.164104179679444,0.0,-3.258096538021482,0.9304753668661113
82,33056244,Grp. A4 B6 (20% C1; 80% C11),689,0.166,0.127,-0.11,0.22,0.16,1.5,1.5,0.01,0.01,1292.8474,1,7.164602351698662,0.0,-2.772588722239781,0.6931471805599453
83,245319845,Grp. A4 B6 (20% C1; 80% C11),689,0.166,0.127,-0.245,0.31,1.0,1.1,1.2,0.01,0.01,1306.6244,1,7.175202296654449,-0.08701137698962969,-4.605170185988091,0.235314086934465
84,113030918,Grp. A4 B6 (20% C1; 80% C11),689,0.166,0.127,-0.135,0.265,0.48,0.6,0.6,0.01,0.01,1308.7728,1,7.176845183236438,0.0,-3.8712010109078907,0.6744550475477928
85,241126136,Grp. A4 B6 (20% C1; 80% C11),689,0.166,0.127,-0.245,0.31,0.9,1.3,1.4,0.01,0.01,1311.2499,1,7.178736083447396,-0.07410797215372172,-4.499809670330265,0.235314086934465
86,157710492,Grp. A4 B6 (20% C1; 80% C11),689,0.166,0.127,-0.145,0.305,0.66,0.5,0.5,0.01,0.01,1312.9354,1,7.180020672787776,0.0,-4.189654742026425,0.7435780341868372
87,228060903,Grp. A4 B6 (20% C1; 80% C11),689,0.166,0.127,-0.205,0.5,0.94,1.7,1.8,0.01,0.01,1315.9795,1,7.182336534256333,-0.05715841383994864,-4.543294782270004,0.8915981192837835
88,128764374,Grp. A4 B6 (20% C1; 80% C11),689,0.166,0.127,-0.15,0.315,0.54,0.9,0.9,0.02,0.01,1316.7955,1,7.18295641254151,0.0,-3.295836866004329,0.7419373447293773
89,177177313,Grp. A4 B6 (20% C1; 80% C11),689,0.166,0.127,-0.14,0.355,0.74,0.5,0.5,0.01,0.01,1319.1326,1,7.184729678369521,0.0,-4.304065093204169,0.9304753668661113
90,177676261,Grp. A4 B6 (20% C1; 80% C11),689,0.171,0.127,-0.145,0.415,0.74,0.8,0.8,0.02,0.01,1319.7211,1,7.1851757053772,0.0,-3.6109179126442243,1.051544777810124
91,208599046,Grp. A4 B6 (20% C1; 80% C11),689,0.166,0.127,-0.245,0.31,0.86,1.6,1.7,0.02,0.01,1322.7745,1,7.187486703631232,-0.060624621816434736,-3.7612001156935624,0.235314086934465
92,227075058,Grp. A4 B6 (20% C1; 80% C11),689,0.166,0.127,-0.245,0.31,0.94,1.4,1.5,0.02,0.01,1327.5161,1,7.191064881102813,-0.06899287148695156,-3.8501476017100584,0.235314086934465
93,245320404,Grp. A4 B6 (20% C1; 80% C11),689,0.166,0.127,-0.24,0.305,1.0,1.1,1.2,0.01,0.01,1328.3162,1,7.1916674041041375,-0.08701137698962969,-4.605170185988091,0.23967285326542026
94,154212957,Grp. A4 B6 (20% C1; 80% C11),689,0.166,0.127,-0.16,0.4,0.64,1.2,1.2,0.03,0.01,1328.7098,1,7.191963675200378,0.0,-3.0602707946915624,0.9162907318741551
95,63887048,Grp. A4 B6 (20% C1; 80% C11),689,0.166,0.127,-0.135,0.265,0.28,1.5,1.5,0.02,0.01,1329.857,1,7.192826696638247,0.0,-2.639057329615259,0.6744550475477928
96,88864249,Grp. A4 B6 (20% C1; 80% C11),689,0.166,0.127,-0.14,0.295,0.38,1.2,1.2,0.02,0.01,1337.833,1,7.198806419744403,0.0,-2.9444389791664407,0.7453329337305153
97,133537833,Grp. A4 B6 (20% C1; 80% C11),689,0.166,0.127,-0.145,0.305,0.56,0.8,0.8,0.02,0.01,1341.3964,1,7.2014664398988035,0.0,-3.332204510175204,0.7435780341868372
98,114077760,Grp. A4 B6 (20% C1; 80% C11),689,0.166,0.127,-0.14,0.355,0.48,1.1,1.1,0.02,0.01,1343.839,1,7.2032857222408335,0.0,-3.1780538303479453,0.9304753668661113
99,80640231,Grp. A4 B6 (20% C1; 80% C11),689,0.166,0.127,-0.15,0.315,0.34,1.9,1.9,0.03,0.01,1344.0531,1,7.203445029231209,0.0,-2.427748235948052,0.7419373447293773
0,40630476,Grp. A4 B6 (20% C1; 80% C11),697,0.166,0.142,-0.085,0.075,0.1,0.4,0.3,0.01,0.01,1017.8355,1,6.925433592697579,0.287682072451781,-2.302585092994046,-0.12516314295400616
1,4409796,Grp. A4 B6 (20% C1; 80% C11),697,0.166,0.141,-0.08,0.065,0.02,1.9,1.8,0.01,0.01,1409.5486,1,7.251024790271902,0.05406722127027579,-0.6931471805599453,-0.2076393647782445
2,4690136,Grp. A4 B6 (20% C1; 80% C11),697,0.166,0.141,-0.08,0.07,0.02,2.0,1.9,0.01,0.01,1485.477,1,7.303491211780443,0.05129329438755048,-0.6931471805599453,-0.1335313926245225
3,40630592,Grp. A4 B6 (20% C1; 80% C11),697,0.166,0.141,-0.085,0.075,0.1,0.4,0.3,0.01,0.01,1621.7805,1,7.391279898760777,0.287682072451781,-2.302585092994046,-0.12516314295400616
4,211013811,Grp. A4 B6 (20% C1; 80% C11),697,0.166,0.127,-0.06,0.565,0.88,0.7,0.4,0.05,0.01,1943.8901,1,7.572446450500528,0.5596157879354225,-2.867898902044106,2.24248116892434
5,8111020,Grp. A4 B6 (20% C1; 80% C11),697,0.166,0.141,-0.09,0.075,0.04,1.5,1.2,0.04,0.01,1988.2745,1,7.59502245615539,0.22314355131420976,0.0,-0.1823215567939546
6,25055308,Grp. A4 B6 (20% C1; 80% C11),697,0.166,0.142,-0.09,0.08,0.14,0.3,0.2,0.01,0.01,2021.6323,1,7.611660533389956,0.4054651081081642,-2.639057329615259,-0.11778303565638339
7,6888714,Grp. A4 B6 (20% C1; 80% C11),697,0.166,0.142,-0.085,0.07,0.04,1.0,0.9,0.01,0.01,2075.1074,1,7.6377681903614905,0.10536051565782635,-1.3862943611198906,-0.19415601444095737
8,61234827,Grp. A4 B6 (20% C1; 80% C11),697,0.166,0.141,-0.095,0.135,0.28,0.4,0.2,0.03,0.01,2217.5618,1,7.7041635830174915,0.6931471805599453,-2.2335922215070942,0.3513978868378886
9,38752248,Grp. A4 B6 (20% C1; 80% C11),697,0.166,0.127,-0.085,0.175,0.18,1.7,1.5,0.06,0.01,2337.5293,1,7.756849795843641,0.125163142954006,-1.0986122886681098,0.7221347174331975
10,11017091,Grp. A4 B6 (20% C1; 80% C11),697,0.166,0.141,-0.085,0.075,0.06,0.7,0.6,0.01,0.01,2374.9717,1,7.7727408006082745,0.15415067982725836,-1.791759469228055,-0.12516314295400616
11,15463778,Grp. A4 B6 (20% C1; 80% C11),697,0.166,0.141,-0.085,0.075,0.08,0.5,0.1,0.04,0.01,2415.6887,1,7.789739701415169,1.6094379124341003,-0.6931471805599453,-0.12516314295400616
12,45224637,Grp. A4 B6 (20% C1; 80% C11),697,0.166,0.141,-0.095,0.085,0.22,0.2,0.1,0.01,0.01,2515.8484,1,7.8303653616329445,0.6931471805599453,-3.0910424533583156,-0.11122563511022437
13,15463536,Grp. A4 B6 (20% C1; 80% C11),697,0.166,0.142,-0.085,0.075,0.08,0.5,0.4,0.01,0.01,2599.6008,1,7.863113173759799,0.22314355131420976,-2.0794415416798357,-0.12516314295400616
14,43849947,Grp. A4 B6 (20% C1; 80% C11),697,0.166,0.141,-0.095,0.135,0.1,1.7,1.3,0.07,0.01,2694.0637,1,7.89880600182811,0.26826398659467937,-0.3566749439387323,0.3513978868378886
15,76317172,Grp. A4 B6 (20% C1; 80% C11),697,0.166,0.142,-0.085,0.165,0.34,0.2,0.1,0.01,0.01,2702.0828,1,7.901778162018059,0.6931471805599453,-3.5263605246161616,0.6632942174102642
16,4683448,Grp. A4 B6 (20% C1; 80% C11),697,0.166,0.142,-0.08,0.07,0.02,2.0,1.9,0.01,0.01,2821.1055,1,7.94488410838849,0.05129329438755048,-0.6931471805599453,-0.1335313926245225
17,1733473,Grp. A4 B6 (20% C1; 80% C11),697,0.166,0.142,-0.075,0.07,0.02,0.8,0.3,0.04,0.01,2954.564,1,7.991106372422835,0.9808292530117263,0.6931471805599453,-0.06899287148695131
18,44707969,Grp. A4 B6 (20% C1; 80% C11),697,0.166,0.127,-0.08,0.165,0.1,2.0,1.9,0.03,0.01,3068.5557,1,8.028962273856028,0.05129329438755048,-1.2039728043259361,0.723918839226699
19,107368952,Grp. A4 B6 (20% C1; 80% C11),697,0.166,0.127,-0.085,0.175,0.46,0.3,0.2,0.02,0.01,3137.0193,1,8.051028360546633,0.4054651081081642,-3.1354942159291497,0.7221347174331975
20,11016385,Grp. A4 B6 (20% C1; 80% C11),697,0.166,0.142,-0.085,0.075,0.06,0.7,0.6,0.01,0.01,3242.727,1,8.084169921450274,0.15415067982725836,-1.791759469228055,-0.12516314295400616
21,4408407,Grp. A4 B6 (20% C1; 80% C11),697,0.166,0.142,-0.08,0.065,0.02,1.9,1.8,0.01,0.01,3259.766,1,8.089410692643403,0.05406722127027579,-0.6931471805599453,-0.2076393647782445
22,229472481,Grp. A4 B6 (20% C1; 80% C11),697,0.166,0.127,-0.06,0.565,0.96,0.2,0.1,0.01,0.01,3333.813,1,8.111871972955461,0.6931471805599453,-4.564348191467836,2.24248116892434
23,224809343,Grp. A4 B6 (20% C1; 80% C11),697,0.166,0.127,-0.135,0.265,0.94,0.3,0.3,0.01,0.01,3349.013,1,8.116420954542418,0.0,-4.543294782270004,0.6744550475477928
24,31291786,Grp. A4 B6 (20% C1; 80% C11),697,0.166,0.142,-0.085,0.165,0.16,0.8,0.6,0.03,0.01,3357.7322,1,8.119021084606196,0.287682072451781,-1.6739764335716716,0.6632942174102642
25,48079606,Grp. A4 B6 (20% C1; 80% C11),697,0.166,0.127,-0.085,0.175,0.22,1.4,1.2,0.06,0.01,3437.7969,1,8.142586109154166,0.15415067982725836,-1.2992829841302609,0.7221347174331975
26,7124808,Grp. A4 B6 (20% C1; 80% C11),697,0.166,0.142,-0.09,0.075,0.04,1.1,0.5,0.07,0.01,3465.3635,1,8.150572812326638,0.7884573603642703,0.5596157879354228,-0.1823215567939546
27,6889195,Grp. A4 B6 (20% C1; 80% C11),697,0.166,0.141,-0.085,0.07,0.04,1.0,0.9,0.01,0.01,3520.7297,1,8.166423548244595,0.10536051565782635,-1.3862943611198906,-0.19415601444095737
28,112835041,Grp. A4 B6 (20% C1; 80% C11),697,0.166,0.127,-0.11,0.22,0.48,0.5,0.5,0.01,0.01,3597.0076,1,8.187857556565229,0.0,-3.8712010109078907,0.6931471805599453
29,26189664,Grp. A4 B6 (20% C1; 80% C11),697,0.166,0.141,-0.095,0.13,0.14,0.8,0.7,0.02,0.01,3598.8035,1,8.188356708088895,0.13353139262452277,-1.9459101490553135,0.3136575588550416
30,239422493,Grp. A4 B6 (20% C1; 80% C11),697,0.166,0.127,-0.14,0.295,0.9,0.5,0.5,0.02,0.01,3604.3054,1,8.189884354316758,0.0,-3.8066624897703196,0.7453329337305153
31,234460784,Grp. A4 B6 (20% C1; 80% C11),697,0.166,0.127,-0.11,0.24,0.98,0.4,0.2,0.06,0.01,3619.6091,1,8.194121315563773,0.6931471805599453,-2.793208009442517,0.780158557549575
32,234462357,Grp. A4 B6 (20% C1; 80% C11),697,0.171,0.127,-0.125,0.365,0.98,0.4,0.4,0.01,0.01,3625.2158,1,8.195669096551356,0.0,-4.584967478670571,1.0715836162801904
33,229579013,Grp. A4 B6 (20% C1; 80% C11),697,0.166,0.127,-0.135,0.265,0.96,0.3,0.3,0.01,0.01,3696.9028,1,8.215250667003229,0.0,-4.564348191467836,0.6744550475477928
34,225048103,Grp. A4 B6 (20% C1; 80% C11),697,0.166,0.127,-0.145,0.305,0.94,0.5,0.5,0.02,0.01,3709.4426,1,8.218636901726331,0.0,-3.8501476017100584,0.7435780341868372
35,45224639,Grp. A4 B6 (20% C1; 80% C11),697,0.166,0.142,-0.095,0.085,0.22,0.2,0.1,0.01,0.01,3718.834,1,8.221165457274124,0.6931471805599453,-3.0910424533583156,-0.11122563511022437
36,25055294,Grp. A4 B6 (20% C1; 80% C11),697,0.166,0.141,-0.09,0.08,0.14,0.3,0.2,0.01,0.01,3723.436,1,8.222402176873535,0.4054651081081642,-2.639057329615259,-0.11778303565638339
37,244137902,Grp. A4 B6 (20% C1; 80% C11),697,0.166,0.127,-0.15,0.315,1.0,0.5,0.5,0.02,0.01,3743.9834,1,8.22790540382697,0.0,-3.912023005428146,0.7419373447293773
38,191818594,Grp. A4 B6 (20% C1; 80% C11),697,0.166,0.127,-0.135,0.265,0.7,0.6,0.6,0.02,0.01,3756.2876,1,8.231186408216779,0.0,-3.5553480614894135,0.6744550475477928
39,229694010,Grp. A4 B6 (20% C1; 80% C11),697,0.171,0.127,-0.125,0.365,0.96,0.4,0.4,0.01,0.01,3772.5193,1,8.235498306599759,0.0,-4.564348191467836,1.0715836162801904
40,97804861,Grp. A4 B6 (20% C1; 80% C11),697,0.166,0.127,-0.11,0.22,0.42,0.6,0.6,0.01,0.01,3815.612,1,8.246856350249859,0.0,-3.7376696182833684,0.6931471805599453
41,118374280,Grp. A4 B6 (20% C1; 80% C11),697,0.166,0.127,-0.11,0.24,0.4,0.7,0.7,0.01,0.01,3825.154,1,8.249354006888074,0.0,-3.6888794541139363,0.780158557549575
42,93139061,Grp. A4 B6 (20% C1; 80% C11),697,0.166,0.127,-0.085,0.175,0.3,0.8,0.5,0.06,0.01,3826.7463,1,8.24977019109345,0.47000362924573563,-1.6094379124341003,0.7221347174331975
43,220419280,Grp. A4 B6 (20% C1; 80% C11),697,0.166,0.127,-0.14,0.355,0.92,0.6,0.6,0.02,0.01,3839.3914,1,8.253069143437639,0.0,-3.828641396489095,0.9304753668661113
44,102905202,Grp. A4 B6 (20% C1; 80% C11),697,0.166,0.127,-0.11,0.24,0.44,0.6,0.6,0.01,0.01,3845.8875,1,8.254759674550854,0.0,-3.784189633918261,0.780158557549575
45,36891926,Grp. A4 B6 (20% C1; 80% C11),697,0.166,0.142,-0.09,0.175,0.18,1.0,0.6,0.06,0.01,3865.2078,1,8.259770724129947,0.5108256237659907,-1.0986122886681098,0.664976303593249
46,56725228,Grp. A4 B6 (20% C1; 80% C11),697,0.166,0.127,-0.08,0.165,0.26,0.7,0.5,0.04,0.01,3880.1448,1,8.26362775150859,0.3364722366212129,-1.8718021769015913,0.723918839226699
47,229814557,Grp. A4 B6 (20% C1; 80% C11),697,0.166,0.127,-0.145,0.305,0.96,0.5,0.5,0.02,0.01,3887.275,1,8.265463676999,0.0,-3.8712010109078907,0.7435780341868372
48,201182325,Grp. A4 B6 (20% C1; 80% C11),697,0.171,0.127,-0.125,0.365,0.84,0.5,0.5,0.01,0.01,3888.617,1,8.2658088464055,0.0,-4.430816798843313,1.0715836162801904
49,186633309,Grp. A4 B6 (20% C1; 80% C11),697,0.166,0.127,-0.135,0.265,0.78,0.4,0.4,0.01,0.01,3898.0647,1,8.268235478185272,0.0,-4.356708826689592,0.6744550475477928
50,239296008,Grp. A4 B6 (20% C1; 80% C11),697,0.166,0.127,-0.14,0.295,0.9,0.4,0.4,0.01,0.01,3898.6868,1,8.268395057466803,0.0,-4.499809670330265,0.7453329337305153
51,72032175,Grp. A4 B6 (20% C1; 80% C11),697,0.166,0.127,-0.085,0.175,0.32,0.6,0.4,0.04,0.01,3902.934,1,8.26948385696846,0.4054651081081642,-2.0794415416798357,0.7221347174331975
52,122991033,Grp. A4 B6 (20% C1; 80% C11),697,0.166,0.127,-0.11,0.24,0.52,0.5,0.5,0.01,0.01,3905.9067,1,8.270245224822617,0.0,-3.951243718581427,0.780158557549575
53,82804548,Grp. A4 B6 (20% C1; 80% C11),697,0.166,0.127,-0.11,0.24,0.36,0.8,0.8,0.01,0.01,3911.4507,1,8.271663607185294,0.0,-3.58351893845611,0.780158557549575
54,233230744,Grp. A4 B6 (20% C1; 80% C11),697,0.166,0.142,-0.255,0.32,0.96,1.8,2.0,0.01,0.01,3916.1785,1,8.272871584838326,-0.10536051565782628,-4.564348191467836,0.22705745063534608
55,186924365,Grp. A4 B6 (20% C1; 80% C11),697,0.166,0.127,-0.14,0.295,0.78,0.6,0.6,0.02,0.01,3928.0957,1,8.275910032721358,0.0,-3.6635616461296463,0.7453329337305153
56,72032320,Grp. A4 B6 (20% C1; 80% C11),697,0.166,0.127,-0.08,0.165,0.32,0.6,0.1,0.07,0.01,3932.2493,1,8.276966882105604,1.791759469228055,-1.519825753744413,0.723918839226699
57,148253158,Grp. A4 B6 (20% C1; 80% C11),697,0.166,0.127,-0.135,0.265,0.62,0.7,0.7,0.02,0.01,3938.457,1,8.278544301221649,0.0,-3.4339872044851463,0.6744550475477928
58,211032687,Grp. A4 B6 (20% C1; 80% C11),697,0.171,0.127,-0.135,0.39,0.88,0.7,0.7,0.02,0.01,3941.638,1,8.279351651938304,0.0,-3.784189633918261,1.0608719606852626
59,56956381,Grp. A4 B6 (20% C1; 80% C11),697,0.166,0.127,-0.085,0.175,0.26,0.8,0.7,0.03,0.01,3946.8042,1,8.280661467135683,0.13353139262452277,-2.1594842493533726,0.7221347174331975
60,201322578,Grp. A4 B6 (20% C1; 80% C11),697,0.166,0.127,-0.145,0.305,0.84,0.6,0.6,0.02,0.01,3951.1719,1,8.281767497437611,0.0,-3.7376696182833684,0.7435780341868372
61,192362582,Grp. A4 B6 (20% C1; 80% C11),697,0.166,0.127,-0.145,0.305,0.7,0.9,0.9,0.03,0.01,3984.1958,1,8.29009076408318,0.0,-3.1498829533812494,0.7435780341868372
62,62607900,Grp. A4 B6 (20% C1; 80% C11),697,0.166,0.127,-0.11,0.22,0.28,1.0,1.0,0.01,0.01,4050.3845,1,8.306567093865837,0.0,-3.332204510175204,0.6931471805599453
63,215432318,Grp. A4 B6 (20% C1; 80% C11),697,0.166,0.127,-0.135,0.265,0.8,0.4,0.4,0.01,0.01,4054.0918,1,8.307481971057491,0.0,-4.382026634673882,0.6744550475477928
64,93616243,Grp. A4 B6 (20% C1; 80% C11),697,0.166,0.127,-0.11,0.24,0.3,1.0,1.0,0.01,0.01,4076.3826,1,8.312965256473246,0.0,-3.4011973816621555,0.780158557549575
65,153544989,Grp. A4 B6 (20% C1; 80% C11),697,0.171,0.127,-0.125,0.365,0.64,0.9,0.9,0.02,0.01,4076.841,1,8.313077702794597,0.0,-3.4657359027997265,1.0715836162801904
66,196886321,Grp. A4 B6 (20% C1; 80% C11),697,0.166,0.127,-0.15,0.315,0.82,0.8,0.8,0.03,0.01,4081.789,1,8.31429065168593,0.0,-3.3081069585961433,0.7419373447293773
67,104447990,Grp. A4 B6 (20% C1; 80% C11),697,0.166,0.127,-0.135,0.265,0.44,1.3,1.3,0.03,0.01,4088.704,1,8.315983328407162,0.0,-2.6855773452501515,0.6744550475477928
68,210870741,Grp. A4 B6 (20% C1; 80% C11),697,0.166,0.127,-0.15,0.315,0.88,0.6,0.6,0.02,0.01,4090.9363,1,8.316529147043079,0.0,-3.784189633918261,0.7419373447293773
69,229817513,Grp. A4 B6 (20% C1; 80% C11),697,0.171,0.127,-0.135,0.39,0.96,0.5,0.5,0.01,0.01,4094.4175,1,8.31737973952691,0.0,-4.564348191467836,1.0608719606852626
70,93369442,Grp. A4 B6 (20% C1; 80% C11),697,0.166,0.127,-0.11,0.22,0.3,0.9,0.9,0.01,0.01,4095.0872,1,8.317543290321744,0.0,-3.4011973816621555,0.6931471805599453
71,225186511,Grp. A4 B6 (20% C1; 80% C11),697,0.166,0.127,-0.14,0.355,0.94,0.6,0.6,0.02,0.01,4099.5107,1,8.318622904107226,0.0,-3.8501476017100584,0.9304753668661113
72,191991488,Grp. A4 B6 (20% C1; 80% C11),697,0.166,0.127,-0.14,0.295,0.7,0.7,0.7,0.02,0.01,4116.4766,1,8.322752882281659,0.0,-3.5553480614894135,0.7453329337305153
73,177866638,Grp. A4 B6 (20% C1; 80% C11),697,0.166,0.127,-0.15,0.315,0.74,0.9,0.9,0.03,0.01,4119.807,1,8.323561596586133,0.0,-3.20545280453606,0.7419373447293773
74,216060990,Grp. A4 B6 (20% C1; 80% C11),697,0.171,0.127,-0.135,0.39,0.8,0.8,0.8,0.02,0.01,4119.9746,1,8.323602277276024,0.0,-3.6888794541139363,1.0608719606852626
75,220037802,Grp. A4 B6 (20% C1; 80% C11),697,0.166,0.127,-0.135,0.265,0.92,0.3,0.3,0.01,0.01,4127.866,1,8.32551584539421,0.0,-4.5217885770490405,0.6744550475477928
76,206857560,Grp. A4 B6 (20% C1; 80% C11),697,0.171,0.127,-0.145,0.415,0.86,1.0,1.0,0.03,0.01,4133.34,1,8.326841075826943,0.0,-3.355735007585398,1.051544777810124
77,57670451,Grp. A4 B6 (20% C1; 80% C11),697,0.166,0.127,-0.11,0.22,0.26,1.1,1.1,0.01,0.01,4138.1787,1,8.32801104248662,0.0,-3.258096538021482,0.6931471805599453
78,62864165,Grp. A4 B6 (20% C1; 80% C11),697,0.166,0.127,-0.11,0.24,0.28,1.1,1.1,0.01,0.01,4139.0767,1,8.32822802262318,0.0,-3.332204510175204,0.780158557549575
79,177333784,Grp. A4 B6 (20% C1; 80% C11),697,0.171,0.127,-0.125,0.365,0.74,0.6,0.6,0.01,0.01,4139.251,1,8.328270132577352,0.0,-4.304065093204169,1.0715836162801904
80,52735591,Grp. A4 B6 (20% C1; 80% C11),697,0.166,0.127,-0.11,0.22,0.24,1.2,1.2,0.01,0.01,4141.473,1,8.32880680064003,0.0,-3.1780538303479453,0.6931471805599453
81,201478690,Grp. A4 B6 (20% C1; 80% C11),697,0.166,0.127,-0.14,0.355,0.84,0.7,0.7,0.02,0.01,4146.1636,1,8.329938751937423,0.0,-3.7376696182833684,0.9304753668661113
82,133528028,Grp. A4 B6 (20% C1; 80% C11),697,0.166,0.127,-0.135,0.265,0.56,0.8,0.8,0.02,0.01,4146.165,1,8.32993908959891,0.0,-3.332204510175204,0.6744550475477928
83,215719393,Grp. A4 B6 (20% C1; 80% C11),697,0.166,0.127,-0.14,0.295,0.8,0.6,0.6,0.02,0.01,4148.0586,1,8.33039569653989,0.0,-3.6888794541139363,0.7453329337305153
84,216058123,Grp. A4 B6 (20% C1; 80% C11),697,0.166,0.127,-0.15,0.315,0.8,0.8,0.8,0.03,0.01,4154.8066,1,8.332021159876511,0.0,-3.283414346005772,0.7419373447293773
85,244281159,Grp. A4 B6 (20% C1; 80% C11),697,0.171,0.127,-0.135,0.39,1.0,0.6,0.6,0.02,0.01,4156.228,1,8.332363211157073,0.0,-3.912023005428146,1.0608719606852626
86,244443480,Grp. A4 B6 (20% C1; 80% C11),697,0.171,0.127,-0.145,0.415,1.0,0.7,0.7,0.02,0.01,4165.088,1,8.33449268282912,0.0,-3.912023005428146,1.051544777810124
87,210599713,Grp. A4 B6 (20% C1; 80% C11),697,0.166,0.127,-0.14,0.295,0.88,0.4,0.4,0.01,0.01,4167.4214,1,8.335052754219138,0.0,-4.477336814478207,0.7453329337305153
88,57936872,Grp. A4 B6 (20% C1; 80% C11),697,0.166,0.127,-0.11,0.24,0.26,1.2,1.2,0.01,0.01,4169.201,1,8.335479689719307,0.0,-3.258096538021482,0.780158557549575
89,168494072,Grp. A4 B6 (20% C1; 80% C11),697,0.171,0.127,-0.125,0.365,0.6,1.0,1.0,0.02,0.01,4184.657,1,8.339180020185989,0.0,-3.4011973816621555,1.0715836162801904
90,153343112,Grp. A4 B6 (20% C1; 80% C11),697,0.166,0.127,-0.14,0.295,0.64,0.8,0.8,0.02,0.01,4190.5073,1,8.340577079573,0.0,-3.4657359027997265,0.7453329337305153
91,182467900,Grp. A4 B6 (20% C1; 80% C11),697,0.166,0.127,-0.14,0.355,0.76,0.8,0.8,0.02,0.01,4208.796,1,8.344931900026486,0.0,-3.6375861597263857,0.9304753668661113
92,132616112,Grp. A4 B6 (20% C1; 80% C11),697,0.166,0.127,-0.05,0.485,0.56,0.3,0.2,0.01,0.01,4209.567,1,8.345115071030673,0.4054651081081642,-4.02535169073515,2.272125885509337
93,229806484,Grp. A4 B6 (20% C1; 80% C11),697,0.166,0.127,-0.06,0.565,0.96,0.5,0.2,0.04,0.01,4215.7812,1,8.346590191341267,0.9162907318741551,-3.1780538303479453,2.24248116892434
94,144715130,Grp. A4 B6 (20% C1; 80% C11),697,0.166,0.127,-0.14,0.295,0.5,1.3,1.3,0.03,0.01,4219.9824,1,8.347586236405247,0.0,-2.8134107167600364,0.7453329337305153
95,86638891,Grp. A4 B6 (20% C1; 80% C11),697,0.166,0.127,-0.08,0.165,0.38,0.2,0.1,0.01,0.01,4225.645,1,8.348927190861401,0.6931471805599453,-3.6375861597263857,0.723918839226699
96,69100569,Grp. A4 B6 (20% C1; 80% C11),697,0.166,0.127,-0.11,0.22,0.2,1.5,1.5,0.01,0.01,4226.7705,1,8.349193505267419,0.0,-2.9957322735539913,0.6931471805599453
97,123754438,Grp. A4 B6 (20% C1; 80% C11),697,0.166,0.127,-0.135,0.265,0.52,0.9,0.9,0.02,0.01,4233.922,1,8.350884029229416,0.0,-3.258096538021482,0.6744550475477928
98,196704229,Grp. A4 B6 (20% C1; 80% C11),697,0.166,0.127,-0.14,0.355,0.82,0.7,0.7,0.02,0.01,4234.8345,1,8.351099527219832,0.0,-3.713572066704308,0.9304753668661113
99,6887782,Grp. A4 B6 (20% C1; 80% C11),697,0.166,0.141,-0.085,0.075,0.04,1.0,0.8,0.02,0.01,4258.742,1,8.35672909048794,0.22314355131420976,-0.6931471805599453,-0.12516314295400616
0,107610,Grp. A5 B6 (100% C11),448,0.0,0.127,0.0,0.0,0.0,0.0,0.0,0.0,0.01,82535.58,1,11.320984752078692,,,
1,107605,Grp. A5 B6 (100% C11),448,0.0,0.141,0.0,0.0,0.0,0.0,0.0,0.0,0.01,518086.88,1,13.157898229185578,,,
2,107600,Grp. A5 B6 (100% C11),448,0.0,0.142,0.0,0.0,0.0,0.0,0.0,0.0,0.01,576603.6,1,13.264910307663307,,,
0,107611,Grp. A5 B6 (100% C11),449,0.0,0.127,0.0,0.0,0.0,0.0,0.0,0.0,0.01,65511.555,1,11.089981818278279,,,
1,107606,Grp. A5 B6 (100% C11),449,0.0,0.141,0.0,0.0,0.0,0.0,0.0,0.0,0.01,444195.62,1,13.004020329970617,,,
2,107601,Grp. A5 B6 (100% C11),449,0.0,0.142,0.0,0.0,0.0,0.0,0.0,0.0,0.01,495621.34,1,13.113567486728599,,,
0,107612,Grp. A5 B6 (100% C11),450,0.0,0.127,0.0,0.0,0.0,0.0,0.0,0.0,0.01,445.36533,1,6.098894911649875,,,
1,107607,Grp. A5 B6 (100% C11),450,0.0,0.141,0.0,0.0,0.0,0.0,0.0,0.0,0.01,7405.478,1,8.909975275597642,,,
2,107602,Grp. A5 B6 (100% C11),450,0.0,0.142,0.0,0.0,0.0,0.0,0.0,0.0,0.01,8565.074,1,9.05544805053409,,,
0,107613,Grp. A5 B6 (100% C11),452,0.0,0.127,0.0,0.0,0.0,0.0,0.0,0.0,0.01,4280642.5,1,15.269613673114007,,,
1,107608,Grp. A5 B6 (100% C11),452,0.0,0.141,0.0,0.0,0.0,0.0,0.0,0.0,0.01,16469672.0,1,16.617031186958553,,,
2,107603,Grp. A5 B6 (100% C11),452,0.0,0.142,0.0,0.0,0.0,0.0,0.0,0.0,0.01,18079736.0,1,16.710302311051787,,,
0,107614,Grp. A5 B6 (100% C11),453,0.0,0.127,0.0,0.0,0.0,0.0,0.0,0.0,0.01,294690.2,1,12.593679914016084,,,
1,107609,Grp. A5 B6 (100% C11),453,0.0,0.141,0.0,0.0,0.0,0.0,0.0,0.0,0.01,1190597.2,1,13.989965587943244,,,
2,107604,Grp. A5 B6 (100% C11),453,0.0,0.142,0.0,0.0,0.0,0.0,0.0,0.0,0.01,1302068.4,1,14.079464634932972,,,
0,215625,Grp. A5 B6 (100% C11),701,0.0,0.127,0.0,0.0,0.0,0.0,0.0,0.0,0.01,187451.28,1,12.14127425062834,,,
1,215620,Grp. A5 B6 (100% C11),701,0.0,0.141,0.0,0.0,0.0,0.0,0.0,0.0,0.01,802672.44,1,13.595701989407901,,,
2,215615,Grp. A5 B6 (100% C11),701,0.0,0.142,0.0,0.0,0.0,0.0,0.0,0.0,0.01,880094.06,1,13.687784067106085,,,
0,215626,Grp. A5 B6 (100% C11),703,0.0,0.127,0.0,0.0,0.0,0.0,0.0,0.0,0.01,388419.28,1,12.869840653714164,,,
1,215621,Grp. A5 B6 (100% C11),703,0.0,0.141,0.0,0.0,0.0,0.0,0.0,0.0,0.01,1597273.1,1,14.283808420717188,,,
2,215616,Grp. A5 B6 (100% C11),703,0.0,0.142,0.0,0.0,0.0,0.0,0.0,0.0,0.01,1752214.1,1,14.37639074620862,,,
0,215627,Grp. A5 B6 (100% C11),704,0.0,0.127,0.0,0.0,0.0,0.0,0.0,0.0,0.01,142935.16,1,11.870146379839705,,,
1,215622,Grp. A5 B6 (100% C11),704,0.0,0.141,0.0,0.0,0.0,0.0,0.0,0.0,0.01,642861.9,1,13.373685205657855,,,
2,215617,Grp. A5 B6 (100% C11),704,0.0,0.142,0.0,0.0,0.0,0.0,0.0,0.0,0.01,705034.5,1,13.466002016767284,,,
0,215628,Grp. A5 B6 (100% C11),715,0.0,0.127,0.0,0.0,0.0,0.0,0.0,0.0,0.01,701589.94,1,13.461104381282807,,,
1,215623,Grp. A5 B6 (100% C11),715,0.0,0.141,0.0,0.0,0.0,0.0,0.0,0.0,0.01,2715327.5,1,14.814423130226437,,,
2,215618,Grp. A5 B6 (100% C11),715,0.0,0.142,0.0,0.0,0.0,0.0,0.0,0.0,0.01,2970656.2,1,14.904293429135567,,,
0,215629,Grp. A5 B6 (100% C11),721,0.0,0.127,0.0,0.0,0.0,0.0,0.0,0.0,0.01,30817.326,1,10.335832343267121,,,
1,215624,Grp. A5 B6 (100% C11),721,0.0,0.141,0.0,0.0,0.0,0.0,0.0,0.0,0.01,268802.25,1,12.501731258131812,,,
2,215619,Grp. A5 B6 (100% C11),721,0.0,0.142,0.0,0.0,0.0,0.0,0.0,0.0,0.01,302442.2,1,12.619645463815832,,,
